14:15:21.404 [main] INFO  c.browserstack.BrowserStackJavaAgent - Selenium version detected - 4.6.0
14:15:21.404 [main] INFO  c.browserstack.BrowserStackJavaAgent - Appium version detected - 8.2.1
14:15:21.486 [main] DEBUG c.b.config.BrowserStackConfig - Cli Config passed - {basedir=/Users/nithyamani/Desktop/TechProjects/Demo/DemoTestngSDK, browserstack.config=browserstack-android.yml, user.dir=/Users/nithyamani/Desktop/TechProjects/Demo/DemoTestngSDK, localrepository=/Users/nithyamani/.m2/repository}
14:15:21.486 [main] INFO  c.browserstack.utils.UtilityMethods - BrowserStack Yml Detected : /Users/nithyamani/Desktop/TechProjects/Demo/DemoTestngSDK/browserstack-android.yml
14:15:21.509 [main] INFO  c.b.config.BrowserStackConfig - Detected Framework testng
14:15:21.624 [main] INFO  c.browserstack.BrowserStackJavaAgent - uploading app ./src/test/resources/WikipediaSample.apk to browserstack
14:15:25.826 [main] DEBUG com.browserstack.v2.SdkCliUtils - File /Users/nithyamani/.browserstack already exist
14:15:25.831 [main] DEBUG com.browserstack.v2.SdkCliUtils - Current CLI Path Found: /Users/nithyamani/.browserstack/cli/binary-macos-x64
14:15:31.089 [main] DEBUG com.browserstack.v2.SdkCliUtils - Resolved binary path: /Users/nithyamani/.browserstack/cli/binary-macos-x64
14:15:31.132 [main] INFO  c.browserstack.BrowserStackJavaAgent - app upload response: {"app_url":"bs:\/\/ab4ef2728d55a1407af120d11574fed602946647"}
14:15:31.133 [main] INFO  c.browserstack.BrowserStackJavaAgent - Using app: [-bs://ab4ef2728d55a1407af120d11574fed602946647]
14:15:31.133 [main] INFO  c.browserstack.BrowserStackJavaAgent - Framework set to testng
14:15:31.134 [main] INFO  c.browserstack.BrowserStackJavaAgent - SDK run started with id: b383a9a7-f55b-4dcb-86f3-c88ba049b9d6
14:15:31.134 [main] INFO  c.b.config.BrowserStackConfig - INFO
14:15:31.144 [main] DEBUG com.browserstack.v2.SdkCLI - startMain: main-process starting
14:15:31.144 [main] INFO  com.browserstack.v2.SdkCLI - spawning command='/Users/nithyamani/.browserstack/cli/binary-macos-x64' 'sdk' 'tcp'
14:15:32.337 [ForkJoinPool.commonPool-worker-1] INFO  com.browserstack.v2.SdkCLI - loadCLIParams: start binSessionId=90894a6b-422c-4e2f-877a-7644390b6149 listenAddress=127.0.0.1:5400
14:15:32.337 [main] DEBUG com.browserstack.v2.SdkCLI - startMain: main-process started
14:15:32.337 [main] DEBUG com.browserstack.v2.SdkCLI - startMain: main-process connecting {port=5400, listen=127.0.0.1:5400, id=90894a6b-422c-4e2f-877a-7644390b6149}
14:15:32.338 [main] INFO  c.browserstack.utils.UtilityMethods - BrowserStack Yml Detected : /Users/nithyamani/Desktop/TechProjects/Demo/DemoTestngSDK/browserstack-android.yml
14:15:32.371 [main] DEBUG com.browserstack.v2.SdkCliUtils - File /Users/nithyamani/.browserstack already exist
14:15:55.471 [main] DEBUG com.browserstack.v2.SdkCLI - start-bin-session=bin_session_id: "90894a6b-422c-4e2f-877a-7644390b6149"
config: "{\"userName\":\"nithyamani3\",\"accessKey\":\"zQxNpUZ5pLuExoGFY68v\",\"projectName\":\"Demo SDK Appium Android\",\"buildName\":\"browserstack-testng-appium-suite 2.6.0\",\"buildIdentifier\":\"#1\",\"framework\":\"testng\",\"source\":\"testng:appium-sample-sdk:v1.0\",\"app\":\"bs://ab4ef2728d55a1407af120d11574fed602946647\",\"platforms\":[{\"platformName\":\"android\",\"deviceName\":\"Samsung Galaxy M52\",\"platformVersion\":11},{\"deviceName\":\"Samsung Galaxy S21\",\"osVersion\":11,\"platformName\":\"android\"},{\"deviceName\":\"Samsung Galaxy A51\",\"osVersion\":10,\"platformName\":\"android\"}],\"parallelsPerPlatform\":1,\"appProfiling\":true,\"browserstackLocal\":false,\"appiumVersion\":\"2.6.0\",\"debug\":false,\"networkLogs\":true,\"consoleLogs\":\"errors\",\"interactiveDebugging\":true,\"percy\":true,\"percyCaptureMode\":\"auto\",\"testOrchestrationOptions\":{\"retryTestsOnFailure\":{\"enabled\":true,\"maxRetries\":2}},\"testObservability\":true,\"accessibility\":false,\"browserstackAutomation\":true,\"selfHeal\":false,\"disableAutoCaptureLogs\":false,\"testhub\":true,\"testContextOptions\":{\"skipSessionStatus\":false,\"skipSessionName\":false},\"browserStackLocalOptions\":{\"key\":\"zQxNpUZ5pLuExoGFY68v\",\"skipBinaryInitialisation\":false}}"
testhub {
  jwt: "eyJhbGciOiJIUzI1NiJ9.eyJpc3MiOiJicm93c2Vyc3RhY2tfb2IiLCJzdWIiOiIzNzE0MzA4IiwiZ3JvdXBfaWQiOjM2NjcxMTYsInVzZXJfaWQiOjM3MTQzMDgsImJ1aWxkX2hhc2hlZF9pZCI6Im82eGoza25pY2lid3N3a2d3ZG5hZ3lvYTBncGt0Z3I2aHU4YWQ0YnciLCJwcm9qZWN0X25hbWUiOiJEZW1vIFNESyBBcHBpdW0gQW5kcm9pZCIsImhvb2tfYXNfdGVzdCI6IjEiLCJidWlsZF9uYW1lIjoiYnJvd3NlcnN0YWNrLXRlc3RuZy1hcHBpdW0tc3VpdGUiLCJwcm9kdWN0X21hcCI6IntcIm9ic2VydmFiaWxpdHlcIjp0cnVlLFwib3JpZ2luRnJvbVByb2R1Y3RNYXBcIjpcIkFwcEF1dG9tYXRlXCIsXCJic3RhY2tBdXRvbWF0aW9uXCI6dHJ1ZSxcInByb2R1Y3RGaWx0ZXJTb3VyY2VcIjp0cnVlLFwiY2FkXCI6dHJ1ZSxcImFjY2Vzc2liaWxpdHlBdXRvRW5hYmxlZFwiOnRydWUsXCJhcHBfYXV0b21hdGVcIjp0cnVlfSIsImdycl9yZWdpb24iOiIiLCJpc19sb3dfdm9sdW1lIjpmYWxzZSwic2lnbmluZ19rZXlfaGFzaCI6IjM3YzExMzFlNGIyZTc0M2M3NjZlMWQ3MGJmNWYyYjU3ZGM2OWIxOTVkMzAwZTMyYWU4ZDAyMzEyMGE0YTZkOTciLCJpYXQiOjE3NDQ5NjU5MzMsImV4cCI6MTc0NTMxMTUzM30.oG9md6CukNbMAa1aVnUBSBsa3AgjTzQxSEpKYfYHxdI"
  build_hashed_id: "o6xj3knicibwswkgwdnagyoa0gpktgr6hu8ad4bw"
  testhub_events: true
}
observability {
  success: true
  options {
  }
}
session_framework: "selenium"

14:15:55.479 [main] DEBUG com.browserstack.v2.SdkCLI - startChild: child-process connecting
14:15:55.845 [main] DEBUG com.browserstack.v2.SdkCLI - connect-bin-session=bin_session_id: "90894a6b-422c-4e2f-877a-7644390b6149"
config: "{\"userName\":\"nithyamani3\",\"accessKey\":\"zQxNpUZ5pLuExoGFY68v\",\"projectName\":\"Demo SDK Appium Android\",\"buildName\":\"browserstack-testng-appium-suite 2.6.0\",\"buildIdentifier\":\"#1\",\"framework\":\"testng\",\"source\":\"testng:appium-sample-sdk:v1.0\",\"app\":\"bs://ab4ef2728d55a1407af120d11574fed602946647\",\"platforms\":[{\"platformName\":\"android\",\"deviceName\":\"Samsung Galaxy M52\",\"platformVersion\":11},{\"deviceName\":\"Samsung Galaxy S21\",\"osVersion\":11,\"platformName\":\"android\"},{\"deviceName\":\"Samsung Galaxy A51\",\"osVersion\":10,\"platformName\":\"android\"}],\"parallelsPerPlatform\":1,\"appProfiling\":true,\"browserstackLocal\":false,\"appiumVersion\":\"2.6.0\",\"debug\":false,\"networkLogs\":true,\"consoleLogs\":\"errors\",\"interactiveDebugging\":true,\"percy\":true,\"percyCaptureMode\":\"auto\",\"testOrchestrationOptions\":{\"retryTestsOnFailure\":{\"enabled\":true,\"maxRetries\":2}},\"testObservability\":true,\"accessibility\":false,\"browserstackAutomation\":true,\"selfHeal\":false,\"disableAutoCaptureLogs\":false,\"testhub\":true,\"testContextOptions\":{\"skipSessionStatus\":false,\"skipSessionName\":false},\"browserStackLocalOptions\":{\"key\":\"zQxNpUZ5pLuExoGFY68v\",\"skipBinaryInitialisation\":false},\"hubUrl\":\"https://hub-aps.browserstack.com/wd/hub\"}"
testhub {
  jwt: "eyJhbGciOiJIUzI1NiJ9.eyJpc3MiOiJicm93c2Vyc3RhY2tfb2IiLCJzdWIiOiIzNzE0MzA4IiwiZ3JvdXBfaWQiOjM2NjcxMTYsInVzZXJfaWQiOjM3MTQzMDgsImJ1aWxkX2hhc2hlZF9pZCI6Im82eGoza25pY2lid3N3a2d3ZG5hZ3lvYTBncGt0Z3I2aHU4YWQ0YnciLCJwcm9qZWN0X25hbWUiOiJEZW1vIFNESyBBcHBpdW0gQW5kcm9pZCIsImhvb2tfYXNfdGVzdCI6IjEiLCJidWlsZF9uYW1lIjoiYnJvd3NlcnN0YWNrLXRlc3RuZy1hcHBpdW0tc3VpdGUiLCJwcm9kdWN0X21hcCI6IntcIm9ic2VydmFiaWxpdHlcIjp0cnVlLFwib3JpZ2luRnJvbVByb2R1Y3RNYXBcIjpcIkFwcEF1dG9tYXRlXCIsXCJic3RhY2tBdXRvbWF0aW9uXCI6dHJ1ZSxcInByb2R1Y3RGaWx0ZXJTb3VyY2VcIjp0cnVlLFwiY2FkXCI6dHJ1ZSxcImFjY2Vzc2liaWxpdHlBdXRvRW5hYmxlZFwiOnRydWUsXCJhcHBfYXV0b21hdGVcIjp0cnVlfSIsImdycl9yZWdpb24iOiIiLCJpc19sb3dfdm9sdW1lIjpmYWxzZSwic2lnbmluZ19rZXlfaGFzaCI6IjM3YzExMzFlNGIyZTc0M2M3NjZlMWQ3MGJmNWYyYjU3ZGM2OWIxOTVkMzAwZTMyYWU4ZDAyMzEyMGE0YTZkOTciLCJpYXQiOjE3NDQ5NjU5MzMsImV4cCI6MTc0NTMxMTUzM30.oG9md6CukNbMAa1aVnUBSBsa3AgjTzQxSEpKYfYHxdI"
  build_hashed_id: "o6xj3knicibwswkgwdnagyoa0gpktgr6hu8ad4bw"
  testhub_events: true
}
observability {
  success: true
  options {
  }
}
percy {
  success: true
  percy_capture_mode: "auto"
  percy_build_id: "39936443"
}
session_framework: "selenium"
test_orchestration {
  retry_tests_on_failure {
    enabled: true
    max_retries: 2
  }
}

14:15:55.847 [main] INFO  com.browserstack.v2.SdkCLI - loadBinResponse: Loading modules as per LoadBinResponse=bin_session_id: "90894a6b-422c-4e2f-877a-7644390b6149"
config: "{\"userName\":\"nithyamani3\",\"accessKey\":\"zQxNpUZ5pLuExoGFY68v\",\"projectName\":\"Demo SDK Appium Android\",\"buildName\":\"browserstack-testng-appium-suite 2.6.0\",\"buildIdentifier\":\"#1\",\"framework\":\"testng\",\"source\":\"testng:appium-sample-sdk:v1.0\",\"app\":\"bs://ab4ef2728d55a1407af120d11574fed602946647\",\"platforms\":[{\"platformName\":\"android\",\"deviceName\":\"Samsung Galaxy M52\",\"platformVersion\":11},{\"deviceName\":\"Samsung Galaxy S21\",\"osVersion\":11,\"platformName\":\"android\"},{\"deviceName\":\"Samsung Galaxy A51\",\"osVersion\":10,\"platformName\":\"android\"}],\"parallelsPerPlatform\":1,\"appProfiling\":true,\"browserstackLocal\":false,\"appiumVersion\":\"2.6.0\",\"debug\":false,\"networkLogs\":true,\"consoleLogs\":\"errors\",\"interactiveDebugging\":true,\"percy\":true,\"percyCaptureMode\":\"auto\",\"testOrchestrationOptions\":{\"retryTestsOnFailure\":{\"enabled\":true,\"maxRetries\":2}},\"testObservability\":true,\"accessibility\":false,\"browserstackAutomation\":true,\"selfHeal\":false,\"disableAutoCaptureLogs\":false,\"testhub\":true,\"testContextOptions\":{\"skipSessionStatus\":false,\"skipSessionName\":false},\"browserStackLocalOptions\":{\"key\":\"zQxNpUZ5pLuExoGFY68v\",\"skipBinaryInitialisation\":false},\"hubUrl\":\"https://hub-aps.browserstack.com/wd/hub\"}"
testhub {
  jwt: "eyJhbGciOiJIUzI1NiJ9.eyJpc3MiOiJicm93c2Vyc3RhY2tfb2IiLCJzdWIiOiIzNzE0MzA4IiwiZ3JvdXBfaWQiOjM2NjcxMTYsInVzZXJfaWQiOjM3MTQzMDgsImJ1aWxkX2hhc2hlZF9pZCI6Im82eGoza25pY2lid3N3a2d3ZG5hZ3lvYTBncGt0Z3I2aHU4YWQ0YnciLCJwcm9qZWN0X25hbWUiOiJEZW1vIFNESyBBcHBpdW0gQW5kcm9pZCIsImhvb2tfYXNfdGVzdCI6IjEiLCJidWlsZF9uYW1lIjoiYnJvd3NlcnN0YWNrLXRlc3RuZy1hcHBpdW0tc3VpdGUiLCJwcm9kdWN0X21hcCI6IntcIm9ic2VydmFiaWxpdHlcIjp0cnVlLFwib3JpZ2luRnJvbVByb2R1Y3RNYXBcIjpcIkFwcEF1dG9tYXRlXCIsXCJic3RhY2tBdXRvbWF0aW9uXCI6dHJ1ZSxcInByb2R1Y3RGaWx0ZXJTb3VyY2VcIjp0cnVlLFwiY2FkXCI6dHJ1ZSxcImFjY2Vzc2liaWxpdHlBdXRvRW5hYmxlZFwiOnRydWUsXCJhcHBfYXV0b21hdGVcIjp0cnVlfSIsImdycl9yZWdpb24iOiIiLCJpc19sb3dfdm9sdW1lIjpmYWxzZSwic2lnbmluZ19rZXlfaGFzaCI6IjM3YzExMzFlNGIyZTc0M2M3NjZlMWQ3MGJmNWYyYjU3ZGM2OWIxOTVkMzAwZTMyYWU4ZDAyMzEyMGE0YTZkOTciLCJpYXQiOjE3NDQ5NjU5MzMsImV4cCI6MTc0NTMxMTUzM30.oG9md6CukNbMAa1aVnUBSBsa3AgjTzQxSEpKYfYHxdI"
  build_hashed_id: "o6xj3knicibwswkgwdnagyoa0gpktgr6hu8ad4bw"
  testhub_events: true
}
observability {
  success: true
  options {
  }
}
percy {
  success: true
  percy_capture_mode: "auto"
  percy_build_id: "39936443"
}
session_framework: "selenium"
test_orchestration {
  retry_tests_on_failure {
    enabled: true
    max_retries: 2
  }
}

14:15:55.856 [main] DEBUG com.browserstack.v2.SdkCLI - loadBinResponse: configured module=WebdriverModule & 90894a6b-422c-4e2f-877a-7644390b6149
14:15:55.856 [main] DEBUG com.browserstack.v2.SdkCLI - loadBinResponse: configured module=ObservabilityModule & 90894a6b-422c-4e2f-877a-7644390b6149
14:15:55.856 [main] DEBUG com.browserstack.v2.SdkCLI - loadBinResponse: configured module=TestHubModule & 90894a6b-422c-4e2f-877a-7644390b6149
14:15:55.856 [main] DEBUG com.browserstack.v2.SdkCLI - loadBinResponse: configured module=PercyModule & 90894a6b-422c-4e2f-877a-7644390b6149
14:15:55.859 [main] INFO  com.browserstack.v2.SdkCLI - startChild: child-process connected
14:15:55.863 [main] INFO  com.browserstack.v2.SdkCLI - startMain: main-process connected
14:15:58.188 [main] INFO  c.browserstack.BrowserStackJavaAgent - Project and debug logs are captured by default. To disable, set disableAutoCaptureLogs: true in config.
14:15:58.199 [main] INFO  com.browserstack.testOps.Listener - onStart: CLI is active
14:15:58.421 [main] DEBUG com.browserstack.v2.SdkCLI - Setting up testng framework
14:15:58.422 [main] DEBUG com.browserstack.v2.SdkCLI - Setting up selenium framework
14:15:58.529 [main] INFO  com.browserstack.testOps.Listener - logCreated: CLI is active
14:15:58.529 [main] INFO  com.browserstack.testOps.Listener - logCreated: CLI is active
14:15:58.530 [main] INFO  com.browserstack.testOps.Listener - logCreated: CLI is active
14:15:58.530 [main] INFO  com.browserstack.testOps.Listener - logCreated: CLI is active
14:15:58.530 [main] INFO  com.browserstack.testOps.Listener - logCreated: CLI is active
14:15:58.531 [main] INFO  com.browserstack.testOps.Listener - logCreated: CLI is active
14:15:58.531 [main] INFO  com.browserstack.testOps.Listener - logCreated: CLI is active
14:15:58.531 [main] INFO  com.browserstack.testOps.Listener - logCreated: CLI is active
14:15:58.531 [main] INFO  com.browserstack.testOps.Listener - logCreated: CLI is active
14:15:58.531 [main] INFO  com.browserstack.testOps.Listener - logCreated: CLI is active
14:15:58.533 [main] INFO  com.browserstack.testOps.Listener - logCreated: CLI is active
14:15:58.533 [main] INFO  com.browserstack.testOps.Listener - logCreated: CLI is active
14:15:58.533 [main] INFO  com.browserstack.testOps.Listener - logCreated: CLI is active
14:15:58.533 [main] INFO  com.browserstack.testOps.Listener - logCreated: CLI is active
14:15:58.533 [main] INFO  com.browserstack.testOps.Listener - logCreated: CLI is active
14:15:58.539 [main] INFO  com.browserstack.testOps.Listener - logCreated: CLI is active
14:15:58.539 [main] INFO  com.browserstack.testOps.Listener - logCreated: CLI is active
14:15:58.539 [main] INFO  com.browserstack.testOps.Listener - logCreated: CLI is active
14:15:58.539 [main] INFO  com.browserstack.testOps.Listener - logCreated: CLI is active
14:15:58.539 [main] INFO  com.browserstack.testOps.Listener - logCreated: CLI is active
14:15:58.540 [main] INFO  com.browserstack.testOps.Listener - logCreated: CLI is active
14:15:58.540 [main] INFO  com.browserstack.testOps.Listener - logCreated: CLI is active
14:15:58.540 [main] INFO  com.browserstack.testOps.Listener - logCreated: CLI is active
14:15:58.540 [main] INFO  com.browserstack.testOps.Listener - logCreated: CLI is active
14:15:58.540 [main] INFO  com.browserstack.testOps.Listener - logCreated: CLI is active
14:15:58.541 [main] INFO  com.browserstack.testOps.Listener - logCreated: CLI is active
14:15:58.542 [main] INFO  com.browserstack.testOps.Listener - logCreated: CLI is active
14:15:58.542 [main] INFO  com.browserstack.testOps.Listener - logCreated: CLI is active
14:15:58.542 [main] INFO  com.browserstack.testOps.Listener - logCreated: CLI is active
14:15:58.542 [main] INFO  com.browserstack.testOps.Listener - logCreated: CLI is active
14:15:58.545 [main] INFO  com.browserstack.testOps.Listener - logCreated: CLI is active
14:15:58.545 [main] INFO  com.browserstack.testOps.Listener - logCreated: CLI is active
14:15:58.545 [main] INFO  com.browserstack.testOps.Listener - logCreated: CLI is active
14:15:58.545 [main] INFO  com.browserstack.testOps.Listener - logCreated: CLI is active
14:15:58.545 [main] INFO  com.browserstack.testOps.Listener - logCreated: CLI is active
14:15:58.545 [main] INFO  com.browserstack.testOps.Listener - logCreated: CLI is active
14:15:58.545 [main] INFO  com.browserstack.testOps.Listener - logCreated: CLI is active
14:15:58.545 [main] INFO  com.browserstack.testOps.Listener - logCreated: CLI is active
14:15:58.545 [main] INFO  com.browserstack.testOps.Listener - logCreated: CLI is active
14:15:58.545 [main] INFO  com.browserstack.testOps.Listener - logCreated: CLI is active
14:15:58.546 [main] INFO  com.browserstack.testOps.Listener - logCreated: CLI is active
14:15:58.546 [main] INFO  com.browserstack.testOps.Listener - logCreated: CLI is active
14:15:58.546 [main] INFO  com.browserstack.testOps.Listener - logCreated: CLI is active
14:15:58.546 [main] INFO  com.browserstack.testOps.Listener - logCreated: CLI is active
14:15:58.546 [main] INFO  com.browserstack.testOps.Listener - logCreated: CLI is active
14:15:58.559 [TestNG-tests-1] INFO  c.b.v2.framework.TestNgFramework - trackTestNgTest: saved instance contextId=-507621420 target=AndroidTest-0@0 instances=[-507621420]
14:15:58.559 [TestNG-tests-3] INFO  c.b.v2.framework.TestNgFramework - trackTestNgTest: saved instance contextId=-507619496 target=AndroidTest-2@2 instances=[-507619496, -507620458, -507621420]
14:15:58.559 [TestNG-tests-1] INFO  c.b.v2.framework.TestNgFramework - trackEvent: found instance, testFrameworkState=TestFrameworkState.INIT_TEST hookState=HookState.PRE instance=-507621420
14:15:58.559 [TestNG-tests-2] INFO  c.b.v2.framework.TestNgFramework - trackTestNgTest: saved instance contextId=-507620458 target=AndroidTest-1@1 instances=[-507620458, -507621420]
14:15:58.559 [TestNG-tests-3] INFO  c.b.v2.framework.TestNgFramework - trackEvent: found instance, testFrameworkState=TestFrameworkState.INIT_TEST hookState=HookState.PRE instance=-507619496
14:15:58.559 [TestNG-tests-1] INFO  c.b.v2.framework.TestNgFramework - trackEvent: loaded instance, testFrameworkState=TestFrameworkState.INIT_TEST hookState=HookState.PRE instance=-507621420
14:15:58.559 [TestNG-tests-2] INFO  c.b.v2.framework.TestNgFramework - trackEvent: found instance, testFrameworkState=TestFrameworkState.INIT_TEST hookState=HookState.PRE instance=-507620458
14:15:58.559 [TestNG-tests-3] INFO  c.b.v2.framework.TestNgFramework - trackEvent: loaded instance, testFrameworkState=TestFrameworkState.INIT_TEST hookState=HookState.PRE instance=-507619496
14:15:58.559 [TestNG-tests-2] INFO  c.b.v2.framework.TestNgFramework - trackEvent: loaded instance, testFrameworkState=TestFrameworkState.INIT_TEST hookState=HookState.PRE instance=-507620458
14:15:58.571 [AndroidTest-0@0] INFO  c.b.v2.framework.TestNgFramework - trackEvent: found instance, testFrameworkState=TestFrameworkState.BEFORE_METHOD hookState=HookState.PRE instance=-507621420
14:15:58.571 [AndroidTest-1@1] INFO  c.b.v2.framework.TestNgFramework - trackEvent: found instance, testFrameworkState=TestFrameworkState.BEFORE_METHOD hookState=HookState.PRE instance=-507620458
14:15:58.571 [AndroidTest-2@2] INFO  c.b.v2.framework.TestNgFramework - trackEvent: found instance, testFrameworkState=TestFrameworkState.BEFORE_METHOD hookState=HookState.PRE instance=-507619496
14:15:58.571 [AndroidTest-1@1] INFO  c.b.v2.framework.TestNgFramework - trackEvent: loaded common test data, testFrameworkState=TestFrameworkState.BEFORE_METHOD hookState=HookState.PRE instance=-507620458
14:15:58.571 [AndroidTest-0@0] INFO  c.b.v2.framework.TestNgFramework - trackEvent: loaded common test data, testFrameworkState=TestFrameworkState.BEFORE_METHOD hookState=HookState.PRE instance=-507621420
14:15:58.571 [AndroidTest-0@0] INFO  c.b.v2.framework.TestNgFramework - trackEvent: track hook events
14:15:58.571 [AndroidTest-1@1] INFO  c.b.v2.framework.TestNgFramework - trackEvent: track hook events
14:15:58.571 [AndroidTest-2@2] INFO  c.b.v2.framework.TestNgFramework - trackEvent: loaded common test data, testFrameworkState=TestFrameworkState.BEFORE_METHOD hookState=HookState.PRE instance=-507619496
14:15:58.571 [AndroidTest-2@2] INFO  c.b.v2.framework.TestNgFramework - trackEvent: track hook events
14:15:58.636 [AndroidTest-2@2] INFO  c.b.v2.framework.TestNgFramework - args CHECK = [TestResult name=setUp status=STARTED method=AndroidBaseTest.setUp()[pri:0, instance:app.android.AndroidTest@7ff35a3f] output={null}]
14:15:58.636 [AndroidTest-0@0] INFO  c.b.v2.framework.TestNgFramework - args CHECK = [TestResult name=setUp status=STARTED method=AndroidBaseTest.setUp()[pri:0, instance:app.android.AndroidTest@fcc6023] output={null}]
14:15:58.636 [AndroidTest-1@1] INFO  c.b.v2.framework.TestNgFramework - args CHECK = [TestResult name=setUp status=STARTED method=AndroidBaseTest.setUp()[pri:0, instance:app.android.AndroidTest@433348bc] output={null}]
14:15:58.637 [AndroidTest-2@2] INFO  c.b.v2.framework.TestNgFramework - Hook Started in PRE key = BEFORE_METHOD & hook = {hook_name=setUp, hook_result=pending, test_file_path=DemoTestngSDK/src/test/java/app/android/AndroidTest.java, event_started_at=2025-04-18T14:15:58.637472, hook_id=6b924531-7a01-44e7-bfe5-20b906aedc56, hook_logs=[], key=BEFORE_METHOD, custom_metadata={}, test_location=DemoTestngSDK/src/test/java/app/android/AndroidTest.java}  and args = [[TestResult name=setUp status=STARTED method=AndroidBaseTest.setUp()[pri:0, instance:app.android.AndroidTest@7ff35a3f] output={null}], AndroidBaseTest.setUp()[pri:0, instance:app.android.AndroidTest@7ff35a3f]]
14:15:58.637 [AndroidTest-1@1] INFO  c.b.v2.framework.TestNgFramework - Hook Started in PRE key = BEFORE_METHOD & hook = {hook_name=setUp, hook_result=pending, test_file_path=DemoTestngSDK/src/test/java/app/android/AndroidTest.java, event_started_at=2025-04-18T14:15:58.637475, hook_id=74ded321-d93c-4f9b-bae7-2ce2551f3217, hook_logs=[], key=BEFORE_METHOD, custom_metadata={}, test_location=DemoTestngSDK/src/test/java/app/android/AndroidTest.java}  and args = [[TestResult name=setUp status=STARTED method=AndroidBaseTest.setUp()[pri:0, instance:app.android.AndroidTest@433348bc] output={null}], AndroidBaseTest.setUp()[pri:0, instance:app.android.AndroidTest@433348bc]]
14:15:58.637 [AndroidTest-0@0] INFO  c.b.v2.framework.TestNgFramework - Hook Started in PRE key = BEFORE_METHOD & hook = {hook_name=setUp, hook_result=pending, test_file_path=DemoTestngSDK/src/test/java/app/android/AndroidTest.java, event_started_at=2025-04-18T14:15:58.637472, hook_id=3839a1c8-43c3-465c-8307-9c076730948c, hook_logs=[], key=BEFORE_METHOD, custom_metadata={}, test_location=DemoTestngSDK/src/test/java/app/android/AndroidTest.java}  and args = [[TestResult name=setUp status=STARTED method=AndroidBaseTest.setUp()[pri:0, instance:app.android.AndroidTest@fcc6023] output={null}], AndroidBaseTest.setUp()[pri:0, instance:app.android.AndroidTest@fcc6023]]
14:15:58.637 [AndroidTest-1@1] INFO  c.b.v2.framework.TestNgFramework - trackHookEvents: hook state=BEFORE_METHOD.HookState.PRE , hooks started={BEFORE_METHOD=[{hook_name=setUp, hook_result=pending, test_file_path=DemoTestngSDK/src/test/java/app/android/AndroidTest.java, event_started_at=2025-04-18T14:15:58.637475, hook_id=74ded321-d93c-4f9b-bae7-2ce2551f3217, hook_logs=[], key=BEFORE_METHOD, custom_metadata={}, test_location=DemoTestngSDK/src/test/java/app/android/AndroidTest.java}]} , hooks finished={BEFORE_METHOD=[]}
14:15:58.637 [AndroidTest-2@2] INFO  c.b.v2.framework.TestNgFramework - trackHookEvents: hook state=BEFORE_METHOD.HookState.PRE , hooks started={BEFORE_METHOD=[{hook_name=setUp, hook_result=pending, test_file_path=DemoTestngSDK/src/test/java/app/android/AndroidTest.java, event_started_at=2025-04-18T14:15:58.637472, hook_id=6b924531-7a01-44e7-bfe5-20b906aedc56, hook_logs=[], key=BEFORE_METHOD, custom_metadata={}, test_location=DemoTestngSDK/src/test/java/app/android/AndroidTest.java}]} , hooks finished={BEFORE_METHOD=[]}
14:15:58.638 [AndroidTest-0@0] INFO  c.b.v2.framework.TestNgFramework - trackHookEvents: hook state=BEFORE_METHOD.HookState.PRE , hooks started={BEFORE_METHOD=[{hook_name=setUp, hook_result=pending, test_file_path=DemoTestngSDK/src/test/java/app/android/AndroidTest.java, event_started_at=2025-04-18T14:15:58.637472, hook_id=3839a1c8-43c3-465c-8307-9c076730948c, hook_logs=[], key=BEFORE_METHOD, custom_metadata={}, test_location=DemoTestngSDK/src/test/java/app/android/AndroidTest.java}]} , hooks finished={BEFORE_METHOD=[]}
14:15:58.654 [AndroidTest-0@0] INFO  c.b.v2.module.TestHubModule - sendTestFrameworkEvent: event=com.browserstack.v2.eventBus.Event@7e5befe4, response=success: true

14:15:58.654 [AndroidTest-1@1] INFO  c.b.v2.module.TestHubModule - sendTestFrameworkEvent: event=com.browserstack.v2.eventBus.Event@66cf02ba, response=success: true

14:15:58.654 [AndroidTest-2@2] INFO  c.b.v2.module.TestHubModule - sendTestFrameworkEvent: event=com.browserstack.v2.eventBus.Event@5a5fd215, response=success: true

14:15:58.702 [setUp@0] INFO  c.b.v2.framework.TestNgFramework - trackEvent: found instance, testFrameworkState=TestFrameworkState.LOG hookState=HookState.PRE instance=-507621420
14:15:58.702 [setUp@0] INFO  c.b.v2.framework.TestNgFramework - trackEvent: load log entries
14:15:58.712 [setUp@0] INFO  c.b.v2.module.TestHubModule - sendLogCreatedEvent: event=com.browserstack.v2.eventBus.Event@55ba0a82, response=success: true

14:15:58.712 [setUp@0] INFO  c.b.v2.module.TestHubModule - sendLogCreatedEvent: event=com.browserstack.v2.eventBus.Event@55ba0a82
14:15:58.862 [setUp@0] INFO  c.b.v2.framework.SeleniumFramework - trackSeleniumTest: saved instance contextId=725869654 target=9903:54 instances=[725869654, 725869656]
14:15:58.862 [setUp@2] INFO  c.b.v2.framework.SeleniumFramework - trackSeleniumTest: saved instance contextId=725869656 target=9903:56 instances=[725869656]
14:15:58.862 [setUp@1] INFO  c.b.v2.framework.SeleniumFramework - trackSeleniumTest: saved instance contextId=725869655 target=9903:55 instances=[725869655, 725869654, 725869656]
14:15:58.863 [setUp@0] INFO  c.b.v2.module.WebdriverModule - onBeforeDriverCreate: event=com.browserstack.v2.eventBus.Event@49f646b
14:15:58.863 [setUp@2] INFO  c.b.v2.module.WebdriverModule - onBeforeDriverCreate: event=com.browserstack.v2.eventBus.Event@6880e117
14:15:58.863 [setUp@1] INFO  c.b.v2.module.WebdriverModule - onBeforeDriverCreate: event=com.browserstack.v2.eventBus.Event@5363a07e
14:15:58.901 [setUp@0] INFO  c.b.v2.module.WebdriverModule - beforeCommandExecute: event=com.browserstack.v2.eventBus.Event@3b57272
14:15:58.901 [setUp@2] INFO  c.b.v2.module.WebdriverModule - beforeCommandExecute: event=com.browserstack.v2.eventBus.Event@15240176
14:15:58.903 [setUp@1] INFO  c.b.v2.module.WebdriverModule - beforeCommandExecute: event=com.browserstack.v2.eventBus.Event@271b2f38
14:15:58.904 [setUp@0] INFO  c.browserstack.v2.module.PercyModule - onPreExecute: event=com.browserstack.v2.eventBus.Event@3b57272 {hook=PRE, instance=com.browserstack.v2.instance.AutomationFrameworkInstance@4322346b, frameworkState=EXECUTE, arguments=[Ljava.lang.Object;@3c840ed7, command=[null, newSession {capabilities=[{appium:app=bs://ab4ef2728d55a1407af120d11574fed602946647, bstack:options={userName=nithyamani3, accessKey=zQxNpUZ5pLuExoGFY68v, projectName=Demo SDK Appium Android, buildName=browserstack-testng-appium-suite 2.6.0, buildIdentifier=#1, source=testng:appium-sample-sdk:v1.0, appProfiling=true, appiumVersion=2.6.0, debug=false, networkLogs=true, consoleLogs=errors, interactiveDebugging=true, platformName=android, hostName=NithyaMani-X7PQL3QXY5, browserstackSDK=TestNG-javaagent/1.32.2, buildProductMap={observability=true, accessibility=false, percy=true, automate=false, app_automate=true}, platformVersion=11, deviceName=Samsung Galaxy M52, useW3C=true, accessibilityOptions={}, testhubBuildUuid=o6xj3knicibwswkgwdnagyoa0gpktgr6hu8ad4bw}}], desiredCapabilities=Capabilities {appium:app: bs://ab4ef2728d55a1407af120..., bstack:options: {accessKey: zQxNpUZ5pLuExoGFY68v, accessibilityOptions: {}, appProfiling: true, appiumVersion: 2.6.0, browserstackSDK: TestNG-javaagent/1.32.2, buildIdentifier: #1, buildName: browserstack-testng-appium-..., buildProductMap: {accessibility: false, app_automate: true, automate: false, observability: true, percy: true}, consoleLogs: errors, debug: false, deviceName: Samsung Galaxy M52, hostName: NithyaMani-X7PQL3QXY5, interactiveDebugging: true, networkLogs: true, platformName: android, platformVersion: 11, projectName: Demo SDK Appium Android, source: testng:appium-sample-sdk:v1.0, testhubBuildUuid: o6xj3knicibwswkgwdnagyoa0gp..., useW3C: true, userName: nithyamani3}}}]}
14:15:58.904 [setUp@2] INFO  c.browserstack.v2.module.PercyModule - onPreExecute: event=com.browserstack.v2.eventBus.Event@15240176 {hook=PRE, instance=com.browserstack.v2.instance.AutomationFrameworkInstance@71f479c6, frameworkState=EXECUTE, arguments=[Ljava.lang.Object;@3bd68631, command=[null, newSession {capabilities=[{appium:app=bs://ab4ef2728d55a1407af120d11574fed602946647, bstack:options={userName=nithyamani3, accessKey=zQxNpUZ5pLuExoGFY68v, projectName=Demo SDK Appium Android, buildName=browserstack-testng-appium-suite 2.6.0, buildIdentifier=#1, source=testng:appium-sample-sdk:v1.0, appProfiling=true, appiumVersion=2.6.0, debug=false, networkLogs=true, consoleLogs=errors, interactiveDebugging=true, osVersion=10, platformName=android, hostName=NithyaMani-X7PQL3QXY5, browserstackSDK=TestNG-javaagent/1.32.2, buildProductMap={observability=true, accessibility=false, percy=true, automate=false, app_automate=true}, deviceName=Samsung Galaxy A51, useW3C=true, accessibilityOptions={}, testhubBuildUuid=o6xj3knicibwswkgwdnagyoa0gpktgr6hu8ad4bw}}], desiredCapabilities=Capabilities {appium:app: bs://ab4ef2728d55a1407af120..., bstack:options: {accessKey: zQxNpUZ5pLuExoGFY68v, accessibilityOptions: {}, appProfiling: true, appiumVersion: 2.6.0, browserstackSDK: TestNG-javaagent/1.32.2, buildIdentifier: #1, buildName: browserstack-testng-appium-..., buildProductMap: {accessibility: false, app_automate: true, automate: false, observability: true, percy: true}, consoleLogs: errors, debug: false, deviceName: Samsung Galaxy A51, hostName: NithyaMani-X7PQL3QXY5, interactiveDebugging: true, networkLogs: true, osVersion: 10, platformName: android, projectName: Demo SDK Appium Android, source: testng:appium-sample-sdk:v1.0, testhubBuildUuid: o6xj3knicibwswkgwdnagyoa0gp..., useW3C: true, userName: nithyamani3}}}]}
14:15:58.904 [setUp@1] INFO  c.browserstack.v2.module.PercyModule - onPreExecute: event=com.browserstack.v2.eventBus.Event@271b2f38 {hook=PRE, instance=com.browserstack.v2.instance.AutomationFrameworkInstance@3eedcac1, frameworkState=EXECUTE, arguments=[Ljava.lang.Object;@51eb9932, command=[null, newSession {capabilities=[{appium:app=bs://ab4ef2728d55a1407af120d11574fed602946647, bstack:options={userName=nithyamani3, accessKey=zQxNpUZ5pLuExoGFY68v, projectName=Demo SDK Appium Android, buildName=browserstack-testng-appium-suite 2.6.0, buildIdentifier=#1, source=testng:appium-sample-sdk:v1.0, appProfiling=true, appiumVersion=2.6.0, debug=false, networkLogs=true, consoleLogs=errors, interactiveDebugging=true, osVersion=11, platformName=android, hostName=NithyaMani-X7PQL3QXY5, browserstackSDK=TestNG-javaagent/1.32.2, buildProductMap={observability=true, accessibility=false, percy=true, automate=false, app_automate=true}, deviceName=Samsung Galaxy S21, useW3C=true, accessibilityOptions={}, testhubBuildUuid=o6xj3knicibwswkgwdnagyoa0gpktgr6hu8ad4bw}}], desiredCapabilities=Capabilities {appium:app: bs://ab4ef2728d55a1407af120..., bstack:options: {accessKey: zQxNpUZ5pLuExoGFY68v, accessibilityOptions: {}, appProfiling: true, appiumVersion: 2.6.0, browserstackSDK: TestNG-javaagent/1.32.2, buildIdentifier: #1, buildName: browserstack-testng-appium-..., buildProductMap: {accessibility: false, app_automate: true, automate: false, observability: true, percy: true}, consoleLogs: errors, debug: false, deviceName: Samsung Galaxy S21, hostName: NithyaMani-X7PQL3QXY5, interactiveDebugging: true, networkLogs: true, osVersion: 11, platformName: android, projectName: Demo SDK Appium Android, source: testng:appium-sample-sdk:v1.0, testhubBuildUuid: o6xj3knicibwswkgwdnagyoa0gp..., useW3C: true, userName: nithyamani3}}}]}
14:16:00.374 [setUp@0] INFO  c.b.v2.module.WebdriverModule - afterCommandExecute: event=com.browserstack.v2.eventBus.Event@7daae77a
14:16:00.374 [setUp@0] INFO  c.b.v2.module.WebdriverModule - onDriverQuit: event=com.browserstack.v2.eventBus.Event@32a4b728
14:16:00.380 [setUp@0] INFO  c.b.v2.framework.TestNgFramework - trackEvent: found instance, testFrameworkState=TestFrameworkState.BEFORE_METHOD hookState=HookState.POST instance=-507621420
14:16:00.380 [setUp@0] INFO  c.b.v2.framework.TestNgFramework - trackEvent: loaded common test data, testFrameworkState=TestFrameworkState.BEFORE_METHOD hookState=HookState.POST instance=-507621420
14:16:00.380 [setUp@0] INFO  c.b.v2.framework.TestNgFramework - trackEvent: track hook events
14:16:00.395 [setUp@0] INFO  c.b.v2.framework.TestNgFramework - args CHECK = [TestResult name=setUp status=FAILURE method=AndroidBaseTest.setUp()[pri:0, instance:app.android.AndroidTest@fcc6023] output={null}]
14:16:00.395 [setUp@0] INFO  c.b.v2.framework.TestNgFramework - Hook List in Post [{hook_name=setUp, hook_result=pending, test_file_path=DemoTestngSDK/src/test/java/app/android/AndroidTest.java, event_started_at=2025-04-18T14:15:58.637472, hook_id=3839a1c8-43c3-465c-8307-9c076730948c, hook_logs=[], key=BEFORE_METHOD, custom_metadata={}, test_location=DemoTestngSDK/src/test/java/app/android/AndroidTest.java}] and args = [[TestResult name=setUp status=FAILURE method=AndroidBaseTest.setUp()[pri:0, instance:app.android.AndroidTest@fcc6023] output={null}], AndroidBaseTest.setUp()[pri:0, instance:app.android.AndroidTest@fcc6023]]
14:16:00.395 [setUp@0] INFO  c.b.v2.framework.TestNgFramework - Processing HookLevel attachments from directory: /Users/nithyamani/.browserstack/UploadedAttachments-54/HookLevel
14:16:00.395 [setUp@0] INFO  c.b.v2.framework.TestNgFramework - Checking hookLevelFiles: []
14:16:00.395 [setUp@0] INFO  c.b.v2.framework.TestNgFramework - checking Paths of files = /Users/nithyamani/.browserstack/UploadedAttachments-54/HookLevel/BuildLevelHookEvent and abs path = /Users/nithyamani/.browserstack/UploadedAttachments-54/HookLevel/BuildLevelHookEvent 
14:16:00.395 [setUp@0] INFO  c.b.v2.framework.TestNgFramework - Processing BuildLevelHookEvent attachments from directory: /Users/nithyamani/.browserstack/UploadedAttachments-54/HookLevel/BuildLevelHookEvent
14:16:00.395 [setUp@0] INFO  c.b.v2.framework.TestNgFramework - Processing TestLevel attachments eventLogs: []
14:16:00.395 [setUp@0] INFO  c.b.v2.framework.TestNgFramework - sendLogCreatedEvent: No Log Events to send
14:16:00.395 [setUp@0] INFO  c.b.v2.framework.TestNgFramework - trackHookEvents: hook state=BEFORE_METHOD.HookState.POST , hooks started={BEFORE_METHOD=[]} , hooks finished={BEFORE_METHOD=[{hook_name=setUp, hook_result=failed, test_file_path=DemoTestngSDK/src/test/java/app/android/AndroidTest.java, event_started_at=2025-04-18T14:15:58.637472, hook_id=3839a1c8-43c3-465c-8307-9c076730948c, hook_logs=[], logs=[], key=BEFORE_METHOD, custom_metadata={}, event_ended_at=2025-04-18T14:16:00.395516, test_location=DemoTestngSDK/src/test/java/app/android/AndroidTest.java}]}
14:16:00.407 [setUp@0] INFO  c.b.v2.module.TestHubModule - sendTestFrameworkEvent: event=com.browserstack.v2.eventBus.Event@64c4a6f2, response=success: true

14:16:00.413 [setUp@0] INFO  c.b.v2.framework.TestNgFramework - trackEvent: found instance, testFrameworkState=TestFrameworkState.TEST hookState=HookState.PRE instance=-507621420
14:16:00.423 [setUp@0] INFO  c.b.v2.framework.TestNgFramework - trackEvent: loaded initial test data to instance, testFrameworkState=TestFrameworkState.TEST hookState=HookState.PRE instance=-507621420
14:16:00.423 [setUp@0] INFO  c.b.v2.module.WebdriverModule - onBeforeTest: event=com.browserstack.v2.eventBus.Event@482bc0c4
14:16:00.435 [setUp@0] INFO  c.b.v2.module.TestHubModule - sendTestFrameworkEvent: event=com.browserstack.v2.eventBus.Event@482bc0c4, response=success: true

14:16:00.437 [setUp@0] INFO  c.b.v2.module.ObservabilityModule - onBeforeTest: event={instance=com.browserstack.v2.instance.TestFrameworkInstance@33df7d13, testFrameworkState=TestFrameworkState.TEST, testInstance=com.browserstack.v2.instance.TestFrameworkInstance@33df7d13, hookState=HookState.PRE}
14:16:00.437 [setUp@0] INFO  c.b.v2.module.ObservabilityModule - performO11ySync: Performing O11y Sync
14:16:00.438 [wikiAppTest@0] INFO  c.b.v2.framework.TestNgFramework - trackEvent: found instance, testFrameworkState=TestFrameworkState.LOG_REPORT hookState=HookState.PRE instance=-507621420
14:16:00.438 [wikiAppTest@0] INFO  c.b.v2.framework.TestNgFramework - trackEvent: found instance, testFrameworkState=TestFrameworkState.LOG_REPORT hookState=HookState.POST instance=-507621420
14:16:00.438 [wikiAppTest@0] INFO  c.b.v2.framework.TestNgFramework - trackEvent: load test results
14:16:00.438 [wikiAppTest@0] INFO  c.b.v2.framework.TestNgFramework - trackEvent: found instance, testFrameworkState=TestFrameworkState.TEST hookState=HookState.POST instance=-507621420
14:16:00.439 [wikiAppTest@0] INFO  c.b.v2.module.WebdriverModule - onAfterTest: event=com.browserstack.v2.eventBus.Event@57016558
14:16:00.745 [wikiAppTest@0] ERROR c.b.utils.SeleniumMethodUtils - Done for sessionid 
14:16:01.051 [wikiAppTest@0] INFO  c.b.v2.module.TestHubModule - onAfterTest: event={com.browserstack.v2.eventBus.Event@57016558}
14:16:01.082 [wikiAppTest@0] INFO  c.b.v2.module.TestHubModule - sendTestFrameworkEvent: event=com.browserstack.v2.eventBus.Event@57016558, response=success: true

14:16:01.083 [wikiAppTest@0] INFO  c.browserstack.v2.module.PercyModule - onPostExecute: event=com.browserstack.v2.eventBus.Event@57016558
14:16:01.084 [wikiAppTest@0] INFO  c.b.v2.framework.TestNgFramework - trackEvent: found instance, testFrameworkState=TestFrameworkState.AFTER_METHOD hookState=HookState.PRE instance=-507621420
14:16:01.084 [wikiAppTest@0] INFO  c.b.v2.framework.TestNgFramework - trackEvent: track hook events
14:16:01.098 [wikiAppTest@0] INFO  c.b.v2.framework.TestNgFramework - args CHECK = [TestResult name=tearDown status=STARTED method=AndroidBaseTest.tearDown()[pri:0, instance:app.android.AndroidTest@fcc6023] output={null}]
14:16:01.098 [wikiAppTest@0] INFO  c.b.v2.framework.TestNgFramework - Hook Started in PRE key = AFTER_METHOD & hook = {hook_name=tearDown, hook_result=pending, test_file_path=DemoTestngSDK/src/test/java/app/android/AndroidTest.java, event_started_at=2025-04-18T14:16:01.098235, hook_id=a78c68b5-c443-4c57-8633-f41f8154348d, hook_logs=[], key=AFTER_METHOD, custom_metadata={}, test_location=DemoTestngSDK/src/test/java/app/android/AndroidTest.java}  and args = [[TestResult name=tearDown status=STARTED method=AndroidBaseTest.tearDown()[pri:0, instance:app.android.AndroidTest@fcc6023] output={null}], AndroidBaseTest.tearDown()[pri:0, instance:app.android.AndroidTest@fcc6023]]
14:16:01.098 [wikiAppTest@0] INFO  c.b.v2.framework.TestNgFramework - trackHookEvents: hook state=AFTER_METHOD.HookState.PRE , hooks started={BEFORE_METHOD=[], AFTER_METHOD=[{hook_name=tearDown, hook_result=pending, test_file_path=DemoTestngSDK/src/test/java/app/android/AndroidTest.java, event_started_at=2025-04-18T14:16:01.098235, hook_id=a78c68b5-c443-4c57-8633-f41f8154348d, hook_logs=[], key=AFTER_METHOD, custom_metadata={}, test_location=DemoTestngSDK/src/test/java/app/android/AndroidTest.java}]} , hooks finished={BEFORE_METHOD=[{hook_name=setUp, hook_result=failed, test_file_path=DemoTestngSDK/src/test/java/app/android/AndroidTest.java, event_started_at=2025-04-18T14:15:58.637472, hook_id=3839a1c8-43c3-465c-8307-9c076730948c, hook_logs=[], logs=[], key=BEFORE_METHOD, custom_metadata={}, event_ended_at=2025-04-18T14:16:00.395516, test_location=DemoTestngSDK/src/test/java/app/android/AndroidTest.java}], AFTER_METHOD=[]}
14:16:01.106 [wikiAppTest@0] INFO  c.b.v2.module.TestHubModule - sendTestFrameworkEvent: event=com.browserstack.v2.eventBus.Event@382042df, response=success: true

14:16:01.108 [tearDown@0] INFO  c.b.v2.framework.TestNgFramework - trackEvent: found instance, testFrameworkState=TestFrameworkState.AFTER_METHOD hookState=HookState.POST instance=-507621420
14:16:01.108 [tearDown@0] INFO  c.b.v2.framework.TestNgFramework - trackEvent: track hook events
14:16:01.119 [tearDown@0] INFO  c.b.v2.framework.TestNgFramework - args CHECK = [TestResult name=tearDown status=FAILURE method=AndroidBaseTest.tearDown()[pri:0, instance:app.android.AndroidTest@fcc6023] output={null}]
14:16:01.119 [tearDown@0] INFO  c.b.v2.framework.TestNgFramework - Hook List in Post [{hook_name=tearDown, hook_result=pending, test_file_path=DemoTestngSDK/src/test/java/app/android/AndroidTest.java, event_started_at=2025-04-18T14:16:01.098235, hook_id=a78c68b5-c443-4c57-8633-f41f8154348d, hook_logs=[], key=AFTER_METHOD, custom_metadata={}, test_location=DemoTestngSDK/src/test/java/app/android/AndroidTest.java}] and args = [[TestResult name=tearDown status=FAILURE method=AndroidBaseTest.tearDown()[pri:0, instance:app.android.AndroidTest@fcc6023] output={null}], AndroidBaseTest.tearDown()[pri:0, instance:app.android.AndroidTest@fcc6023]]
14:16:01.119 [tearDown@0] INFO  c.b.v2.framework.TestNgFramework - Processing HookLevel attachments from directory: /Users/nithyamani/.browserstack/UploadedAttachments-54/HookLevel
14:16:01.119 [tearDown@0] INFO  c.b.v2.framework.TestNgFramework - Checking hookLevelFiles: []
14:16:01.119 [tearDown@0] INFO  c.b.v2.framework.TestNgFramework - checking Paths of files = /Users/nithyamani/.browserstack/UploadedAttachments-54/HookLevel/BuildLevelHookEvent and abs path = /Users/nithyamani/.browserstack/UploadedAttachments-54/HookLevel/BuildLevelHookEvent 
14:16:01.119 [tearDown@0] INFO  c.b.v2.framework.TestNgFramework - Processing BuildLevelHookEvent attachments from directory: /Users/nithyamani/.browserstack/UploadedAttachments-54/HookLevel/BuildLevelHookEvent
14:16:01.119 [tearDown@0] INFO  c.b.v2.framework.TestNgFramework - Processing TestLevel attachments eventLogs: []
14:16:01.119 [tearDown@0] INFO  c.b.v2.framework.TestNgFramework - sendLogCreatedEvent: No Log Events to send
14:16:01.119 [tearDown@0] INFO  c.b.v2.framework.TestNgFramework - trackHookEvents: hook state=AFTER_METHOD.HookState.POST , hooks started={BEFORE_METHOD=[], AFTER_METHOD=[]} , hooks finished={BEFORE_METHOD=[{hook_name=setUp, hook_result=failed, test_file_path=DemoTestngSDK/src/test/java/app/android/AndroidTest.java, event_started_at=2025-04-18T14:15:58.637472, hook_id=3839a1c8-43c3-465c-8307-9c076730948c, hook_logs=[], logs=[], key=BEFORE_METHOD, custom_metadata={}, event_ended_at=2025-04-18T14:16:00.395516, test_location=DemoTestngSDK/src/test/java/app/android/AndroidTest.java}], AFTER_METHOD=[{hook_name=tearDown, hook_result=failed, test_file_path=DemoTestngSDK/src/test/java/app/android/AndroidTest.java, event_started_at=2025-04-18T14:16:01.098235, hook_id=a78c68b5-c443-4c57-8633-f41f8154348d, hook_logs=[], logs=[], key=AFTER_METHOD, custom_metadata={}, event_ended_at=2025-04-18T14:16:01.119384, test_location=DemoTestngSDK/src/test/java/app/android/AndroidTest.java}]}
14:16:01.131 [tearDown@0] INFO  c.b.v2.module.TestHubModule - sendTestFrameworkEvent: event=com.browserstack.v2.eventBus.Event@4d81cc05, response=success: true

14:16:22.808 [setUp@1] INFO  c.b.v2.module.WebdriverModule - afterCommandExecute: event=com.browserstack.v2.eventBus.Event@2e5eaac6
14:16:22.821 [setUp@1] INFO  c.b.v2.framework.SeleniumFramework - trackSeleniumTest: saved instance contextId=725869655 target=9903:55 instances=[725869655, 725869654, 725869656]
14:16:22.821 [setUp@1] INFO  c.b.v2.module.WebdriverModule - onDriverCreated: event=com.browserstack.v2.eventBus.Event@32ad8d69
14:16:22.821 [setUp@1] INFO  c.b.v2.module.WebdriverModule - Found session id=11c97f2233cf31f1b36c7cbdd8d567900579bb55 for instance=com.browserstack.v2.instance.AutomationFrameworkInstance@3eedcac1
14:16:22.822 [setUp@1] INFO  c.b.v2.module.WebdriverModule - Driver added successfully to automationFramework
14:16:22.854 [setUp@1] INFO  c.b.v2.framework.TestNgFramework - trackEvent: found instance, testFrameworkState=TestFrameworkState.BEFORE_METHOD hookState=HookState.POST instance=-507620458
14:16:22.854 [setUp@1] INFO  c.b.v2.framework.TestNgFramework - trackEvent: loaded common test data, testFrameworkState=TestFrameworkState.BEFORE_METHOD hookState=HookState.POST instance=-507620458
14:16:22.854 [setUp@1] INFO  c.b.v2.framework.TestNgFramework - trackEvent: track hook events
14:16:22.869 [setUp@1] INFO  c.b.v2.framework.TestNgFramework - args CHECK = [TestResult name=setUp status=SUCCESS method=AndroidBaseTest.setUp()[pri:0, instance:app.android.AndroidTest@433348bc] output={null}]
14:16:22.869 [setUp@1] INFO  c.b.v2.framework.TestNgFramework - Hook List in Post [{hook_name=setUp, hook_result=pending, test_file_path=DemoTestngSDK/src/test/java/app/android/AndroidTest.java, event_started_at=2025-04-18T14:15:58.637475, hook_id=74ded321-d93c-4f9b-bae7-2ce2551f3217, hook_logs=[], key=BEFORE_METHOD, custom_metadata={}, test_location=DemoTestngSDK/src/test/java/app/android/AndroidTest.java}] and args = [[TestResult name=setUp status=SUCCESS method=AndroidBaseTest.setUp()[pri:0, instance:app.android.AndroidTest@433348bc] output={null}], AndroidBaseTest.setUp()[pri:0, instance:app.android.AndroidTest@433348bc]]
14:16:22.869 [setUp@1] INFO  c.b.v2.framework.TestNgFramework - Processing HookLevel attachments from directory: /Users/nithyamani/.browserstack/UploadedAttachments-55/HookLevel
14:16:22.869 [setUp@1] INFO  c.b.v2.framework.TestNgFramework - Checking hookLevelFiles: []
14:16:22.869 [setUp@1] INFO  c.b.v2.framework.TestNgFramework - checking Paths of files = /Users/nithyamani/.browserstack/UploadedAttachments-55/HookLevel/BuildLevelHookEvent and abs path = /Users/nithyamani/.browserstack/UploadedAttachments-55/HookLevel/BuildLevelHookEvent 
14:16:22.870 [setUp@1] INFO  c.b.v2.framework.TestNgFramework - Processing BuildLevelHookEvent attachments from directory: /Users/nithyamani/.browserstack/UploadedAttachments-55/HookLevel/BuildLevelHookEvent
14:16:22.870 [setUp@1] INFO  c.b.v2.framework.TestNgFramework - Processing TestLevel attachments eventLogs: []
14:16:22.870 [setUp@1] INFO  c.b.v2.framework.TestNgFramework - sendLogCreatedEvent: No Log Events to send
14:16:22.870 [setUp@1] INFO  c.b.v2.framework.TestNgFramework - trackHookEvents: hook state=BEFORE_METHOD.HookState.POST , hooks started={BEFORE_METHOD=[]} , hooks finished={BEFORE_METHOD=[{hook_name=setUp, hook_result=passed, test_file_path=DemoTestngSDK/src/test/java/app/android/AndroidTest.java, event_started_at=2025-04-18T14:15:58.637475, hook_id=74ded321-d93c-4f9b-bae7-2ce2551f3217, hook_logs=[], logs=[], key=BEFORE_METHOD, custom_metadata={}, event_ended_at=2025-04-18T14:16:22.869647, test_location=DemoTestngSDK/src/test/java/app/android/AndroidTest.java}]}
14:16:22.875 [setUp@1] INFO  c.b.v2.module.TestHubModule - sendTestFrameworkEvent: event=com.browserstack.v2.eventBus.Event@22c9fa49, response=success: true

14:16:22.878 [setUp@1] INFO  c.b.v2.framework.TestNgFramework - trackEvent: found instance, testFrameworkState=TestFrameworkState.TEST hookState=HookState.PRE instance=-507620458
14:16:22.888 [setUp@1] INFO  c.b.v2.framework.TestNgFramework - trackEvent: loaded initial test data to instance, testFrameworkState=TestFrameworkState.TEST hookState=HookState.PRE instance=-507620458
14:16:22.888 [setUp@1] INFO  c.b.v2.module.WebdriverModule - onBeforeTest: event=com.browserstack.v2.eventBus.Event@7e1eb43b
14:16:22.900 [setUp@1] INFO  c.b.v2.module.TestHubModule - sendTestFrameworkEvent: event=com.browserstack.v2.eventBus.Event@7e1eb43b, response=success: true

14:16:22.902 [setUp@1] INFO  c.b.v2.module.ObservabilityModule - onBeforeTest: event={instance=com.browserstack.v2.instance.TestFrameworkInstance@19623203, testFrameworkState=TestFrameworkState.TEST, testInstance=com.browserstack.v2.instance.TestFrameworkInstance@19623203, hookState=HookState.PRE}
14:16:22.902 [setUp@1] INFO  c.b.v2.module.ObservabilityModule - performO11ySync: Performing O11y Sync
14:16:22.950 [wikiAppTest@1] INFO  c.b.v2.module.WebdriverModule - beforeCommandExecute: event=com.browserstack.v2.eventBus.Event@7a67c5bc
14:16:22.950 [wikiAppTest@1] INFO  c.browserstack.v2.module.PercyModule - onPreExecute: event=com.browserstack.v2.eventBus.Event@7a67c5bc {hook=PRE, instance=com.browserstack.v2.instance.AutomationFrameworkInstance@3eedcac1, frameworkState=EXECUTE, arguments=[Ljava.lang.Object;@10c4a7bc, command=[11c97f2233cf31f1b36c7cbdd8d567900579bb55, findElement {using=accessibility id, value=Search Wikipedia}]}
14:16:23.382 [wikiAppTest@1] INFO  c.b.v2.module.WebdriverModule - afterCommandExecute: event=com.browserstack.v2.eventBus.Event@b705bfe
14:16:23.397 [wikiAppTest@1] INFO  c.b.v2.module.WebdriverModule - beforeCommandExecute: event=com.browserstack.v2.eventBus.Event@6771a6e8
14:16:23.397 [wikiAppTest@1] INFO  c.browserstack.v2.module.PercyModule - onPreExecute: event=com.browserstack.v2.eventBus.Event@6771a6e8 {hook=PRE, instance=com.browserstack.v2.instance.AutomationFrameworkInstance@3eedcac1, frameworkState=EXECUTE, arguments=[Ljava.lang.Object;@7eaa4fa, command=[11c97f2233cf31f1b36c7cbdd8d567900579bb55, isElementDisplayed {id=00000000-0000-0382-ffff-ffff00000036}]}
14:16:23.454 [wikiAppTest@1] INFO  c.b.v2.module.WebdriverModule - afterCommandExecute: event=com.browserstack.v2.eventBus.Event@79f00540
14:16:23.466 [wikiAppTest@1] INFO  c.b.v2.module.WebdriverModule - beforeCommandExecute: event=com.browserstack.v2.eventBus.Event@39db7b79
14:16:23.466 [wikiAppTest@1] INFO  c.browserstack.v2.module.PercyModule - onPreExecute: event=com.browserstack.v2.eventBus.Event@39db7b79 {hook=PRE, instance=com.browserstack.v2.instance.AutomationFrameworkInstance@3eedcac1, frameworkState=EXECUTE, arguments=[Ljava.lang.Object;@6b8a3d48, command=[11c97f2233cf31f1b36c7cbdd8d567900579bb55, isElementEnabled {id=00000000-0000-0382-ffff-ffff00000036}]}
14:16:24.231 [wikiAppTest@1] INFO  c.b.v2.module.WebdriverModule - afterCommandExecute: event=com.browserstack.v2.eventBus.Event@1229ff7c
14:16:24.239 [wikiAppTest@1] INFO  c.b.v2.module.WebdriverModule - beforeCommandExecute: event=com.browserstack.v2.eventBus.Event@4737dbf7
14:16:24.239 [wikiAppTest@1] INFO  c.browserstack.v2.module.PercyModule - onPreExecute: event=com.browserstack.v2.eventBus.Event@4737dbf7 {hook=PRE, instance=com.browserstack.v2.instance.AutomationFrameworkInstance@3eedcac1, frameworkState=EXECUTE, arguments=[Ljava.lang.Object;@7dedce24, command=[11c97f2233cf31f1b36c7cbdd8d567900579bb55, clickElement {id=00000000-0000-0382-ffff-ffff00000036}]}
14:16:24.417 [wikiAppTest@1] INFO  c.b.v2.module.WebdriverModule - afterCommandExecute: event=com.browserstack.v2.eventBus.Event@70a7b9cd
14:16:24.428 [wikiAppTest@1] INFO  c.b.v2.module.WebdriverModule - beforeCommandExecute: event=com.browserstack.v2.eventBus.Event@6e793280
14:16:24.429 [wikiAppTest@1] INFO  c.browserstack.v2.module.PercyModule - onPreExecute: event=com.browserstack.v2.eventBus.Event@6e793280 {hook=PRE, instance=com.browserstack.v2.instance.AutomationFrameworkInstance@3eedcac1, frameworkState=EXECUTE, arguments=[Ljava.lang.Object;@235d9753, command=[11c97f2233cf31f1b36c7cbdd8d567900579bb55, findElement {using=id, value=org.wikipedia.alpha:id/search_src_text}]}
14:16:25.528 [wikiAppTest@1] INFO  c.b.v2.module.WebdriverModule - afterCommandExecute: event=com.browserstack.v2.eventBus.Event@45c34924
14:16:25.535 [wikiAppTest@1] INFO  c.b.v2.module.WebdriverModule - beforeCommandExecute: event=com.browserstack.v2.eventBus.Event@65e72464
14:16:25.535 [wikiAppTest@1] INFO  c.browserstack.v2.module.PercyModule - onPreExecute: event=com.browserstack.v2.eventBus.Event@65e72464 {hook=PRE, instance=com.browserstack.v2.instance.AutomationFrameworkInstance@3eedcac1, frameworkState=EXECUTE, arguments=[Ljava.lang.Object;@3070f8d9, command=[11c97f2233cf31f1b36c7cbdd8d567900579bb55, isElementDisplayed {id=00000000-0000-0382-ffff-ffff000000a2}]}
14:16:25.610 [wikiAppTest@1] INFO  c.b.v2.module.WebdriverModule - afterCommandExecute: event=com.browserstack.v2.eventBus.Event@6f250d9a
14:16:25.616 [wikiAppTest@1] INFO  c.b.v2.module.WebdriverModule - beforeCommandExecute: event=com.browserstack.v2.eventBus.Event@2ac7f6fc
14:16:25.616 [wikiAppTest@1] INFO  c.browserstack.v2.module.PercyModule - onPreExecute: event=com.browserstack.v2.eventBus.Event@2ac7f6fc {hook=PRE, instance=com.browserstack.v2.instance.AutomationFrameworkInstance@3eedcac1, frameworkState=EXECUTE, arguments=[Ljava.lang.Object;@1d46754d, command=[11c97f2233cf31f1b36c7cbdd8d567900579bb55, isElementEnabled {id=00000000-0000-0382-ffff-ffff000000a2}]}
14:16:25.683 [wikiAppTest@1] INFO  c.b.v2.module.WebdriverModule - afterCommandExecute: event=com.browserstack.v2.eventBus.Event@5a48e2a2
14:16:25.825 [wikiAppTest@1] INFO  c.b.v2.framework.TestNgFramework - trackEvent: found instance, testFrameworkState=TestFrameworkState.LOG hookState=HookState.PRE instance=-507620458
14:16:25.825 [wikiAppTest@1] INFO  c.b.v2.framework.TestNgFramework - trackEvent: load log entries
14:16:25.830 [wikiAppTest@1] INFO  c.b.v2.module.TestHubModule - sendLogCreatedEvent: event=com.browserstack.v2.eventBus.Event@162dd146, response=success: true

14:16:25.831 [wikiAppTest@1] INFO  c.b.v2.module.TestHubModule - sendLogCreatedEvent: event=com.browserstack.v2.eventBus.Event@162dd146
14:16:25.870 [wikiAppTest@1] INFO  c.b.v2.framework.TestNgFramework - trackEvent: found instance, testFrameworkState=TestFrameworkState.LOG hookState=HookState.PRE instance=-507620458
14:16:25.870 [wikiAppTest@1] INFO  c.b.v2.framework.TestNgFramework - trackEvent: load log entries
14:16:25.876 [wikiAppTest@1] INFO  c.b.v2.module.TestHubModule - sendLogCreatedEvent: event=com.browserstack.v2.eventBus.Event@627cc770, response=success: true

14:16:25.876 [wikiAppTest@1] INFO  c.b.v2.module.TestHubModule - sendLogCreatedEvent: event=com.browserstack.v2.eventBus.Event@627cc770
14:16:25.881 [wikiAppTest@1] INFO  c.b.v2.module.WebdriverModule - beforeCommandExecute: event=com.browserstack.v2.eventBus.Event@417787b0
14:16:25.881 [wikiAppTest@1] INFO  c.browserstack.v2.module.PercyModule - onPreExecute: event=com.browserstack.v2.eventBus.Event@417787b0 {hook=PRE, instance=com.browserstack.v2.instance.AutomationFrameworkInstance@3eedcac1, frameworkState=EXECUTE, arguments=[Ljava.lang.Object;@7ff2683f, command=[11c97f2233cf31f1b36c7cbdd8d567900579bb55, sendKeysToElement {id=00000000-0000-0382-ffff-ffff000000a2, value=[Ljava.lang.CharSequence;@5df893f2}]}
14:16:26.631 [wikiAppTest@1] INFO  c.b.v2.module.WebdriverModule - afterCommandExecute: event=com.browserstack.v2.eventBus.Event@1f1475ad
14:16:31.651 [wikiAppTest@1] INFO  c.b.v2.module.WebdriverModule - beforeCommandExecute: event=com.browserstack.v2.eventBus.Event@58161c70
14:16:31.651 [wikiAppTest@1] INFO  c.browserstack.v2.module.PercyModule - onPreExecute: event=com.browserstack.v2.eventBus.Event@58161c70 {hook=PRE, instance=com.browserstack.v2.instance.AutomationFrameworkInstance@3eedcac1, frameworkState=EXECUTE, arguments=[Ljava.lang.Object;@7110ca9, command=[11c97f2233cf31f1b36c7cbdd8d567900579bb55, findElements {using=class name, value=android.widget.TextView}]}
14:16:31.823 [wikiAppTest@1] INFO  c.b.v2.module.WebdriverModule - afterCommandExecute: event=com.browserstack.v2.eventBus.Event@892b744
14:16:31.845 [wikiAppTest@1] INFO  c.b.v2.framework.TestNgFramework - trackEvent: found instance, testFrameworkState=TestFrameworkState.LOG_REPORT hookState=HookState.PRE instance=-507620458
14:16:31.845 [wikiAppTest@1] INFO  c.b.v2.framework.TestNgFramework - trackEvent: found instance, testFrameworkState=TestFrameworkState.LOG_REPORT hookState=HookState.POST instance=-507620458
14:16:31.845 [wikiAppTest@1] INFO  c.b.v2.framework.TestNgFramework - trackEvent: load test results
14:16:31.846 [wikiAppTest@1] INFO  c.b.v2.framework.TestNgFramework - trackEvent: found instance, testFrameworkState=TestFrameworkState.TEST hookState=HookState.POST instance=-507620458
14:16:31.846 [wikiAppTest@1] INFO  c.b.v2.module.WebdriverModule - onAfterTest: event=com.browserstack.v2.eventBus.Event@29d1039d
14:16:32.217 [wikiAppTest@1] ERROR c.b.utils.SeleniumMethodUtils - Done for sessionid 11c97f2233cf31f1b36c7cbdd8d567900579bb55
14:16:33.191 [wikiAppTest@1] INFO  c.b.v2.module.TestHubModule - onAfterTest: event={com.browserstack.v2.eventBus.Event@29d1039d}
14:16:33.200 [setUp@2] INFO  c.b.v2.module.WebdriverModule - afterCommandExecute: event=com.browserstack.v2.eventBus.Event@18350d07
14:16:33.200 [setUp@2] INFO  c.b.v2.framework.SeleniumFramework - trackSeleniumTest: saved instance contextId=725869656 target=9903:56 instances=[725869655, 725869654, 725869656]
14:16:33.201 [setUp@2] INFO  c.b.v2.module.WebdriverModule - onDriverCreated: event=com.browserstack.v2.eventBus.Event@6616b4b3
14:16:33.201 [setUp@2] INFO  c.b.v2.module.WebdriverModule - Found session id=f0c2fecf360d15b93b28a2d5b452ac86aa29db04 for instance=com.browserstack.v2.instance.AutomationFrameworkInstance@71f479c6
14:16:33.201 [setUp@2] INFO  c.b.v2.module.WebdriverModule - Driver added successfully to automationFramework
14:16:33.235 [wikiAppTest@1] INFO  c.b.v2.module.TestHubModule - sendTestSessionEvent: event=com.browserstack.v2.eventBus.Event@29d1039d, response=success: true

14:16:33.237 [setUp@2] INFO  c.b.v2.framework.TestNgFramework - trackEvent: found instance, testFrameworkState=TestFrameworkState.BEFORE_METHOD hookState=HookState.POST instance=-507619496
14:16:33.237 [setUp@2] INFO  c.b.v2.framework.TestNgFramework - trackEvent: loaded common test data, testFrameworkState=TestFrameworkState.BEFORE_METHOD hookState=HookState.POST instance=-507619496
14:16:33.237 [setUp@2] INFO  c.b.v2.framework.TestNgFramework - trackEvent: track hook events
14:16:33.243 [wikiAppTest@1] INFO  c.b.v2.module.TestHubModule - sendTestFrameworkEvent: event=com.browserstack.v2.eventBus.Event@29d1039d, response=success: true

14:16:33.244 [wikiAppTest@1] INFO  c.browserstack.v2.module.PercyModule - onPostExecute: event=com.browserstack.v2.eventBus.Event@29d1039d
14:16:33.244 [wikiAppTest@1] INFO  c.b.v2.framework.TestNgFramework - trackEvent: found instance, testFrameworkState=TestFrameworkState.LOG_REPORT hookState=HookState.PRE instance=-507620458
14:16:33.245 [wikiAppTest@1] INFO  c.b.v2.framework.TestNgFramework - trackEvent: found instance, testFrameworkState=TestFrameworkState.LOG_REPORT hookState=HookState.POST instance=-507620458
14:16:33.245 [wikiAppTest@1] INFO  c.b.v2.framework.TestNgFramework - trackEvent: load test results
14:16:33.245 [wikiAppTest@1] INFO  c.b.v2.framework.TestNgFramework - trackEvent: found instance, testFrameworkState=TestFrameworkState.TEST hookState=HookState.POST instance=-507620458
14:16:33.245 [wikiAppTest@1] INFO  c.b.v2.module.WebdriverModule - onAfterTest: event=com.browserstack.v2.eventBus.Event@2cbdc7
14:16:33.258 [setUp@2] INFO  c.b.v2.framework.TestNgFramework - args CHECK = [TestResult name=setUp status=SUCCESS method=AndroidBaseTest.setUp()[pri:0, instance:app.android.AndroidTest@7ff35a3f] output={null}]
14:16:33.258 [setUp@2] INFO  c.b.v2.framework.TestNgFramework - Hook List in Post [{hook_name=setUp, hook_result=pending, test_file_path=DemoTestngSDK/src/test/java/app/android/AndroidTest.java, event_started_at=2025-04-18T14:15:58.637472, hook_id=6b924531-7a01-44e7-bfe5-20b906aedc56, hook_logs=[], key=BEFORE_METHOD, custom_metadata={}, test_location=DemoTestngSDK/src/test/java/app/android/AndroidTest.java}] and args = [[TestResult name=setUp status=SUCCESS method=AndroidBaseTest.setUp()[pri:0, instance:app.android.AndroidTest@7ff35a3f] output={null}], AndroidBaseTest.setUp()[pri:0, instance:app.android.AndroidTest@7ff35a3f]]
14:16:33.258 [setUp@2] INFO  c.b.v2.framework.TestNgFramework - Processing HookLevel attachments from directory: /Users/nithyamani/.browserstack/UploadedAttachments-56/HookLevel
14:16:33.258 [setUp@2] INFO  c.b.v2.framework.TestNgFramework - Checking hookLevelFiles: []
14:16:33.258 [setUp@2] INFO  c.b.v2.framework.TestNgFramework - checking Paths of files = /Users/nithyamani/.browserstack/UploadedAttachments-56/HookLevel/BuildLevelHookEvent and abs path = /Users/nithyamani/.browserstack/UploadedAttachments-56/HookLevel/BuildLevelHookEvent 
14:16:33.258 [setUp@2] INFO  c.b.v2.framework.TestNgFramework - Processing BuildLevelHookEvent attachments from directory: /Users/nithyamani/.browserstack/UploadedAttachments-56/HookLevel/BuildLevelHookEvent
14:16:33.258 [setUp@2] INFO  c.b.v2.framework.TestNgFramework - Processing TestLevel attachments eventLogs: []
14:16:33.258 [setUp@2] INFO  c.b.v2.framework.TestNgFramework - sendLogCreatedEvent: No Log Events to send
14:16:33.258 [setUp@2] INFO  c.b.v2.framework.TestNgFramework - trackHookEvents: hook state=BEFORE_METHOD.HookState.POST , hooks started={BEFORE_METHOD=[]} , hooks finished={BEFORE_METHOD=[{hook_name=setUp, hook_result=passed, test_file_path=DemoTestngSDK/src/test/java/app/android/AndroidTest.java, event_started_at=2025-04-18T14:15:58.637472, hook_id=6b924531-7a01-44e7-bfe5-20b906aedc56, hook_logs=[], logs=[], key=BEFORE_METHOD, custom_metadata={}, event_ended_at=2025-04-18T14:16:33.258176, test_location=DemoTestngSDK/src/test/java/app/android/AndroidTest.java}]}
14:16:33.264 [setUp@2] INFO  c.b.v2.module.TestHubModule - sendTestFrameworkEvent: event=com.browserstack.v2.eventBus.Event@2707cc1, response=success: true

14:16:33.266 [setUp@2] INFO  c.b.v2.framework.TestNgFramework - trackEvent: found instance, testFrameworkState=TestFrameworkState.TEST hookState=HookState.PRE instance=-507619496
14:16:33.277 [setUp@2] INFO  c.b.v2.framework.TestNgFramework - trackEvent: loaded initial test data to instance, testFrameworkState=TestFrameworkState.TEST hookState=HookState.PRE instance=-507619496
14:16:33.277 [setUp@2] INFO  c.b.v2.module.WebdriverModule - onBeforeTest: event=com.browserstack.v2.eventBus.Event@33a3804f
14:16:33.282 [setUp@2] INFO  c.b.v2.module.TestHubModule - sendTestFrameworkEvent: event=com.browserstack.v2.eventBus.Event@33a3804f, response=success: true

14:16:33.283 [setUp@2] INFO  c.b.v2.module.ObservabilityModule - onBeforeTest: event={instance=com.browserstack.v2.instance.TestFrameworkInstance@108c4228, testFrameworkState=TestFrameworkState.TEST, testInstance=com.browserstack.v2.instance.TestFrameworkInstance@108c4228, hookState=HookState.PRE}
14:16:33.283 [setUp@2] INFO  c.b.v2.module.ObservabilityModule - performO11ySync: Performing O11y Sync
14:16:33.582 [wikiAppTest@1] ERROR c.b.utils.SeleniumMethodUtils - Done for sessionid 11c97f2233cf31f1b36c7cbdd8d567900579bb55
14:16:33.665 [setUp@2] INFO  c.b.v2.framework.TestNgFramework - trackEvent: found instance, testFrameworkState=TestFrameworkState.LOG hookState=HookState.PRE instance=-507619496
14:16:33.665 [setUp@2] INFO  c.b.v2.framework.TestNgFramework - trackEvent: load log entries
14:16:33.672 [setUp@2] INFO  c.b.v2.module.TestHubModule - sendLogCreatedEvent: event=com.browserstack.v2.eventBus.Event@59ba6a33, response=success: true

14:16:33.672 [setUp@2] INFO  c.b.v2.module.TestHubModule - sendLogCreatedEvent: event=com.browserstack.v2.eventBus.Event@59ba6a33
14:16:33.711 [setUp@2] INFO  c.b.v2.framework.TestNgFramework - trackEvent: found instance, testFrameworkState=TestFrameworkState.LOG hookState=HookState.PRE instance=-507619496
14:16:33.711 [setUp@2] INFO  c.b.v2.framework.TestNgFramework - trackEvent: load log entries
14:16:33.715 [setUp@2] INFO  c.b.v2.module.TestHubModule - sendLogCreatedEvent: event=com.browserstack.v2.eventBus.Event@3489314a, response=success: true

14:16:33.715 [setUp@2] INFO  c.b.v2.module.TestHubModule - sendLogCreatedEvent: event=com.browserstack.v2.eventBus.Event@3489314a
14:16:33.752 [wikiAppTest@2] INFO  c.b.v2.module.WebdriverModule - beforeCommandExecute: event=com.browserstack.v2.eventBus.Event@32e9b6a5
14:16:33.752 [wikiAppTest@2] INFO  c.browserstack.v2.module.PercyModule - onPreExecute: event=com.browserstack.v2.eventBus.Event@32e9b6a5 {hook=PRE, instance=com.browserstack.v2.instance.AutomationFrameworkInstance@71f479c6, frameworkState=EXECUTE, arguments=[Ljava.lang.Object;@30ac35c9, command=[f0c2fecf360d15b93b28a2d5b452ac86aa29db04, findElement {using=accessibility id, value=Search Wikipedia}]}
14:16:34.241 [wikiAppTest@2] INFO  c.b.v2.module.WebdriverModule - afterCommandExecute: event=com.browserstack.v2.eventBus.Event@4d9b02f5
14:16:34.248 [wikiAppTest@2] INFO  c.b.v2.module.WebdriverModule - beforeCommandExecute: event=com.browserstack.v2.eventBus.Event@4d1711dc
14:16:34.248 [wikiAppTest@2] INFO  c.browserstack.v2.module.PercyModule - onPreExecute: event=com.browserstack.v2.eventBus.Event@4d1711dc {hook=PRE, instance=com.browserstack.v2.instance.AutomationFrameworkInstance@71f479c6, frameworkState=EXECUTE, arguments=[Ljava.lang.Object;@4524022, command=[f0c2fecf360d15b93b28a2d5b452ac86aa29db04, isElementDisplayed {id=00000000-0000-08a2-ffff-ffff00000036}]}
14:16:34.475 [wikiAppTest@1] INFO  c.b.v2.module.TestHubModule - onAfterTest: event={com.browserstack.v2.eventBus.Event@2cbdc7}
14:16:34.494 [wikiAppTest@1] INFO  c.b.v2.module.TestHubModule - sendTestFrameworkEvent: event=com.browserstack.v2.eventBus.Event@2cbdc7, response=success: true

14:16:34.495 [wikiAppTest@1] INFO  c.browserstack.v2.module.PercyModule - onPostExecute: event=com.browserstack.v2.eventBus.Event@2cbdc7
14:16:34.496 [wikiAppTest@1] INFO  c.b.v2.framework.TestNgFramework - trackEvent: found instance, testFrameworkState=TestFrameworkState.AFTER_METHOD hookState=HookState.PRE instance=-507620458
14:16:34.496 [wikiAppTest@1] INFO  c.b.v2.framework.TestNgFramework - trackEvent: track hook events
14:16:34.516 [wikiAppTest@1] INFO  c.b.v2.framework.TestNgFramework - args CHECK = [TestResult name=tearDown status=STARTED method=AndroidBaseTest.tearDown()[pri:0, instance:app.android.AndroidTest@433348bc] output={null}]
14:16:34.516 [wikiAppTest@1] INFO  c.b.v2.framework.TestNgFramework - Hook Started in PRE key = AFTER_METHOD & hook = {hook_name=tearDown, hook_result=pending, test_file_path=DemoTestngSDK/src/test/java/app/android/AndroidTest.java, event_started_at=2025-04-18T14:16:34.516408, hook_id=2400cdae-4c24-43ce-b090-94d70abe9ce9, hook_logs=[], key=AFTER_METHOD, custom_metadata={}, test_location=DemoTestngSDK/src/test/java/app/android/AndroidTest.java}  and args = [[TestResult name=tearDown status=STARTED method=AndroidBaseTest.tearDown()[pri:0, instance:app.android.AndroidTest@433348bc] output={null}], AndroidBaseTest.tearDown()[pri:0, instance:app.android.AndroidTest@433348bc]]
14:16:34.516 [wikiAppTest@1] INFO  c.b.v2.framework.TestNgFramework - trackHookEvents: hook state=AFTER_METHOD.HookState.PRE , hooks started={BEFORE_METHOD=[], AFTER_METHOD=[{hook_name=tearDown, hook_result=pending, test_file_path=DemoTestngSDK/src/test/java/app/android/AndroidTest.java, event_started_at=2025-04-18T14:16:34.516408, hook_id=2400cdae-4c24-43ce-b090-94d70abe9ce9, hook_logs=[], key=AFTER_METHOD, custom_metadata={}, test_location=DemoTestngSDK/src/test/java/app/android/AndroidTest.java}]} , hooks finished={BEFORE_METHOD=[{hook_name=setUp, hook_result=passed, test_file_path=DemoTestngSDK/src/test/java/app/android/AndroidTest.java, event_started_at=2025-04-18T14:15:58.637475, hook_id=74ded321-d93c-4f9b-bae7-2ce2551f3217, hook_logs=[], logs=[], key=BEFORE_METHOD, custom_metadata={}, event_ended_at=2025-04-18T14:16:22.869647, test_location=DemoTestngSDK/src/test/java/app/android/AndroidTest.java}], AFTER_METHOD=[]}
14:16:34.522 [wikiAppTest@1] INFO  c.b.v2.module.TestHubModule - sendTestFrameworkEvent: event=com.browserstack.v2.eventBus.Event@74331d96, response=success: true

14:16:34.524 [tearDown@1] INFO  c.b.v2.module.WebdriverModule - onDriverQuit: event=com.browserstack.v2.eventBus.Event@cd19ffb
14:16:34.535 [tearDown@1] INFO  c.b.v2.module.WebdriverModule - beforeCommandExecute: event=com.browserstack.v2.eventBus.Event@4bb7d7ac
14:16:34.535 [tearDown@1] INFO  c.browserstack.v2.module.PercyModule - onPreExecute: event=com.browserstack.v2.eventBus.Event@4bb7d7ac {hook=PRE, instance=com.browserstack.v2.instance.AutomationFrameworkInstance@3eedcac1, frameworkState=EXECUTE, arguments=[Ljava.lang.Object;@463103b6, command=[11c97f2233cf31f1b36c7cbdd8d567900579bb55, quit {}]}
14:16:34.535 [tearDown@1] INFO  c.b.v2.module.WebdriverModule - beforeCommandExecute: event=com.browserstack.v2.eventBus.Event@55b9cb58
14:16:34.535 [tearDown@1] INFO  c.browserstack.v2.module.PercyModule - onPreExecute: event=com.browserstack.v2.eventBus.Event@55b9cb58 {hook=PRE, instance=com.browserstack.v2.instance.AutomationFrameworkInstance@3eedcac1, frameworkState=EXECUTE, arguments=[Ljava.lang.Object;@20467cf4, command=[11c97f2233cf31f1b36c7cbdd8d567900579bb55, quit {}]}
14:16:34.626 [wikiAppTest@2] INFO  c.b.v2.module.WebdriverModule - afterCommandExecute: event=com.browserstack.v2.eventBus.Event@11cb66f7
14:16:34.628 [wikiAppTest@2] INFO  c.b.v2.module.WebdriverModule - beforeCommandExecute: event=com.browserstack.v2.eventBus.Event@3c694c80
14:16:34.628 [wikiAppTest@2] INFO  c.browserstack.v2.module.PercyModule - onPreExecute: event=com.browserstack.v2.eventBus.Event@3c694c80 {hook=PRE, instance=com.browserstack.v2.instance.AutomationFrameworkInstance@71f479c6, frameworkState=EXECUTE, arguments=[Ljava.lang.Object;@2aac587f, command=[f0c2fecf360d15b93b28a2d5b452ac86aa29db04, isElementEnabled {id=00000000-0000-08a2-ffff-ffff00000036}]}
14:16:35.783 [tearDown@1] INFO  c.b.v2.module.WebdriverModule - afterCommandExecute: event=com.browserstack.v2.eventBus.Event@59d237b2
14:16:35.784 [tearDown@1] INFO  c.b.v2.module.WebdriverModule - afterCommandExecute: event=com.browserstack.v2.eventBus.Event@1080984e
14:16:35.784 [tearDown@1] INFO  c.b.v2.framework.TestNgFramework - trackEvent: found instance, testFrameworkState=TestFrameworkState.AFTER_METHOD hookState=HookState.POST instance=-507620458
14:16:35.784 [tearDown@1] INFO  c.b.v2.framework.TestNgFramework - trackEvent: track hook events
14:16:35.813 [tearDown@1] INFO  c.b.v2.framework.TestNgFramework - args CHECK = [TestResult name=tearDown status=SUCCESS method=AndroidBaseTest.tearDown()[pri:0, instance:app.android.AndroidTest@433348bc] output={null}]
14:16:35.814 [tearDown@1] INFO  c.b.v2.framework.TestNgFramework - Hook List in Post [{hook_name=tearDown, hook_result=pending, test_file_path=DemoTestngSDK/src/test/java/app/android/AndroidTest.java, event_started_at=2025-04-18T14:16:34.516408, hook_id=2400cdae-4c24-43ce-b090-94d70abe9ce9, hook_logs=[], key=AFTER_METHOD, custom_metadata={}, test_location=DemoTestngSDK/src/test/java/app/android/AndroidTest.java}] and args = [[TestResult name=tearDown status=SUCCESS method=AndroidBaseTest.tearDown()[pri:0, instance:app.android.AndroidTest@433348bc] output={null}], AndroidBaseTest.tearDown()[pri:0, instance:app.android.AndroidTest@433348bc]]
14:16:35.814 [tearDown@1] INFO  c.b.v2.framework.TestNgFramework - Processing HookLevel attachments from directory: /Users/nithyamani/.browserstack/UploadedAttachments-55/HookLevel
14:16:35.814 [tearDown@1] INFO  c.b.v2.framework.TestNgFramework - Checking hookLevelFiles: []
14:16:35.814 [tearDown@1] INFO  c.b.v2.framework.TestNgFramework - checking Paths of files = /Users/nithyamani/.browserstack/UploadedAttachments-55/HookLevel/BuildLevelHookEvent and abs path = /Users/nithyamani/.browserstack/UploadedAttachments-55/HookLevel/BuildLevelHookEvent 
14:16:35.814 [tearDown@1] INFO  c.b.v2.framework.TestNgFramework - Processing BuildLevelHookEvent attachments from directory: /Users/nithyamani/.browserstack/UploadedAttachments-55/HookLevel/BuildLevelHookEvent
14:16:35.814 [tearDown@1] INFO  c.b.v2.framework.TestNgFramework - Processing TestLevel attachments eventLogs: []
14:16:35.814 [tearDown@1] INFO  c.b.v2.framework.TestNgFramework - sendLogCreatedEvent: No Log Events to send
14:16:35.814 [tearDown@1] INFO  c.b.v2.framework.TestNgFramework - trackHookEvents: hook state=AFTER_METHOD.HookState.POST , hooks started={BEFORE_METHOD=[], AFTER_METHOD=[]} , hooks finished={BEFORE_METHOD=[{hook_name=setUp, hook_result=passed, test_file_path=DemoTestngSDK/src/test/java/app/android/AndroidTest.java, event_started_at=2025-04-18T14:15:58.637475, hook_id=74ded321-d93c-4f9b-bae7-2ce2551f3217, hook_logs=[], logs=[], key=BEFORE_METHOD, custom_metadata={}, event_ended_at=2025-04-18T14:16:22.869647, test_location=DemoTestngSDK/src/test/java/app/android/AndroidTest.java}], AFTER_METHOD=[{hook_name=tearDown, hook_result=passed, test_file_path=DemoTestngSDK/src/test/java/app/android/AndroidTest.java, event_started_at=2025-04-18T14:16:34.516408, hook_id=2400cdae-4c24-43ce-b090-94d70abe9ce9, hook_logs=[], logs=[], key=AFTER_METHOD, custom_metadata={}, event_ended_at=2025-04-18T14:16:35.814189, test_location=DemoTestngSDK/src/test/java/app/android/AndroidTest.java}]}
14:16:35.822 [tearDown@1] INFO  c.b.v2.module.TestHubModule - sendTestFrameworkEvent: event=com.browserstack.v2.eventBus.Event@10c678fb, response=success: true

14:16:35.827 [tearDown@1] INFO  c.b.v2.framework.TestNgFramework - trackTestNgTest: saved instance contextId=-507620458 target=AndroidTest-1@1 instances=[-507619496, -507620458, -507621420]
14:16:35.827 [tearDown@1] INFO  c.b.v2.framework.TestNgFramework - trackEvent: found instance, testFrameworkState=TestFrameworkState.BEFORE_METHOD hookState=HookState.PRE instance=-507620458
14:16:35.827 [tearDown@1] INFO  c.b.v2.framework.TestNgFramework - trackEvent: loaded common test data, testFrameworkState=TestFrameworkState.BEFORE_METHOD hookState=HookState.PRE instance=-507620458
14:16:35.827 [tearDown@1] INFO  c.b.v2.framework.TestNgFramework - trackEvent: track hook events
14:16:35.840 [tearDown@1] INFO  c.b.v2.framework.TestNgFramework - args CHECK = [TestResult name=setUp status=STARTED method=AndroidBaseTest.setUp()[pri:0, instance:app.android.AndroidTest@433348bc] output={null}]
14:16:35.841 [tearDown@1] INFO  c.b.v2.framework.TestNgFramework - Hook Started in PRE key = BEFORE_METHOD & hook = {hook_name=setUp, hook_result=pending, test_file_path=DemoTestngSDK/src/test/java/app/android/AndroidTest.java, event_started_at=2025-04-18T14:16:35.841109, hook_id=727328b2-5a14-468d-b627-4f4b7dda9981, hook_logs=[], key=BEFORE_METHOD, custom_metadata={}, test_location=DemoTestngSDK/src/test/java/app/android/AndroidTest.java}  and args = [[TestResult name=setUp status=STARTED method=AndroidBaseTest.setUp()[pri:0, instance:app.android.AndroidTest@433348bc] output={null}], AndroidBaseTest.setUp()[pri:0, instance:app.android.AndroidTest@433348bc]]
14:16:35.841 [tearDown@1] INFO  c.b.v2.framework.TestNgFramework - trackHookEvents: hook state=BEFORE_METHOD.HookState.PRE , hooks started={BEFORE_METHOD=[{hook_name=setUp, hook_result=pending, test_file_path=DemoTestngSDK/src/test/java/app/android/AndroidTest.java, event_started_at=2025-04-18T14:16:35.841109, hook_id=727328b2-5a14-468d-b627-4f4b7dda9981, hook_logs=[], key=BEFORE_METHOD, custom_metadata={}, test_location=DemoTestngSDK/src/test/java/app/android/AndroidTest.java}]} , hooks finished={BEFORE_METHOD=[]}
14:16:35.849 [tearDown@1] INFO  c.b.v2.module.TestHubModule - sendTestFrameworkEvent: event=com.browserstack.v2.eventBus.Event@307f1dd3, response=success: true

14:16:35.851 [setUp@1] INFO  c.b.v2.framework.SeleniumFramework - trackSeleniumTest: saved instance contextId=725869655 target=9903:55 instances=[725869655, 725869654, 725869656]
14:16:35.851 [setUp@1] INFO  c.b.v2.module.WebdriverModule - onBeforeDriverCreate: event=com.browserstack.v2.eventBus.Event@3a691752
14:16:35.861 [setUp@1] INFO  c.b.v2.module.WebdriverModule - beforeCommandExecute: event=com.browserstack.v2.eventBus.Event@c8d6af8
14:16:35.862 [setUp@1] INFO  c.browserstack.v2.module.PercyModule - onPreExecute: event=com.browserstack.v2.eventBus.Event@c8d6af8 {hook=PRE, instance=com.browserstack.v2.instance.AutomationFrameworkInstance@68e75af8, frameworkState=EXECUTE, arguments=[Ljava.lang.Object;@4b766930, command=[null, newSession {capabilities=[{appium:app=bs://ab4ef2728d55a1407af120d11574fed602946647, bstack:options={userName=nithyamani3, accessKey=zQxNpUZ5pLuExoGFY68v, projectName=Demo SDK Appium Android, buildName=browserstack-testng-appium-suite 2.6.0, buildIdentifier=#1, source=testng:appium-sample-sdk:v1.0, appProfiling=true, appiumVersion=2.6.0, debug=false, networkLogs=true, consoleLogs=errors, interactiveDebugging=true, osVersion=11, platformName=android, hostName=NithyaMani-X7PQL3QXY5, browserstackSDK=TestNG-javaagent/1.32.2, buildProductMap={observability=true, accessibility=false, percy=true, automate=false, app_automate=true}, deviceName=Samsung Galaxy S21, useW3C=true, accessibilityOptions={}, testhubBuildUuid=o6xj3knicibwswkgwdnagyoa0gpktgr6hu8ad4bw}}], desiredCapabilities=Capabilities {appium:app: bs://ab4ef2728d55a1407af120..., bstack:options: {accessKey: zQxNpUZ5pLuExoGFY68v, accessibilityOptions: {}, appProfiling: true, appiumVersion: 2.6.0, browserstackSDK: TestNG-javaagent/1.32.2, buildIdentifier: #1, buildName: browserstack-testng-appium-..., buildProductMap: {accessibility: false, app_automate: true, automate: false, observability: true, percy: true}, consoleLogs: errors, debug: false, deviceName: Samsung Galaxy S21, hostName: NithyaMani-X7PQL3QXY5, interactiveDebugging: true, networkLogs: true, osVersion: 11, platformName: android, projectName: Demo SDK Appium Android, source: testng:appium-sample-sdk:v1.0, testhubBuildUuid: o6xj3knicibwswkgwdnagyoa0gp..., useW3C: true, userName: nithyamani3}}}]}
14:16:36.497 [wikiAppTest@2] INFO  c.b.v2.module.WebdriverModule - afterCommandExecute: event=com.browserstack.v2.eventBus.Event@601a7f03
14:16:36.499 [wikiAppTest@2] INFO  c.b.v2.module.WebdriverModule - beforeCommandExecute: event=com.browserstack.v2.eventBus.Event@76689e96
14:16:36.499 [wikiAppTest@2] INFO  c.browserstack.v2.module.PercyModule - onPreExecute: event=com.browserstack.v2.eventBus.Event@76689e96 {hook=PRE, instance=com.browserstack.v2.instance.AutomationFrameworkInstance@71f479c6, frameworkState=EXECUTE, arguments=[Ljava.lang.Object;@3e4f5f84, command=[f0c2fecf360d15b93b28a2d5b452ac86aa29db04, clickElement {id=00000000-0000-08a2-ffff-ffff00000036}]}
14:16:37.089 [wikiAppTest@2] INFO  c.b.v2.module.WebdriverModule - afterCommandExecute: event=com.browserstack.v2.eventBus.Event@4e735bd2
14:16:37.099 [wikiAppTest@2] INFO  c.b.v2.module.WebdriverModule - beforeCommandExecute: event=com.browserstack.v2.eventBus.Event@1e32843
14:16:37.100 [wikiAppTest@2] INFO  c.browserstack.v2.module.PercyModule - onPreExecute: event=com.browserstack.v2.eventBus.Event@1e32843 {hook=PRE, instance=com.browserstack.v2.instance.AutomationFrameworkInstance@71f479c6, frameworkState=EXECUTE, arguments=[Ljava.lang.Object;@728c60e9, command=[f0c2fecf360d15b93b28a2d5b452ac86aa29db04, findElement {using=id, value=org.wikipedia.alpha:id/search_src_text}]}
14:16:38.940 [wikiAppTest@2] INFO  c.b.v2.module.WebdriverModule - afterCommandExecute: event=com.browserstack.v2.eventBus.Event@2b79326d
14:16:38.948 [wikiAppTest@2] INFO  c.b.v2.module.WebdriverModule - beforeCommandExecute: event=com.browserstack.v2.eventBus.Event@3e8598b6
14:16:38.948 [wikiAppTest@2] INFO  c.browserstack.v2.module.PercyModule - onPreExecute: event=com.browserstack.v2.eventBus.Event@3e8598b6 {hook=PRE, instance=com.browserstack.v2.instance.AutomationFrameworkInstance@71f479c6, frameworkState=EXECUTE, arguments=[Ljava.lang.Object;@7b64eba7, command=[f0c2fecf360d15b93b28a2d5b452ac86aa29db04, isElementDisplayed {id=00000000-0000-08a2-ffff-ffff000000a6}]}
14:16:39.330 [wikiAppTest@2] INFO  c.b.v2.module.WebdriverModule - afterCommandExecute: event=com.browserstack.v2.eventBus.Event@19ec44fc
14:16:39.336 [wikiAppTest@2] INFO  c.b.v2.module.WebdriverModule - beforeCommandExecute: event=com.browserstack.v2.eventBus.Event@6908d326
14:16:39.336 [wikiAppTest@2] INFO  c.browserstack.v2.module.PercyModule - onPreExecute: event=com.browserstack.v2.eventBus.Event@6908d326 {hook=PRE, instance=com.browserstack.v2.instance.AutomationFrameworkInstance@71f479c6, frameworkState=EXECUTE, arguments=[Ljava.lang.Object;@35ed2473, command=[f0c2fecf360d15b93b28a2d5b452ac86aa29db04, isElementEnabled {id=00000000-0000-08a2-ffff-ffff000000a6}]}
14:16:39.713 [wikiAppTest@2] INFO  c.b.v2.module.WebdriverModule - afterCommandExecute: event=com.browserstack.v2.eventBus.Event@4edd4d96
14:16:39.765 [wikiAppTest@2] INFO  c.b.v2.framework.TestNgFramework - trackEvent: found instance, testFrameworkState=TestFrameworkState.LOG hookState=HookState.PRE instance=-507619496
14:16:39.765 [wikiAppTest@2] INFO  c.b.v2.framework.TestNgFramework - trackEvent: load log entries
14:16:39.772 [wikiAppTest@2] INFO  c.b.v2.module.TestHubModule - sendLogCreatedEvent: event=com.browserstack.v2.eventBus.Event@39b5388a, response=success: true

14:16:39.772 [wikiAppTest@2] INFO  c.b.v2.module.TestHubModule - sendLogCreatedEvent: event=com.browserstack.v2.eventBus.Event@39b5388a
14:16:39.805 [wikiAppTest@2] INFO  c.b.v2.framework.TestNgFramework - trackEvent: found instance, testFrameworkState=TestFrameworkState.LOG hookState=HookState.PRE instance=-507619496
14:16:39.805 [wikiAppTest@2] INFO  c.b.v2.framework.TestNgFramework - trackEvent: load log entries
14:16:39.807 [wikiAppTest@2] INFO  c.b.v2.module.TestHubModule - sendLogCreatedEvent: event=com.browserstack.v2.eventBus.Event@6439f0a4, response=success: true

14:16:39.807 [wikiAppTest@2] INFO  c.b.v2.module.TestHubModule - sendLogCreatedEvent: event=com.browserstack.v2.eventBus.Event@6439f0a4
14:16:39.811 [wikiAppTest@2] INFO  c.b.v2.module.WebdriverModule - beforeCommandExecute: event=com.browserstack.v2.eventBus.Event@41e8a004
14:16:39.811 [wikiAppTest@2] INFO  c.browserstack.v2.module.PercyModule - onPreExecute: event=com.browserstack.v2.eventBus.Event@41e8a004 {hook=PRE, instance=com.browserstack.v2.instance.AutomationFrameworkInstance@71f479c6, frameworkState=EXECUTE, arguments=[Ljava.lang.Object;@72df60f9, command=[f0c2fecf360d15b93b28a2d5b452ac86aa29db04, sendKeysToElement {id=00000000-0000-08a2-ffff-ffff000000a6, value=[Ljava.lang.CharSequence;@5372a2cc}]}
14:16:41.155 [wikiAppTest@2] INFO  c.b.v2.module.WebdriverModule - afterCommandExecute: event=com.browserstack.v2.eventBus.Event@702e9e4f
14:16:46.162 [wikiAppTest@2] INFO  c.b.v2.module.WebdriverModule - beforeCommandExecute: event=com.browserstack.v2.eventBus.Event@11517bd4
14:16:46.162 [wikiAppTest@2] INFO  c.browserstack.v2.module.PercyModule - onPreExecute: event=com.browserstack.v2.eventBus.Event@11517bd4 {hook=PRE, instance=com.browserstack.v2.instance.AutomationFrameworkInstance@71f479c6, frameworkState=EXECUTE, arguments=[Ljava.lang.Object;@3c473b94, command=[f0c2fecf360d15b93b28a2d5b452ac86aa29db04, findElements {using=class name, value=android.widget.TextView}]}
14:16:46.827 [wikiAppTest@2] INFO  c.b.v2.module.WebdriverModule - afterCommandExecute: event=com.browserstack.v2.eventBus.Event@304e9eb4
14:16:46.833 [wikiAppTest@2] INFO  c.b.v2.framework.TestNgFramework - trackEvent: found instance, testFrameworkState=TestFrameworkState.LOG_REPORT hookState=HookState.PRE instance=-507619496
14:16:46.834 [wikiAppTest@2] INFO  c.b.v2.framework.TestNgFramework - trackEvent: found instance, testFrameworkState=TestFrameworkState.LOG_REPORT hookState=HookState.POST instance=-507619496
14:16:46.834 [wikiAppTest@2] INFO  c.b.v2.framework.TestNgFramework - trackEvent: load test results
14:16:46.835 [wikiAppTest@2] INFO  c.b.v2.framework.TestNgFramework - trackEvent: found instance, testFrameworkState=TestFrameworkState.TEST hookState=HookState.POST instance=-507619496
14:16:46.835 [wikiAppTest@2] INFO  c.b.v2.module.WebdriverModule - onAfterTest: event=com.browserstack.v2.eventBus.Event@6e5ea526
14:16:47.849 [wikiAppTest@2] ERROR c.b.utils.SeleniumMethodUtils - Done for sessionid f0c2fecf360d15b93b28a2d5b452ac86aa29db04
14:16:48.296 [wikiAppTest@2] INFO  c.b.v2.module.TestHubModule - onAfterTest: event={com.browserstack.v2.eventBus.Event@6e5ea526}
14:16:48.318 [wikiAppTest@2] INFO  c.b.v2.module.TestHubModule - sendTestSessionEvent: event=com.browserstack.v2.eventBus.Event@6e5ea526, response=success: true

14:16:48.347 [wikiAppTest@2] INFO  c.b.v2.module.TestHubModule - sendTestFrameworkEvent: event=com.browserstack.v2.eventBus.Event@6e5ea526, response=success: true

14:16:48.355 [wikiAppTest@2] INFO  c.browserstack.v2.module.PercyModule - onPostExecute: event=com.browserstack.v2.eventBus.Event@6e5ea526
14:16:48.355 [wikiAppTest@2] INFO  c.b.v2.framework.TestNgFramework - trackEvent: found instance, testFrameworkState=TestFrameworkState.LOG_REPORT hookState=HookState.PRE instance=-507619496
14:16:48.355 [wikiAppTest@2] INFO  c.b.v2.framework.TestNgFramework - trackEvent: found instance, testFrameworkState=TestFrameworkState.LOG_REPORT hookState=HookState.POST instance=-507619496
14:16:48.355 [wikiAppTest@2] INFO  c.b.v2.framework.TestNgFramework - trackEvent: load test results
14:16:48.355 [wikiAppTest@2] INFO  c.b.v2.framework.TestNgFramework - trackEvent: found instance, testFrameworkState=TestFrameworkState.TEST hookState=HookState.POST instance=-507619496
14:16:48.356 [wikiAppTest@2] INFO  c.b.v2.module.WebdriverModule - onAfterTest: event=com.browserstack.v2.eventBus.Event@23e35877
14:16:48.695 [wikiAppTest@2] ERROR c.b.utils.SeleniumMethodUtils - Done for sessionid f0c2fecf360d15b93b28a2d5b452ac86aa29db04
14:16:49.028 [wikiAppTest@2] INFO  c.b.v2.module.TestHubModule - onAfterTest: event={com.browserstack.v2.eventBus.Event@23e35877}
14:16:49.058 [wikiAppTest@2] INFO  c.b.v2.module.TestHubModule - sendTestFrameworkEvent: event=com.browserstack.v2.eventBus.Event@23e35877, response=success: true

14:16:49.061 [wikiAppTest@2] INFO  c.browserstack.v2.module.PercyModule - onPostExecute: event=com.browserstack.v2.eventBus.Event@23e35877
14:16:49.062 [wikiAppTest@2] INFO  c.b.v2.framework.TestNgFramework - trackEvent: found instance, testFrameworkState=TestFrameworkState.AFTER_METHOD hookState=HookState.PRE instance=-507619496
14:16:49.062 [wikiAppTest@2] INFO  c.b.v2.framework.TestNgFramework - trackEvent: track hook events
14:16:49.089 [wikiAppTest@2] INFO  c.b.v2.framework.TestNgFramework - args CHECK = [TestResult name=tearDown status=STARTED method=AndroidBaseTest.tearDown()[pri:0, instance:app.android.AndroidTest@7ff35a3f] output={null}]
14:16:49.090 [wikiAppTest@2] INFO  c.b.v2.framework.TestNgFramework - Hook Started in PRE key = AFTER_METHOD & hook = {hook_name=tearDown, hook_result=pending, test_file_path=DemoTestngSDK/src/test/java/app/android/AndroidTest.java, event_started_at=2025-04-18T14:16:49.089998, hook_id=467a368f-6434-4a89-b5b3-b9e4b20693b8, hook_logs=[], key=AFTER_METHOD, custom_metadata={}, test_location=DemoTestngSDK/src/test/java/app/android/AndroidTest.java}  and args = [[TestResult name=tearDown status=STARTED method=AndroidBaseTest.tearDown()[pri:0, instance:app.android.AndroidTest@7ff35a3f] output={null}], AndroidBaseTest.tearDown()[pri:0, instance:app.android.AndroidTest@7ff35a3f]]
14:16:49.090 [wikiAppTest@2] INFO  c.b.v2.framework.TestNgFramework - trackHookEvents: hook state=AFTER_METHOD.HookState.PRE , hooks started={BEFORE_METHOD=[], AFTER_METHOD=[{hook_name=tearDown, hook_result=pending, test_file_path=DemoTestngSDK/src/test/java/app/android/AndroidTest.java, event_started_at=2025-04-18T14:16:49.089998, hook_id=467a368f-6434-4a89-b5b3-b9e4b20693b8, hook_logs=[], key=AFTER_METHOD, custom_metadata={}, test_location=DemoTestngSDK/src/test/java/app/android/AndroidTest.java}]} , hooks finished={BEFORE_METHOD=[{hook_name=setUp, hook_result=passed, test_file_path=DemoTestngSDK/src/test/java/app/android/AndroidTest.java, event_started_at=2025-04-18T14:15:58.637472, hook_id=6b924531-7a01-44e7-bfe5-20b906aedc56, hook_logs=[], logs=[], key=BEFORE_METHOD, custom_metadata={}, event_ended_at=2025-04-18T14:16:33.258176, test_location=DemoTestngSDK/src/test/java/app/android/AndroidTest.java}], AFTER_METHOD=[]}
14:16:49.095 [wikiAppTest@2] INFO  c.b.v2.module.TestHubModule - sendTestFrameworkEvent: event=com.browserstack.v2.eventBus.Event@6b3bd1f, response=success: true

14:16:49.097 [tearDown@2] INFO  c.b.v2.module.WebdriverModule - onDriverQuit: event=com.browserstack.v2.eventBus.Event@638dc45
14:16:49.133 [tearDown@2] INFO  c.b.v2.framework.TestNgFramework - trackEvent: found instance, testFrameworkState=TestFrameworkState.LOG hookState=HookState.PRE instance=-507619496
14:16:49.133 [tearDown@2] INFO  c.b.v2.framework.TestNgFramework - trackEvent: load log entries
14:16:49.136 [tearDown@2] INFO  c.b.v2.module.TestHubModule - sendLogCreatedEvent: event=com.browserstack.v2.eventBus.Event@26790c92, response=success: true

14:16:49.136 [tearDown@2] INFO  c.b.v2.module.TestHubModule - sendLogCreatedEvent: event=com.browserstack.v2.eventBus.Event@26790c92
14:16:49.164 [tearDown@2] INFO  c.b.v2.framework.TestNgFramework - trackEvent: found instance, testFrameworkState=TestFrameworkState.LOG hookState=HookState.PRE instance=-507619496
14:16:49.164 [tearDown@2] INFO  c.b.v2.framework.TestNgFramework - trackEvent: load log entries
14:16:49.168 [tearDown@2] INFO  c.b.v2.module.TestHubModule - sendLogCreatedEvent: event=com.browserstack.v2.eventBus.Event@63baea11, response=success: true

14:16:49.168 [tearDown@2] INFO  c.b.v2.module.TestHubModule - sendLogCreatedEvent: event=com.browserstack.v2.eventBus.Event@63baea11
14:16:49.171 [tearDown@2] INFO  c.b.v2.module.WebdriverModule - beforeCommandExecute: event=com.browserstack.v2.eventBus.Event@42c2ad2d
14:16:49.171 [tearDown@2] INFO  c.browserstack.v2.module.PercyModule - onPreExecute: event=com.browserstack.v2.eventBus.Event@42c2ad2d {hook=PRE, instance=com.browserstack.v2.instance.AutomationFrameworkInstance@71f479c6, frameworkState=EXECUTE, arguments=[Ljava.lang.Object;@788b8383, command=[f0c2fecf360d15b93b28a2d5b452ac86aa29db04, quit {}]}
14:16:49.172 [tearDown@2] INFO  c.b.v2.module.WebdriverModule - beforeCommandExecute: event=com.browserstack.v2.eventBus.Event@3896cb98
14:16:49.172 [tearDown@2] INFO  c.browserstack.v2.module.PercyModule - onPreExecute: event=com.browserstack.v2.eventBus.Event@3896cb98 {hook=PRE, instance=com.browserstack.v2.instance.AutomationFrameworkInstance@71f479c6, frameworkState=EXECUTE, arguments=[Ljava.lang.Object;@6f6ab262, command=[f0c2fecf360d15b93b28a2d5b452ac86aa29db04, quit {}]}
14:16:50.466 [tearDown@2] INFO  c.b.v2.module.WebdriverModule - afterCommandExecute: event=com.browserstack.v2.eventBus.Event@4b59a397
14:16:50.466 [tearDown@2] INFO  c.b.v2.module.WebdriverModule - afterCommandExecute: event=com.browserstack.v2.eventBus.Event@140094a0
14:16:50.467 [tearDown@2] INFO  c.b.v2.framework.TestNgFramework - trackEvent: found instance, testFrameworkState=TestFrameworkState.AFTER_METHOD hookState=HookState.POST instance=-507619496
14:16:50.467 [tearDown@2] INFO  c.b.v2.framework.TestNgFramework - trackEvent: track hook events
14:16:50.499 [tearDown@2] INFO  c.b.v2.framework.TestNgFramework - args CHECK = [TestResult name=tearDown status=SUCCESS method=AndroidBaseTest.tearDown()[pri:0, instance:app.android.AndroidTest@7ff35a3f] output={null}]
14:16:50.499 [tearDown@2] INFO  c.b.v2.framework.TestNgFramework - Hook List in Post [{hook_name=tearDown, hook_result=pending, test_file_path=DemoTestngSDK/src/test/java/app/android/AndroidTest.java, event_started_at=2025-04-18T14:16:49.089998, hook_id=467a368f-6434-4a89-b5b3-b9e4b20693b8, hook_logs=[], key=AFTER_METHOD, custom_metadata={}, test_location=DemoTestngSDK/src/test/java/app/android/AndroidTest.java}] and args = [[TestResult name=tearDown status=SUCCESS method=AndroidBaseTest.tearDown()[pri:0, instance:app.android.AndroidTest@7ff35a3f] output={null}], AndroidBaseTest.tearDown()[pri:0, instance:app.android.AndroidTest@7ff35a3f]]
14:16:50.499 [tearDown@2] INFO  c.b.v2.framework.TestNgFramework - Processing HookLevel attachments from directory: /Users/nithyamani/.browserstack/UploadedAttachments-56/HookLevel
14:16:50.499 [tearDown@2] INFO  c.b.v2.framework.TestNgFramework - Checking hookLevelFiles: []
14:16:50.499 [tearDown@2] INFO  c.b.v2.framework.TestNgFramework - checking Paths of files = /Users/nithyamani/.browserstack/UploadedAttachments-56/HookLevel/BuildLevelHookEvent and abs path = /Users/nithyamani/.browserstack/UploadedAttachments-56/HookLevel/BuildLevelHookEvent 
14:16:50.499 [tearDown@2] INFO  c.b.v2.framework.TestNgFramework - Processing BuildLevelHookEvent attachments from directory: /Users/nithyamani/.browserstack/UploadedAttachments-56/HookLevel/BuildLevelHookEvent
14:16:50.499 [tearDown@2] INFO  c.b.v2.framework.TestNgFramework - Processing TestLevel attachments eventLogs: []
14:16:50.499 [tearDown@2] INFO  c.b.v2.framework.TestNgFramework - sendLogCreatedEvent: No Log Events to send
14:16:50.501 [tearDown@2] INFO  c.b.v2.framework.TestNgFramework - trackHookEvents: hook state=AFTER_METHOD.HookState.POST , hooks started={BEFORE_METHOD=[], AFTER_METHOD=[]} , hooks finished={BEFORE_METHOD=[{hook_name=setUp, hook_result=passed, test_file_path=DemoTestngSDK/src/test/java/app/android/AndroidTest.java, event_started_at=2025-04-18T14:15:58.637472, hook_id=6b924531-7a01-44e7-bfe5-20b906aedc56, hook_logs=[], logs=[], key=BEFORE_METHOD, custom_metadata={}, event_ended_at=2025-04-18T14:16:33.258176, test_location=DemoTestngSDK/src/test/java/app/android/AndroidTest.java}], AFTER_METHOD=[{hook_name=tearDown, hook_result=passed, test_file_path=DemoTestngSDK/src/test/java/app/android/AndroidTest.java, event_started_at=2025-04-18T14:16:49.089998, hook_id=467a368f-6434-4a89-b5b3-b9e4b20693b8, hook_logs=[], logs=[], key=AFTER_METHOD, custom_metadata={}, event_ended_at=2025-04-18T14:16:50.499534, test_location=DemoTestngSDK/src/test/java/app/android/AndroidTest.java}]}
14:16:50.515 [tearDown@2] INFO  c.b.v2.module.TestHubModule - sendTestFrameworkEvent: event=com.browserstack.v2.eventBus.Event@3671704b, response=success: true

14:16:50.519 [tearDown@2] INFO  c.b.v2.framework.TestNgFramework - trackTestNgTest: saved instance contextId=-507619496 target=AndroidTest-2@2 instances=[-507619496, -507620458, -507621420]
14:16:50.519 [tearDown@2] INFO  c.b.v2.framework.TestNgFramework - trackEvent: found instance, testFrameworkState=TestFrameworkState.BEFORE_METHOD hookState=HookState.PRE instance=-507619496
14:16:50.519 [tearDown@2] INFO  c.b.v2.framework.TestNgFramework - trackEvent: loaded common test data, testFrameworkState=TestFrameworkState.BEFORE_METHOD hookState=HookState.PRE instance=-507619496
14:16:50.519 [tearDown@2] INFO  c.b.v2.framework.TestNgFramework - trackEvent: track hook events
14:16:50.533 [tearDown@2] INFO  c.b.v2.framework.TestNgFramework - args CHECK = [TestResult name=setUp status=STARTED method=AndroidBaseTest.setUp()[pri:0, instance:app.android.AndroidTest@7ff35a3f] output={null}]
14:16:50.533 [tearDown@2] INFO  c.b.v2.framework.TestNgFramework - Hook Started in PRE key = BEFORE_METHOD & hook = {hook_name=setUp, hook_result=pending, test_file_path=DemoTestngSDK/src/test/java/app/android/AndroidTest.java, event_started_at=2025-04-18T14:16:50.533136, hook_id=1b4e2452-7f4d-4c5e-8ac1-50382b84e7a4, hook_logs=[], key=BEFORE_METHOD, custom_metadata={}, test_location=DemoTestngSDK/src/test/java/app/android/AndroidTest.java}  and args = [[TestResult name=setUp status=STARTED method=AndroidBaseTest.setUp()[pri:0, instance:app.android.AndroidTest@7ff35a3f] output={null}], AndroidBaseTest.setUp()[pri:0, instance:app.android.AndroidTest@7ff35a3f]]
14:16:50.533 [tearDown@2] INFO  c.b.v2.framework.TestNgFramework - trackHookEvents: hook state=BEFORE_METHOD.HookState.PRE , hooks started={BEFORE_METHOD=[{hook_name=setUp, hook_result=pending, test_file_path=DemoTestngSDK/src/test/java/app/android/AndroidTest.java, event_started_at=2025-04-18T14:16:50.533136, hook_id=1b4e2452-7f4d-4c5e-8ac1-50382b84e7a4, hook_logs=[], key=BEFORE_METHOD, custom_metadata={}, test_location=DemoTestngSDK/src/test/java/app/android/AndroidTest.java}]} , hooks finished={BEFORE_METHOD=[]}
14:16:50.535 [tearDown@2] INFO  c.b.v2.module.TestHubModule - sendTestFrameworkEvent: event=com.browserstack.v2.eventBus.Event@4f7b5648, response=success: true

14:16:50.537 [setUp@2] INFO  c.b.v2.framework.SeleniumFramework - trackSeleniumTest: saved instance contextId=725869656 target=9903:56 instances=[725869655, 725869654, 725869656]
14:16:50.537 [setUp@2] INFO  c.b.v2.module.WebdriverModule - onBeforeDriverCreate: event=com.browserstack.v2.eventBus.Event@45fa2558
14:16:50.544 [setUp@2] INFO  c.b.v2.module.WebdriverModule - beforeCommandExecute: event=com.browserstack.v2.eventBus.Event@6c59ef55
14:16:50.545 [setUp@2] INFO  c.browserstack.v2.module.PercyModule - onPreExecute: event=com.browserstack.v2.eventBus.Event@6c59ef55 {hook=PRE, instance=com.browserstack.v2.instance.AutomationFrameworkInstance@5a36ee27, frameworkState=EXECUTE, arguments=[Ljava.lang.Object;@59b86db1, command=[null, newSession {capabilities=[{appium:app=bs://ab4ef2728d55a1407af120d11574fed602946647, bstack:options={userName=nithyamani3, accessKey=zQxNpUZ5pLuExoGFY68v, projectName=Demo SDK Appium Android, buildName=browserstack-testng-appium-suite 2.6.0, buildIdentifier=#1, source=testng:appium-sample-sdk:v1.0, appProfiling=true, appiumVersion=2.6.0, debug=false, networkLogs=true, consoleLogs=errors, interactiveDebugging=true, osVersion=10, platformName=android, hostName=NithyaMani-X7PQL3QXY5, browserstackSDK=TestNG-javaagent/1.32.2, buildProductMap={observability=true, accessibility=false, percy=true, automate=false, app_automate=true}, deviceName=Samsung Galaxy A51, useW3C=true, accessibilityOptions={}, testhubBuildUuid=o6xj3knicibwswkgwdnagyoa0gpktgr6hu8ad4bw}}], desiredCapabilities=Capabilities {appium:app: bs://ab4ef2728d55a1407af120..., bstack:options: {accessKey: zQxNpUZ5pLuExoGFY68v, accessibilityOptions: {}, appProfiling: true, appiumVersion: 2.6.0, browserstackSDK: TestNG-javaagent/1.32.2, buildIdentifier: #1, buildName: browserstack-testng-appium-..., buildProductMap: {accessibility: false, app_automate: true, automate: false, observability: true, percy: true}, consoleLogs: errors, debug: false, deviceName: Samsung Galaxy A51, hostName: NithyaMani-X7PQL3QXY5, interactiveDebugging: true, networkLogs: true, osVersion: 10, platformName: android, projectName: Demo SDK Appium Android, source: testng:appium-sample-sdk:v1.0, testhubBuildUuid: o6xj3knicibwswkgwdnagyoa0gp..., useW3C: true, userName: nithyamani3}}}]}
14:16:55.790 [setUp@1] INFO  c.b.v2.module.WebdriverModule - afterCommandExecute: event=com.browserstack.v2.eventBus.Event@2a71cb3d
14:16:55.791 [setUp@1] INFO  c.b.v2.framework.SeleniumFramework - trackSeleniumTest: saved instance contextId=725869655 target=9903:55 instances=[725869655, 725869654, 725869656]
14:16:55.791 [setUp@1] INFO  c.b.v2.module.WebdriverModule - onDriverCreated: event=com.browserstack.v2.eventBus.Event@4af91e50
14:16:55.791 [setUp@1] INFO  c.b.v2.module.WebdriverModule - Found session id=b2fca69ca77605e2352c2f7360a0c65b71c043b4 for instance=com.browserstack.v2.instance.AutomationFrameworkInstance@68e75af8
14:16:55.793 [setUp@1] INFO  c.b.v2.module.WebdriverModule - Driver added successfully to automationFramework
14:16:55.824 [setUp@1] INFO  c.b.v2.framework.TestNgFramework - trackEvent: found instance, testFrameworkState=TestFrameworkState.BEFORE_METHOD hookState=HookState.POST instance=-507620458
14:16:55.824 [setUp@1] INFO  c.b.v2.framework.TestNgFramework - trackEvent: loaded common test data, testFrameworkState=TestFrameworkState.BEFORE_METHOD hookState=HookState.POST instance=-507620458
14:16:55.824 [setUp@1] INFO  c.b.v2.framework.TestNgFramework - trackEvent: track hook events
14:16:55.847 [setUp@1] INFO  c.b.v2.framework.TestNgFramework - args CHECK = [TestResult name=setUp status=SUCCESS method=AndroidBaseTest.setUp()[pri:0, instance:app.android.AndroidTest@433348bc] output={null}]
14:16:55.848 [setUp@1] INFO  c.b.v2.framework.TestNgFramework - Hook List in Post [{hook_name=setUp, hook_result=pending, test_file_path=DemoTestngSDK/src/test/java/app/android/AndroidTest.java, event_started_at=2025-04-18T14:16:35.841109, hook_id=727328b2-5a14-468d-b627-4f4b7dda9981, hook_logs=[], key=BEFORE_METHOD, custom_metadata={}, test_location=DemoTestngSDK/src/test/java/app/android/AndroidTest.java}] and args = [[TestResult name=setUp status=SUCCESS method=AndroidBaseTest.setUp()[pri:0, instance:app.android.AndroidTest@433348bc] output={null}], AndroidBaseTest.setUp()[pri:0, instance:app.android.AndroidTest@433348bc]]
14:16:55.848 [setUp@1] INFO  c.b.v2.framework.TestNgFramework - Processing HookLevel attachments from directory: /Users/nithyamani/.browserstack/UploadedAttachments-55/HookLevel
14:16:55.848 [setUp@1] INFO  c.b.v2.framework.TestNgFramework - Checking hookLevelFiles: []
14:16:55.848 [setUp@1] INFO  c.b.v2.framework.TestNgFramework - checking Paths of files = /Users/nithyamani/.browserstack/UploadedAttachments-55/HookLevel/BuildLevelHookEvent and abs path = /Users/nithyamani/.browserstack/UploadedAttachments-55/HookLevel/BuildLevelHookEvent 
14:16:55.848 [setUp@1] INFO  c.b.v2.framework.TestNgFramework - Processing BuildLevelHookEvent attachments from directory: /Users/nithyamani/.browserstack/UploadedAttachments-55/HookLevel/BuildLevelHookEvent
14:16:55.848 [setUp@1] INFO  c.b.v2.framework.TestNgFramework - Processing TestLevel attachments eventLogs: []
14:16:55.848 [setUp@1] INFO  c.b.v2.framework.TestNgFramework - sendLogCreatedEvent: No Log Events to send
14:16:55.848 [setUp@1] INFO  c.b.v2.framework.TestNgFramework - trackHookEvents: hook state=BEFORE_METHOD.HookState.POST , hooks started={BEFORE_METHOD=[]} , hooks finished={BEFORE_METHOD=[{hook_name=setUp, hook_result=passed, test_file_path=DemoTestngSDK/src/test/java/app/android/AndroidTest.java, event_started_at=2025-04-18T14:16:35.841109, hook_id=727328b2-5a14-468d-b627-4f4b7dda9981, hook_logs=[], logs=[], key=BEFORE_METHOD, custom_metadata={}, event_ended_at=2025-04-18T14:16:55.848061, test_location=DemoTestngSDK/src/test/java/app/android/AndroidTest.java}]}
14:16:55.851 [setUp@1] INFO  c.b.v2.module.TestHubModule - sendTestFrameworkEvent: event=com.browserstack.v2.eventBus.Event@1a98f0ca, response=success: true

14:16:55.854 [setUp@1] INFO  c.b.v2.framework.TestNgFramework - trackEvent: found instance, testFrameworkState=TestFrameworkState.TEST hookState=HookState.PRE instance=-507620458
14:16:55.866 [setUp@1] INFO  c.b.v2.framework.TestNgFramework - trackEvent: loaded initial test data to instance, testFrameworkState=TestFrameworkState.TEST hookState=HookState.PRE instance=-507620458
14:16:55.866 [setUp@1] INFO  c.b.v2.module.WebdriverModule - onBeforeTest: event=com.browserstack.v2.eventBus.Event@4a832f69
14:16:55.870 [setUp@1] INFO  c.b.v2.module.TestHubModule - sendTestFrameworkEvent: event=com.browserstack.v2.eventBus.Event@4a832f69, response=success: true

14:16:55.871 [setUp@1] INFO  c.b.v2.module.ObservabilityModule - onBeforeTest: event={instance=com.browserstack.v2.instance.TestFrameworkInstance@e9a32e2, testFrameworkState=TestFrameworkState.TEST, testInstance=com.browserstack.v2.instance.TestFrameworkInstance@e9a32e2, hookState=HookState.PRE}
14:16:55.871 [setUp@1] INFO  c.b.v2.module.ObservabilityModule - performO11ySync: Performing O11y Sync
14:16:55.901 [wikiAppTest@1] INFO  c.b.v2.module.WebdriverModule - beforeCommandExecute: event=com.browserstack.v2.eventBus.Event@2f59a779
14:16:55.901 [wikiAppTest@1] INFO  c.browserstack.v2.module.PercyModule - onPreExecute: event=com.browserstack.v2.eventBus.Event@2f59a779 {hook=PRE, instance=com.browserstack.v2.instance.AutomationFrameworkInstance@68e75af8, frameworkState=EXECUTE, arguments=[Ljava.lang.Object;@5403ff5b, command=[b2fca69ca77605e2352c2f7360a0c65b71c043b4, findElement {using=accessibility id, value=Search Wikipedia}]}
14:16:57.351 [wikiAppTest@1] INFO  c.b.v2.module.WebdriverModule - afterCommandExecute: event=com.browserstack.v2.eventBus.Event@54b8158e
14:16:57.358 [wikiAppTest@1] INFO  c.b.v2.module.WebdriverModule - beforeCommandExecute: event=com.browserstack.v2.eventBus.Event@5b1cee8f
14:16:57.358 [wikiAppTest@1] INFO  c.browserstack.v2.module.PercyModule - onPreExecute: event=com.browserstack.v2.eventBus.Event@5b1cee8f {hook=PRE, instance=com.browserstack.v2.instance.AutomationFrameworkInstance@68e75af8, frameworkState=EXECUTE, arguments=[Ljava.lang.Object;@42119f3c, command=[b2fca69ca77605e2352c2f7360a0c65b71c043b4, isElementDisplayed {id=00000000-0000-01cb-ffff-ffff00000036}]}
14:16:57.445 [wikiAppTest@1] INFO  c.b.v2.module.WebdriverModule - afterCommandExecute: event=com.browserstack.v2.eventBus.Event@5691f695
14:16:57.450 [wikiAppTest@1] INFO  c.b.v2.module.WebdriverModule - beforeCommandExecute: event=com.browserstack.v2.eventBus.Event@7c063456
14:16:57.450 [wikiAppTest@1] INFO  c.browserstack.v2.module.PercyModule - onPreExecute: event=com.browserstack.v2.eventBus.Event@7c063456 {hook=PRE, instance=com.browserstack.v2.instance.AutomationFrameworkInstance@68e75af8, frameworkState=EXECUTE, arguments=[Ljava.lang.Object;@32a0ac95, command=[b2fca69ca77605e2352c2f7360a0c65b71c043b4, isElementEnabled {id=00000000-0000-01cb-ffff-ffff00000036}]}
14:16:57.537 [wikiAppTest@1] INFO  c.b.v2.module.WebdriverModule - afterCommandExecute: event=com.browserstack.v2.eventBus.Event@6b5cd10a
14:16:57.545 [wikiAppTest@1] INFO  c.b.v2.module.WebdriverModule - beforeCommandExecute: event=com.browserstack.v2.eventBus.Event@70a3c135
14:16:57.545 [wikiAppTest@1] INFO  c.browserstack.v2.module.PercyModule - onPreExecute: event=com.browserstack.v2.eventBus.Event@70a3c135 {hook=PRE, instance=com.browserstack.v2.instance.AutomationFrameworkInstance@68e75af8, frameworkState=EXECUTE, arguments=[Ljava.lang.Object;@47501fb0, command=[b2fca69ca77605e2352c2f7360a0c65b71c043b4, clickElement {id=00000000-0000-01cb-ffff-ffff00000036}]}
14:16:57.697 [wikiAppTest@1] INFO  c.b.v2.module.WebdriverModule - afterCommandExecute: event=com.browserstack.v2.eventBus.Event@56976921
14:16:57.703 [wikiAppTest@1] INFO  c.b.v2.module.WebdriverModule - beforeCommandExecute: event=com.browserstack.v2.eventBus.Event@1c94c0d7
14:16:57.703 [wikiAppTest@1] INFO  c.browserstack.v2.module.PercyModule - onPreExecute: event=com.browserstack.v2.eventBus.Event@1c94c0d7 {hook=PRE, instance=com.browserstack.v2.instance.AutomationFrameworkInstance@68e75af8, frameworkState=EXECUTE, arguments=[Ljava.lang.Object;@75992795, command=[b2fca69ca77605e2352c2f7360a0c65b71c043b4, findElement {using=id, value=org.wikipedia.alpha:id/search_src_text}]}
14:16:58.582 [wikiAppTest@1] INFO  c.b.v2.module.WebdriverModule - afterCommandExecute: event=com.browserstack.v2.eventBus.Event@5af586f6
14:16:58.595 [wikiAppTest@1] INFO  c.b.v2.module.WebdriverModule - beforeCommandExecute: event=com.browserstack.v2.eventBus.Event@59a55731
14:16:58.595 [wikiAppTest@1] INFO  c.browserstack.v2.module.PercyModule - onPreExecute: event=com.browserstack.v2.eventBus.Event@59a55731 {hook=PRE, instance=com.browserstack.v2.instance.AutomationFrameworkInstance@68e75af8, frameworkState=EXECUTE, arguments=[Ljava.lang.Object;@57605a75, command=[b2fca69ca77605e2352c2f7360a0c65b71c043b4, isElementDisplayed {id=00000000-0000-01cb-ffff-ffff000000a2}]}
14:16:58.657 [wikiAppTest@1] INFO  c.b.v2.module.WebdriverModule - afterCommandExecute: event=com.browserstack.v2.eventBus.Event@3c8672a5
14:16:58.662 [wikiAppTest@1] INFO  c.b.v2.module.WebdriverModule - beforeCommandExecute: event=com.browserstack.v2.eventBus.Event@c1684d0
14:16:58.662 [wikiAppTest@1] INFO  c.browserstack.v2.module.PercyModule - onPreExecute: event=com.browserstack.v2.eventBus.Event@c1684d0 {hook=PRE, instance=com.browserstack.v2.instance.AutomationFrameworkInstance@68e75af8, frameworkState=EXECUTE, arguments=[Ljava.lang.Object;@59f0d4d5, command=[b2fca69ca77605e2352c2f7360a0c65b71c043b4, isElementEnabled {id=00000000-0000-01cb-ffff-ffff000000a2}]}
14:16:58.729 [wikiAppTest@1] INFO  c.b.v2.module.WebdriverModule - afterCommandExecute: event=com.browserstack.v2.eventBus.Event@56ec8614
14:16:58.795 [wikiAppTest@1] INFO  c.b.v2.framework.TestNgFramework - trackEvent: found instance, testFrameworkState=TestFrameworkState.LOG hookState=HookState.PRE instance=-507620458
14:16:58.795 [wikiAppTest@1] INFO  c.b.v2.framework.TestNgFramework - trackEvent: load log entries
14:16:58.806 [wikiAppTest@1] INFO  c.b.v2.module.TestHubModule - sendLogCreatedEvent: event=com.browserstack.v2.eventBus.Event@492c4b4d, response=success: true

14:16:58.807 [wikiAppTest@1] INFO  c.b.v2.module.TestHubModule - sendLogCreatedEvent: event=com.browserstack.v2.eventBus.Event@492c4b4d
14:16:58.844 [wikiAppTest@1] INFO  c.b.v2.framework.TestNgFramework - trackEvent: found instance, testFrameworkState=TestFrameworkState.LOG hookState=HookState.PRE instance=-507620458
14:16:58.844 [wikiAppTest@1] INFO  c.b.v2.framework.TestNgFramework - trackEvent: load log entries
14:16:58.846 [wikiAppTest@1] INFO  c.b.v2.module.TestHubModule - sendLogCreatedEvent: event=com.browserstack.v2.eventBus.Event@443ee0a4, response=success: true

14:16:58.846 [wikiAppTest@1] INFO  c.b.v2.module.TestHubModule - sendLogCreatedEvent: event=com.browserstack.v2.eventBus.Event@443ee0a4
14:16:58.851 [wikiAppTest@1] INFO  c.b.v2.module.WebdriverModule - beforeCommandExecute: event=com.browserstack.v2.eventBus.Event@6b0291a2
14:16:58.851 [wikiAppTest@1] INFO  c.browserstack.v2.module.PercyModule - onPreExecute: event=com.browserstack.v2.eventBus.Event@6b0291a2 {hook=PRE, instance=com.browserstack.v2.instance.AutomationFrameworkInstance@68e75af8, frameworkState=EXECUTE, arguments=[Ljava.lang.Object;@37bbfcab, command=[b2fca69ca77605e2352c2f7360a0c65b71c043b4, sendKeysToElement {id=00000000-0000-01cb-ffff-ffff000000a2, value=[Ljava.lang.CharSequence;@7bbfd7e9}]}
14:16:58.946 [wikiAppTest@1] INFO  c.b.v2.module.WebdriverModule - afterCommandExecute: event=com.browserstack.v2.eventBus.Event@5f0581d3
14:17:03.955 [wikiAppTest@1] INFO  c.b.v2.module.WebdriverModule - beforeCommandExecute: event=com.browserstack.v2.eventBus.Event@e3d882d
14:17:03.955 [wikiAppTest@1] INFO  c.browserstack.v2.module.PercyModule - onPreExecute: event=com.browserstack.v2.eventBus.Event@e3d882d {hook=PRE, instance=com.browserstack.v2.instance.AutomationFrameworkInstance@68e75af8, frameworkState=EXECUTE, arguments=[Ljava.lang.Object;@69e09e1c, command=[b2fca69ca77605e2352c2f7360a0c65b71c043b4, findElements {using=class name, value=android.widget.TextView}]}
14:17:04.057 [wikiAppTest@1] INFO  c.b.v2.module.WebdriverModule - afterCommandExecute: event=com.browserstack.v2.eventBus.Event@5fa8009f
14:17:04.059 [wikiAppTest@1] INFO  c.b.v2.framework.TestNgFramework - trackEvent: found instance, testFrameworkState=TestFrameworkState.LOG_REPORT hookState=HookState.PRE instance=-507620458
14:17:04.059 [wikiAppTest@1] INFO  c.b.v2.framework.TestNgFramework - trackEvent: found instance, testFrameworkState=TestFrameworkState.LOG_REPORT hookState=HookState.POST instance=-507620458
14:17:04.059 [wikiAppTest@1] INFO  c.b.v2.framework.TestNgFramework - trackEvent: load test results
14:17:04.060 [wikiAppTest@1] INFO  c.b.v2.framework.TestNgFramework - trackEvent: found instance, testFrameworkState=TestFrameworkState.TEST hookState=HookState.POST instance=-507620458
14:17:04.060 [wikiAppTest@1] INFO  c.b.v2.module.WebdriverModule - onAfterTest: event=com.browserstack.v2.eventBus.Event@7d7f4fa2
14:17:04.426 [wikiAppTest@1] ERROR c.b.utils.SeleniumMethodUtils - Done for sessionid b2fca69ca77605e2352c2f7360a0c65b71c043b4
14:17:04.833 [wikiAppTest@1] INFO  c.b.v2.module.TestHubModule - onAfterTest: event={com.browserstack.v2.eventBus.Event@7d7f4fa2}
14:17:04.846 [wikiAppTest@1] INFO  c.b.v2.module.TestHubModule - sendTestSessionEvent: event=com.browserstack.v2.eventBus.Event@7d7f4fa2, response=success: true

14:17:04.855 [wikiAppTest@1] INFO  c.b.v2.module.TestHubModule - sendTestFrameworkEvent: event=com.browserstack.v2.eventBus.Event@7d7f4fa2, response=success: true

14:17:04.857 [wikiAppTest@1] INFO  c.browserstack.v2.module.PercyModule - onPostExecute: event=com.browserstack.v2.eventBus.Event@7d7f4fa2
14:17:04.860 [wikiAppTest@1] INFO  c.b.v2.framework.TestNgFramework - trackEvent: found instance, testFrameworkState=TestFrameworkState.LOG_REPORT hookState=HookState.PRE instance=-507620458
14:17:04.860 [wikiAppTest@1] INFO  c.b.v2.framework.TestNgFramework - trackEvent: found instance, testFrameworkState=TestFrameworkState.LOG_REPORT hookState=HookState.POST instance=-507620458
14:17:04.860 [wikiAppTest@1] INFO  c.b.v2.framework.TestNgFramework - trackEvent: load test results
14:17:04.861 [wikiAppTest@1] INFO  c.b.v2.framework.TestNgFramework - trackEvent: found instance, testFrameworkState=TestFrameworkState.TEST hookState=HookState.POST instance=-507620458
14:17:04.861 [wikiAppTest@1] INFO  c.b.v2.module.WebdriverModule - onAfterTest: event=com.browserstack.v2.eventBus.Event@6668dcd1
14:17:05.195 [wikiAppTest@1] ERROR c.b.utils.SeleniumMethodUtils - Done for sessionid b2fca69ca77605e2352c2f7360a0c65b71c043b4
14:17:05.515 [wikiAppTest@1] INFO  c.b.v2.module.TestHubModule - onAfterTest: event={com.browserstack.v2.eventBus.Event@6668dcd1}
14:17:05.526 [wikiAppTest@1] INFO  c.b.v2.module.TestHubModule - sendTestFrameworkEvent: event=com.browserstack.v2.eventBus.Event@6668dcd1, response=success: true

14:17:05.528 [wikiAppTest@1] INFO  c.browserstack.v2.module.PercyModule - onPostExecute: event=com.browserstack.v2.eventBus.Event@6668dcd1
14:17:05.530 [wikiAppTest@1] INFO  c.b.v2.framework.TestNgFramework - trackEvent: found instance, testFrameworkState=TestFrameworkState.AFTER_METHOD hookState=HookState.PRE instance=-507620458
14:17:05.530 [wikiAppTest@1] INFO  c.b.v2.framework.TestNgFramework - trackEvent: track hook events
14:17:05.547 [wikiAppTest@1] INFO  c.b.v2.framework.TestNgFramework - args CHECK = [TestResult name=tearDown status=STARTED method=AndroidBaseTest.tearDown()[pri:0, instance:app.android.AndroidTest@433348bc] output={null}]
14:17:05.547 [wikiAppTest@1] INFO  c.b.v2.framework.TestNgFramework - Hook Started in PRE key = AFTER_METHOD & hook = {hook_name=tearDown, hook_result=pending, test_file_path=DemoTestngSDK/src/test/java/app/android/AndroidTest.java, event_started_at=2025-04-18T14:17:05.547289, hook_id=2f77e682-0bbc-4d5d-b679-fceff8dc61f7, hook_logs=[], key=AFTER_METHOD, custom_metadata={}, test_location=DemoTestngSDK/src/test/java/app/android/AndroidTest.java}  and args = [[TestResult name=tearDown status=STARTED method=AndroidBaseTest.tearDown()[pri:0, instance:app.android.AndroidTest@433348bc] output={null}], AndroidBaseTest.tearDown()[pri:0, instance:app.android.AndroidTest@433348bc]]
14:17:05.547 [wikiAppTest@1] INFO  c.b.v2.framework.TestNgFramework - trackHookEvents: hook state=AFTER_METHOD.HookState.PRE , hooks started={BEFORE_METHOD=[], AFTER_METHOD=[{hook_name=tearDown, hook_result=pending, test_file_path=DemoTestngSDK/src/test/java/app/android/AndroidTest.java, event_started_at=2025-04-18T14:17:05.547289, hook_id=2f77e682-0bbc-4d5d-b679-fceff8dc61f7, hook_logs=[], key=AFTER_METHOD, custom_metadata={}, test_location=DemoTestngSDK/src/test/java/app/android/AndroidTest.java}]} , hooks finished={BEFORE_METHOD=[{hook_name=setUp, hook_result=passed, test_file_path=DemoTestngSDK/src/test/java/app/android/AndroidTest.java, event_started_at=2025-04-18T14:16:35.841109, hook_id=727328b2-5a14-468d-b627-4f4b7dda9981, hook_logs=[], logs=[], key=BEFORE_METHOD, custom_metadata={}, event_ended_at=2025-04-18T14:16:55.848061, test_location=DemoTestngSDK/src/test/java/app/android/AndroidTest.java}], AFTER_METHOD=[]}
14:17:05.549 [wikiAppTest@1] INFO  c.b.v2.module.TestHubModule - sendTestFrameworkEvent: event=com.browserstack.v2.eventBus.Event@1d040c3a, response=success: true

14:17:05.551 [tearDown@1] INFO  c.b.v2.module.WebdriverModule - onDriverQuit: event=com.browserstack.v2.eventBus.Event@5dc3e8bb
14:17:05.594 [tearDown@1] INFO  c.b.v2.framework.TestNgFramework - trackEvent: found instance, testFrameworkState=TestFrameworkState.LOG hookState=HookState.PRE instance=-507620458
14:17:05.594 [tearDown@1] INFO  c.b.v2.framework.TestNgFramework - trackEvent: load log entries
14:17:05.596 [tearDown@1] INFO  c.b.v2.module.TestHubModule - sendLogCreatedEvent: event=com.browserstack.v2.eventBus.Event@29e2916f, response=success: true

14:17:05.596 [tearDown@1] INFO  c.b.v2.module.TestHubModule - sendLogCreatedEvent: event=com.browserstack.v2.eventBus.Event@29e2916f
14:17:05.626 [tearDown@1] INFO  c.b.v2.framework.TestNgFramework - trackEvent: found instance, testFrameworkState=TestFrameworkState.LOG hookState=HookState.PRE instance=-507620458
14:17:05.626 [tearDown@1] INFO  c.b.v2.framework.TestNgFramework - trackEvent: load log entries
14:17:05.628 [tearDown@1] INFO  c.b.v2.module.TestHubModule - sendLogCreatedEvent: event=com.browserstack.v2.eventBus.Event@78c12d82, response=success: true

14:17:05.628 [tearDown@1] INFO  c.b.v2.module.TestHubModule - sendLogCreatedEvent: event=com.browserstack.v2.eventBus.Event@78c12d82
14:17:05.632 [tearDown@1] INFO  c.b.v2.module.WebdriverModule - beforeCommandExecute: event=com.browserstack.v2.eventBus.Event@6125a5d7
14:17:05.632 [tearDown@1] INFO  c.browserstack.v2.module.PercyModule - onPreExecute: event=com.browserstack.v2.eventBus.Event@6125a5d7 {hook=PRE, instance=com.browserstack.v2.instance.AutomationFrameworkInstance@68e75af8, frameworkState=EXECUTE, arguments=[Ljava.lang.Object;@32a68269, command=[b2fca69ca77605e2352c2f7360a0c65b71c043b4, quit {}]}
14:17:05.633 [tearDown@1] INFO  c.b.v2.module.WebdriverModule - beforeCommandExecute: event=com.browserstack.v2.eventBus.Event@2789760a
14:17:05.633 [tearDown@1] INFO  c.browserstack.v2.module.PercyModule - onPreExecute: event=com.browserstack.v2.eventBus.Event@2789760a {hook=PRE, instance=com.browserstack.v2.instance.AutomationFrameworkInstance@68e75af8, frameworkState=EXECUTE, arguments=[Ljava.lang.Object;@6b4e6431, command=[b2fca69ca77605e2352c2f7360a0c65b71c043b4, quit {}]}
14:17:06.887 [tearDown@1] INFO  c.b.v2.module.WebdriverModule - afterCommandExecute: event=com.browserstack.v2.eventBus.Event@6d7d06fb
14:17:06.887 [tearDown@1] INFO  c.b.v2.module.WebdriverModule - afterCommandExecute: event=com.browserstack.v2.eventBus.Event@2b379cd1
14:17:06.887 [tearDown@1] INFO  c.b.v2.framework.TestNgFramework - trackEvent: found instance, testFrameworkState=TestFrameworkState.AFTER_METHOD hookState=HookState.POST instance=-507620458
14:17:06.887 [tearDown@1] INFO  c.b.v2.framework.TestNgFramework - trackEvent: track hook events
14:17:06.903 [tearDown@1] INFO  c.b.v2.framework.TestNgFramework - args CHECK = [TestResult name=tearDown status=SUCCESS method=AndroidBaseTest.tearDown()[pri:0, instance:app.android.AndroidTest@433348bc] output={null}]
14:17:06.903 [tearDown@1] INFO  c.b.v2.framework.TestNgFramework - Hook List in Post [{hook_name=tearDown, hook_result=pending, test_file_path=DemoTestngSDK/src/test/java/app/android/AndroidTest.java, event_started_at=2025-04-18T14:17:05.547289, hook_id=2f77e682-0bbc-4d5d-b679-fceff8dc61f7, hook_logs=[], key=AFTER_METHOD, custom_metadata={}, test_location=DemoTestngSDK/src/test/java/app/android/AndroidTest.java}] and args = [[TestResult name=tearDown status=SUCCESS method=AndroidBaseTest.tearDown()[pri:0, instance:app.android.AndroidTest@433348bc] output={null}], AndroidBaseTest.tearDown()[pri:0, instance:app.android.AndroidTest@433348bc]]
14:17:06.903 [tearDown@1] INFO  c.b.v2.framework.TestNgFramework - Processing HookLevel attachments from directory: /Users/nithyamani/.browserstack/UploadedAttachments-55/HookLevel
14:17:06.903 [tearDown@1] INFO  c.b.v2.framework.TestNgFramework - Checking hookLevelFiles: []
14:17:06.903 [tearDown@1] INFO  c.b.v2.framework.TestNgFramework - checking Paths of files = /Users/nithyamani/.browserstack/UploadedAttachments-55/HookLevel/BuildLevelHookEvent and abs path = /Users/nithyamani/.browserstack/UploadedAttachments-55/HookLevel/BuildLevelHookEvent 
14:17:06.903 [tearDown@1] INFO  c.b.v2.framework.TestNgFramework - Processing BuildLevelHookEvent attachments from directory: /Users/nithyamani/.browserstack/UploadedAttachments-55/HookLevel/BuildLevelHookEvent
14:17:06.903 [tearDown@1] INFO  c.b.v2.framework.TestNgFramework - Processing TestLevel attachments eventLogs: []
14:17:06.903 [tearDown@1] INFO  c.b.v2.framework.TestNgFramework - sendLogCreatedEvent: No Log Events to send
14:17:06.904 [tearDown@1] INFO  c.b.v2.framework.TestNgFramework - trackHookEvents: hook state=AFTER_METHOD.HookState.POST , hooks started={BEFORE_METHOD=[], AFTER_METHOD=[]} , hooks finished={BEFORE_METHOD=[{hook_name=setUp, hook_result=passed, test_file_path=DemoTestngSDK/src/test/java/app/android/AndroidTest.java, event_started_at=2025-04-18T14:16:35.841109, hook_id=727328b2-5a14-468d-b627-4f4b7dda9981, hook_logs=[], logs=[], key=BEFORE_METHOD, custom_metadata={}, event_ended_at=2025-04-18T14:16:55.848061, test_location=DemoTestngSDK/src/test/java/app/android/AndroidTest.java}], AFTER_METHOD=[{hook_name=tearDown, hook_result=passed, test_file_path=DemoTestngSDK/src/test/java/app/android/AndroidTest.java, event_started_at=2025-04-18T14:17:05.547289, hook_id=2f77e682-0bbc-4d5d-b679-fceff8dc61f7, hook_logs=[], logs=[], key=AFTER_METHOD, custom_metadata={}, event_ended_at=2025-04-18T14:17:06.903773, test_location=DemoTestngSDK/src/test/java/app/android/AndroidTest.java}]}
14:17:06.907 [tearDown@1] INFO  c.b.v2.module.TestHubModule - sendTestFrameworkEvent: event=com.browserstack.v2.eventBus.Event@4d1c4cf3, response=success: true

14:17:06.910 [tearDown@1] INFO  c.b.v2.framework.TestNgFramework - trackTestNgTest: saved instance contextId=-507620458 target=AndroidTest-1@1 instances=[-507619496, -507620458, -507621420]
14:17:06.910 [tearDown@1] INFO  c.b.v2.framework.TestNgFramework - trackEvent: found instance, testFrameworkState=TestFrameworkState.BEFORE_METHOD hookState=HookState.PRE instance=-507620458
14:17:06.910 [tearDown@1] INFO  c.b.v2.framework.TestNgFramework - trackEvent: loaded common test data, testFrameworkState=TestFrameworkState.BEFORE_METHOD hookState=HookState.PRE instance=-507620458
14:17:06.910 [tearDown@1] INFO  c.b.v2.framework.TestNgFramework - trackEvent: track hook events
14:17:06.919 [tearDown@1] INFO  c.b.v2.framework.TestNgFramework - args CHECK = [TestResult name=setUp status=STARTED method=AndroidBaseTest.setUp()[pri:0, instance:app.android.AndroidTest@433348bc] output={null}]
14:17:06.919 [tearDown@1] INFO  c.b.v2.framework.TestNgFramework - Hook Started in PRE key = BEFORE_METHOD & hook = {hook_name=setUp, hook_result=pending, test_file_path=DemoTestngSDK/src/test/java/app/android/AndroidTest.java, event_started_at=2025-04-18T14:17:06.919810, hook_id=7fc34202-c7ba-48f5-984c-cd73a6a21807, hook_logs=[], key=BEFORE_METHOD, custom_metadata={}, test_location=DemoTestngSDK/src/test/java/app/android/AndroidTest.java}  and args = [[TestResult name=setUp status=STARTED method=AndroidBaseTest.setUp()[pri:0, instance:app.android.AndroidTest@433348bc] output={null}], AndroidBaseTest.setUp()[pri:0, instance:app.android.AndroidTest@433348bc]]
14:17:06.919 [tearDown@1] INFO  c.b.v2.framework.TestNgFramework - trackHookEvents: hook state=BEFORE_METHOD.HookState.PRE , hooks started={BEFORE_METHOD=[{hook_name=setUp, hook_result=pending, test_file_path=DemoTestngSDK/src/test/java/app/android/AndroidTest.java, event_started_at=2025-04-18T14:17:06.919810, hook_id=7fc34202-c7ba-48f5-984c-cd73a6a21807, hook_logs=[], key=BEFORE_METHOD, custom_metadata={}, test_location=DemoTestngSDK/src/test/java/app/android/AndroidTest.java}]} , hooks finished={BEFORE_METHOD=[]}
14:17:06.922 [tearDown@1] INFO  c.b.v2.module.TestHubModule - sendTestFrameworkEvent: event=com.browserstack.v2.eventBus.Event@2b2554c8, response=success: true

14:17:06.923 [setUp@1] INFO  c.b.v2.framework.SeleniumFramework - trackSeleniumTest: saved instance contextId=725869655 target=9903:55 instances=[725869655, 725869654, 725869656]
14:17:06.923 [setUp@1] INFO  c.b.v2.module.WebdriverModule - onBeforeDriverCreate: event=com.browserstack.v2.eventBus.Event@70fbf03
14:17:06.932 [setUp@1] INFO  c.b.v2.module.WebdriverModule - beforeCommandExecute: event=com.browserstack.v2.eventBus.Event@6d9e4f67
14:17:06.932 [setUp@1] INFO  c.browserstack.v2.module.PercyModule - onPreExecute: event=com.browserstack.v2.eventBus.Event@6d9e4f67 {hook=PRE, instance=com.browserstack.v2.instance.AutomationFrameworkInstance@666ab5d9, frameworkState=EXECUTE, arguments=[Ljava.lang.Object;@6dc95811, command=[null, newSession {capabilities=[{appium:app=bs://ab4ef2728d55a1407af120d11574fed602946647, bstack:options={userName=nithyamani3, accessKey=zQxNpUZ5pLuExoGFY68v, projectName=Demo SDK Appium Android, buildName=browserstack-testng-appium-suite 2.6.0, buildIdentifier=#1, source=testng:appium-sample-sdk:v1.0, appProfiling=true, appiumVersion=2.6.0, debug=false, networkLogs=true, consoleLogs=errors, interactiveDebugging=true, osVersion=11, platformName=android, hostName=NithyaMani-X7PQL3QXY5, browserstackSDK=TestNG-javaagent/1.32.2, buildProductMap={observability=true, accessibility=false, percy=true, automate=false, app_automate=true}, deviceName=Samsung Galaxy S21, useW3C=true, accessibilityOptions={}, testhubBuildUuid=o6xj3knicibwswkgwdnagyoa0gpktgr6hu8ad4bw}}], desiredCapabilities=Capabilities {appium:app: bs://ab4ef2728d55a1407af120..., bstack:options: {accessKey: zQxNpUZ5pLuExoGFY68v, accessibilityOptions: {}, appProfiling: true, appiumVersion: 2.6.0, browserstackSDK: TestNG-javaagent/1.32.2, buildIdentifier: #1, buildName: browserstack-testng-appium-..., buildProductMap: {accessibility: false, app_automate: true, automate: false, observability: true, percy: true}, consoleLogs: errors, debug: false, deviceName: Samsung Galaxy S21, hostName: NithyaMani-X7PQL3QXY5, interactiveDebugging: true, networkLogs: true, osVersion: 11, platformName: android, projectName: Demo SDK Appium Android, source: testng:appium-sample-sdk:v1.0, testhubBuildUuid: o6xj3knicibwswkgwdnagyoa0gp..., useW3C: true, userName: nithyamani3}}}]}
14:17:21.306 [setUp@2] INFO  c.b.v2.module.WebdriverModule - afterCommandExecute: event=com.browserstack.v2.eventBus.Event@769390f5
14:17:21.307 [setUp@2] INFO  c.b.v2.framework.SeleniumFramework - trackSeleniumTest: saved instance contextId=725869656 target=9903:56 instances=[725869655, 725869654, 725869656]
14:17:21.307 [setUp@2] INFO  c.b.v2.module.WebdriverModule - onDriverCreated: event=com.browserstack.v2.eventBus.Event@41679784
14:17:21.307 [setUp@2] INFO  c.b.v2.module.WebdriverModule - Found session id=d0be13089275a0c84fcaee648b4b02c327ac95eb for instance=com.browserstack.v2.instance.AutomationFrameworkInstance@5a36ee27
14:17:21.307 [setUp@2] INFO  c.b.v2.module.WebdriverModule - Driver added successfully to automationFramework
14:17:21.315 [setUp@2] INFO  c.b.v2.framework.TestNgFramework - trackEvent: found instance, testFrameworkState=TestFrameworkState.BEFORE_METHOD hookState=HookState.POST instance=-507619496
14:17:21.315 [setUp@2] INFO  c.b.v2.framework.TestNgFramework - trackEvent: loaded common test data, testFrameworkState=TestFrameworkState.BEFORE_METHOD hookState=HookState.POST instance=-507619496
14:17:21.315 [setUp@2] INFO  c.b.v2.framework.TestNgFramework - trackEvent: track hook events
14:17:21.333 [setUp@2] INFO  c.b.v2.framework.TestNgFramework - args CHECK = [TestResult name=setUp status=SUCCESS method=AndroidBaseTest.setUp()[pri:0, instance:app.android.AndroidTest@7ff35a3f] output={null}]
14:17:21.333 [setUp@2] INFO  c.b.v2.framework.TestNgFramework - Hook List in Post [{hook_name=setUp, hook_result=pending, test_file_path=DemoTestngSDK/src/test/java/app/android/AndroidTest.java, event_started_at=2025-04-18T14:16:50.533136, hook_id=1b4e2452-7f4d-4c5e-8ac1-50382b84e7a4, hook_logs=[], key=BEFORE_METHOD, custom_metadata={}, test_location=DemoTestngSDK/src/test/java/app/android/AndroidTest.java}] and args = [[TestResult name=setUp status=SUCCESS method=AndroidBaseTest.setUp()[pri:0, instance:app.android.AndroidTest@7ff35a3f] output={null}], AndroidBaseTest.setUp()[pri:0, instance:app.android.AndroidTest@7ff35a3f]]
14:17:21.333 [setUp@2] INFO  c.b.v2.framework.TestNgFramework - Processing HookLevel attachments from directory: /Users/nithyamani/.browserstack/UploadedAttachments-56/HookLevel
14:17:21.333 [setUp@2] INFO  c.b.v2.framework.TestNgFramework - Checking hookLevelFiles: []
14:17:21.333 [setUp@2] INFO  c.b.v2.framework.TestNgFramework - checking Paths of files = /Users/nithyamani/.browserstack/UploadedAttachments-56/HookLevel/BuildLevelHookEvent and abs path = /Users/nithyamani/.browserstack/UploadedAttachments-56/HookLevel/BuildLevelHookEvent 
14:17:21.333 [setUp@2] INFO  c.b.v2.framework.TestNgFramework - Processing BuildLevelHookEvent attachments from directory: /Users/nithyamani/.browserstack/UploadedAttachments-56/HookLevel/BuildLevelHookEvent
14:17:21.333 [setUp@2] INFO  c.b.v2.framework.TestNgFramework - Processing TestLevel attachments eventLogs: []
14:17:21.333 [setUp@2] INFO  c.b.v2.framework.TestNgFramework - sendLogCreatedEvent: No Log Events to send
14:17:21.333 [setUp@2] INFO  c.b.v2.framework.TestNgFramework - trackHookEvents: hook state=BEFORE_METHOD.HookState.POST , hooks started={BEFORE_METHOD=[]} , hooks finished={BEFORE_METHOD=[{hook_name=setUp, hook_result=passed, test_file_path=DemoTestngSDK/src/test/java/app/android/AndroidTest.java, event_started_at=2025-04-18T14:16:50.533136, hook_id=1b4e2452-7f4d-4c5e-8ac1-50382b84e7a4, hook_logs=[], logs=[], key=BEFORE_METHOD, custom_metadata={}, event_ended_at=2025-04-18T14:17:21.333747, test_location=DemoTestngSDK/src/test/java/app/android/AndroidTest.java}]}
14:17:21.337 [setUp@2] INFO  c.b.v2.module.TestHubModule - sendTestFrameworkEvent: event=com.browserstack.v2.eventBus.Event@1bb09854, response=success: true

14:17:21.339 [setUp@2] INFO  c.b.v2.framework.TestNgFramework - trackEvent: found instance, testFrameworkState=TestFrameworkState.TEST hookState=HookState.PRE instance=-507619496
14:17:21.349 [setUp@2] INFO  c.b.v2.framework.TestNgFramework - trackEvent: loaded initial test data to instance, testFrameworkState=TestFrameworkState.TEST hookState=HookState.PRE instance=-507619496
14:17:21.349 [setUp@2] INFO  c.b.v2.module.WebdriverModule - onBeforeTest: event=com.browserstack.v2.eventBus.Event@142b978c
14:17:21.351 [setUp@2] INFO  c.b.v2.module.TestHubModule - sendTestFrameworkEvent: event=com.browserstack.v2.eventBus.Event@142b978c, response=success: true

14:17:21.352 [setUp@2] INFO  c.b.v2.module.ObservabilityModule - onBeforeTest: event={instance=com.browserstack.v2.instance.TestFrameworkInstance@77727829, testFrameworkState=TestFrameworkState.TEST, testInstance=com.browserstack.v2.instance.TestFrameworkInstance@77727829, hookState=HookState.PRE}
14:17:21.352 [setUp@2] INFO  c.b.v2.module.ObservabilityModule - performO11ySync: Performing O11y Sync
14:17:21.381 [wikiAppTest@2] INFO  c.b.v2.module.WebdriverModule - beforeCommandExecute: event=com.browserstack.v2.eventBus.Event@4ad63ca4
14:17:21.381 [wikiAppTest@2] INFO  c.browserstack.v2.module.PercyModule - onPreExecute: event=com.browserstack.v2.eventBus.Event@4ad63ca4 {hook=PRE, instance=com.browserstack.v2.instance.AutomationFrameworkInstance@5a36ee27, frameworkState=EXECUTE, arguments=[Ljava.lang.Object;@332a7038, command=[d0be13089275a0c84fcaee648b4b02c327ac95eb, findElement {using=accessibility id, value=Search Wikipedia}]}
14:17:22.119 [wikiAppTest@2] INFO  c.b.v2.module.WebdriverModule - afterCommandExecute: event=com.browserstack.v2.eventBus.Event@72327b32
14:17:22.129 [wikiAppTest@2] INFO  c.b.v2.module.WebdriverModule - beforeCommandExecute: event=com.browserstack.v2.eventBus.Event@27a22277
14:17:22.129 [wikiAppTest@2] INFO  c.browserstack.v2.module.PercyModule - onPreExecute: event=com.browserstack.v2.eventBus.Event@27a22277 {hook=PRE, instance=com.browserstack.v2.instance.AutomationFrameworkInstance@5a36ee27, frameworkState=EXECUTE, arguments=[Ljava.lang.Object;@42d9be45, command=[d0be13089275a0c84fcaee648b4b02c327ac95eb, isElementDisplayed {id=00000000-0000-120a-ffff-ffff00000036}]}
14:17:22.445 [wikiAppTest@2] INFO  c.b.v2.module.WebdriverModule - afterCommandExecute: event=com.browserstack.v2.eventBus.Event@2353b6c7
14:17:22.451 [wikiAppTest@2] INFO  c.b.v2.module.WebdriverModule - beforeCommandExecute: event=com.browserstack.v2.eventBus.Event@3291d9b
14:17:22.452 [wikiAppTest@2] INFO  c.browserstack.v2.module.PercyModule - onPreExecute: event=com.browserstack.v2.eventBus.Event@3291d9b {hook=PRE, instance=com.browserstack.v2.instance.AutomationFrameworkInstance@5a36ee27, frameworkState=EXECUTE, arguments=[Ljava.lang.Object;@c8da02d, command=[d0be13089275a0c84fcaee648b4b02c327ac95eb, isElementEnabled {id=00000000-0000-120a-ffff-ffff00000036}]}
14:17:22.802 [wikiAppTest@2] INFO  c.b.v2.module.WebdriverModule - afterCommandExecute: event=com.browserstack.v2.eventBus.Event@32d6daf5
14:17:22.807 [wikiAppTest@2] INFO  c.b.v2.module.WebdriverModule - beforeCommandExecute: event=com.browserstack.v2.eventBus.Event@3d34d2cd
14:17:22.807 [wikiAppTest@2] INFO  c.browserstack.v2.module.PercyModule - onPreExecute: event=com.browserstack.v2.eventBus.Event@3d34d2cd {hook=PRE, instance=com.browserstack.v2.instance.AutomationFrameworkInstance@5a36ee27, frameworkState=EXECUTE, arguments=[Ljava.lang.Object;@5c59918e, command=[d0be13089275a0c84fcaee648b4b02c327ac95eb, clickElement {id=00000000-0000-120a-ffff-ffff00000036}]}
14:17:24.289 [wikiAppTest@2] INFO  c.b.v2.module.WebdriverModule - afterCommandExecute: event=com.browserstack.v2.eventBus.Event@39d92b0a
14:17:24.294 [wikiAppTest@2] INFO  c.b.v2.module.WebdriverModule - beforeCommandExecute: event=com.browserstack.v2.eventBus.Event@3880971e
14:17:24.295 [wikiAppTest@2] INFO  c.browserstack.v2.module.PercyModule - onPreExecute: event=com.browserstack.v2.eventBus.Event@3880971e {hook=PRE, instance=com.browserstack.v2.instance.AutomationFrameworkInstance@5a36ee27, frameworkState=EXECUTE, arguments=[Ljava.lang.Object;@741f39d8, command=[d0be13089275a0c84fcaee648b4b02c327ac95eb, findElement {using=id, value=org.wikipedia.alpha:id/search_src_text}]}
14:17:25.885 [wikiAppTest@2] INFO  c.b.v2.module.WebdriverModule - afterCommandExecute: event=com.browserstack.v2.eventBus.Event@191f9a42
14:17:25.888 [wikiAppTest@2] INFO  c.b.v2.module.WebdriverModule - beforeCommandExecute: event=com.browserstack.v2.eventBus.Event@eef0bb6
14:17:25.888 [wikiAppTest@2] INFO  c.browserstack.v2.module.PercyModule - onPreExecute: event=com.browserstack.v2.eventBus.Event@eef0bb6 {hook=PRE, instance=com.browserstack.v2.instance.AutomationFrameworkInstance@5a36ee27, frameworkState=EXECUTE, arguments=[Ljava.lang.Object;@f1814a8, command=[d0be13089275a0c84fcaee648b4b02c327ac95eb, isElementDisplayed {id=00000000-0000-120a-ffff-ffff000000a6}]}
14:17:26.169 [wikiAppTest@2] INFO  c.b.v2.module.WebdriverModule - afterCommandExecute: event=com.browserstack.v2.eventBus.Event@6ab05283
14:17:26.171 [wikiAppTest@2] INFO  c.b.v2.module.WebdriverModule - beforeCommandExecute: event=com.browserstack.v2.eventBus.Event@5eb54e76
14:17:26.171 [wikiAppTest@2] INFO  c.browserstack.v2.module.PercyModule - onPreExecute: event=com.browserstack.v2.eventBus.Event@5eb54e76 {hook=PRE, instance=com.browserstack.v2.instance.AutomationFrameworkInstance@5a36ee27, frameworkState=EXECUTE, arguments=[Ljava.lang.Object;@11c7ac5c, command=[d0be13089275a0c84fcaee648b4b02c327ac95eb, isElementEnabled {id=00000000-0000-120a-ffff-ffff000000a6}]}
14:17:26.493 [wikiAppTest@2] INFO  c.b.v2.module.WebdriverModule - afterCommandExecute: event=com.browserstack.v2.eventBus.Event@790bd0ad
14:17:26.659 [wikiAppTest@2] INFO  c.b.v2.framework.TestNgFramework - trackEvent: found instance, testFrameworkState=TestFrameworkState.LOG hookState=HookState.PRE instance=-507619496
14:17:26.660 [wikiAppTest@2] INFO  c.b.v2.framework.TestNgFramework - trackEvent: load log entries
14:17:26.672 [wikiAppTest@2] INFO  c.b.v2.module.TestHubModule - sendLogCreatedEvent: event=com.browserstack.v2.eventBus.Event@30fd151b, response=success: true

14:17:26.673 [wikiAppTest@2] INFO  c.b.v2.module.TestHubModule - sendLogCreatedEvent: event=com.browserstack.v2.eventBus.Event@30fd151b
14:17:26.711 [wikiAppTest@2] INFO  c.b.v2.framework.TestNgFramework - trackEvent: found instance, testFrameworkState=TestFrameworkState.LOG hookState=HookState.PRE instance=-507619496
14:17:26.711 [wikiAppTest@2] INFO  c.b.v2.framework.TestNgFramework - trackEvent: load log entries
14:17:26.719 [wikiAppTest@2] INFO  c.b.v2.module.TestHubModule - sendLogCreatedEvent: event=com.browserstack.v2.eventBus.Event@54b9cfd5, response=success: true

14:17:26.719 [wikiAppTest@2] INFO  c.b.v2.module.TestHubModule - sendLogCreatedEvent: event=com.browserstack.v2.eventBus.Event@54b9cfd5
14:17:26.731 [wikiAppTest@2] INFO  c.b.v2.module.WebdriverModule - beforeCommandExecute: event=com.browserstack.v2.eventBus.Event@4a026e9
14:17:26.731 [wikiAppTest@2] INFO  c.browserstack.v2.module.PercyModule - onPreExecute: event=com.browserstack.v2.eventBus.Event@4a026e9 {hook=PRE, instance=com.browserstack.v2.instance.AutomationFrameworkInstance@5a36ee27, frameworkState=EXECUTE, arguments=[Ljava.lang.Object;@41932da9, command=[d0be13089275a0c84fcaee648b4b02c327ac95eb, sendKeysToElement {id=00000000-0000-120a-ffff-ffff000000a6, value=[Ljava.lang.CharSequence;@47cf7aa4}]}
14:17:26.957 [setUp@1] INFO  c.b.v2.module.WebdriverModule - afterCommandExecute: event=com.browserstack.v2.eventBus.Event@2b604373
14:17:26.957 [setUp@1] INFO  c.b.v2.framework.SeleniumFramework - trackSeleniumTest: saved instance contextId=725869655 target=9903:55 instances=[725869655, 725869654, 725869656]
14:17:26.957 [setUp@1] INFO  c.b.v2.module.WebdriverModule - onDriverCreated: event=com.browserstack.v2.eventBus.Event@1741869b
14:17:26.957 [setUp@1] INFO  c.b.v2.module.WebdriverModule - Found session id=dba4b20e3b7e63ec2f63017dda1758291904ff91 for instance=com.browserstack.v2.instance.AutomationFrameworkInstance@666ab5d9
14:17:26.957 [setUp@1] INFO  c.b.v2.module.WebdriverModule - Driver added successfully to automationFramework
14:17:26.965 [setUp@1] INFO  c.b.v2.framework.TestNgFramework - trackEvent: found instance, testFrameworkState=TestFrameworkState.BEFORE_METHOD hookState=HookState.POST instance=-507620458
14:17:26.965 [setUp@1] INFO  c.b.v2.framework.TestNgFramework - trackEvent: loaded common test data, testFrameworkState=TestFrameworkState.BEFORE_METHOD hookState=HookState.POST instance=-507620458
14:17:26.965 [setUp@1] INFO  c.b.v2.framework.TestNgFramework - trackEvent: track hook events
14:17:26.993 [setUp@1] INFO  c.b.v2.framework.TestNgFramework - args CHECK = [TestResult name=setUp status=SUCCESS method=AndroidBaseTest.setUp()[pri:0, instance:app.android.AndroidTest@433348bc] output={null}]
14:17:26.993 [setUp@1] INFO  c.b.v2.framework.TestNgFramework - Hook List in Post [{hook_name=setUp, hook_result=pending, test_file_path=DemoTestngSDK/src/test/java/app/android/AndroidTest.java, event_started_at=2025-04-18T14:17:06.919810, hook_id=7fc34202-c7ba-48f5-984c-cd73a6a21807, hook_logs=[], key=BEFORE_METHOD, custom_metadata={}, test_location=DemoTestngSDK/src/test/java/app/android/AndroidTest.java}] and args = [[TestResult name=setUp status=SUCCESS method=AndroidBaseTest.setUp()[pri:0, instance:app.android.AndroidTest@433348bc] output={null}], AndroidBaseTest.setUp()[pri:0, instance:app.android.AndroidTest@433348bc]]
14:17:26.993 [setUp@1] INFO  c.b.v2.framework.TestNgFramework - Processing HookLevel attachments from directory: /Users/nithyamani/.browserstack/UploadedAttachments-55/HookLevel
14:17:26.993 [setUp@1] INFO  c.b.v2.framework.TestNgFramework - Checking hookLevelFiles: []
14:17:26.993 [setUp@1] INFO  c.b.v2.framework.TestNgFramework - checking Paths of files = /Users/nithyamani/.browserstack/UploadedAttachments-55/HookLevel/BuildLevelHookEvent and abs path = /Users/nithyamani/.browserstack/UploadedAttachments-55/HookLevel/BuildLevelHookEvent 
14:17:26.993 [setUp@1] INFO  c.b.v2.framework.TestNgFramework - Processing BuildLevelHookEvent attachments from directory: /Users/nithyamani/.browserstack/UploadedAttachments-55/HookLevel/BuildLevelHookEvent
14:17:26.993 [setUp@1] INFO  c.b.v2.framework.TestNgFramework - Processing TestLevel attachments eventLogs: []
14:17:26.993 [setUp@1] INFO  c.b.v2.framework.TestNgFramework - sendLogCreatedEvent: No Log Events to send
14:17:26.993 [setUp@1] INFO  c.b.v2.framework.TestNgFramework - trackHookEvents: hook state=BEFORE_METHOD.HookState.POST , hooks started={BEFORE_METHOD=[]} , hooks finished={BEFORE_METHOD=[{hook_name=setUp, hook_result=passed, test_file_path=DemoTestngSDK/src/test/java/app/android/AndroidTest.java, event_started_at=2025-04-18T14:17:06.919810, hook_id=7fc34202-c7ba-48f5-984c-cd73a6a21807, hook_logs=[], logs=[], key=BEFORE_METHOD, custom_metadata={}, event_ended_at=2025-04-18T14:17:26.993509, test_location=DemoTestngSDK/src/test/java/app/android/AndroidTest.java}]}
14:17:26.996 [setUp@1] INFO  c.b.v2.module.TestHubModule - sendTestFrameworkEvent: event=com.browserstack.v2.eventBus.Event@2a9b0768, response=success: true

14:17:26.998 [setUp@1] INFO  c.b.v2.framework.TestNgFramework - trackEvent: found instance, testFrameworkState=TestFrameworkState.TEST hookState=HookState.PRE instance=-507620458
14:17:27.008 [setUp@1] INFO  c.b.v2.framework.TestNgFramework - trackEvent: loaded initial test data to instance, testFrameworkState=TestFrameworkState.TEST hookState=HookState.PRE instance=-507620458
14:17:27.008 [setUp@1] INFO  c.b.v2.module.WebdriverModule - onBeforeTest: event=com.browserstack.v2.eventBus.Event@2933a4a4
14:17:27.012 [setUp@1] INFO  c.b.v2.module.TestHubModule - sendTestFrameworkEvent: event=com.browserstack.v2.eventBus.Event@2933a4a4, response=success: true

14:17:27.013 [setUp@1] INFO  c.b.v2.module.ObservabilityModule - onBeforeTest: event={instance=com.browserstack.v2.instance.TestFrameworkInstance@45b606c5, testFrameworkState=TestFrameworkState.TEST, testInstance=com.browserstack.v2.instance.TestFrameworkInstance@45b606c5, hookState=HookState.PRE}
14:17:27.013 [setUp@1] INFO  c.b.v2.module.ObservabilityModule - performO11ySync: Performing O11y Sync
14:17:27.045 [wikiAppTest@1] INFO  c.b.v2.module.WebdriverModule - beforeCommandExecute: event=com.browserstack.v2.eventBus.Event@6a62ff75
14:17:27.045 [wikiAppTest@1] INFO  c.browserstack.v2.module.PercyModule - onPreExecute: event=com.browserstack.v2.eventBus.Event@6a62ff75 {hook=PRE, instance=com.browserstack.v2.instance.AutomationFrameworkInstance@666ab5d9, frameworkState=EXECUTE, arguments=[Ljava.lang.Object;@286974a4, command=[dba4b20e3b7e63ec2f63017dda1758291904ff91, findElement {using=accessibility id, value=Search Wikipedia}]}
14:17:27.988 [wikiAppTest@2] INFO  c.b.v2.module.WebdriverModule - afterCommandExecute: event=com.browserstack.v2.eventBus.Event@455fb602
14:17:28.499 [wikiAppTest@1] INFO  c.b.v2.module.WebdriverModule - afterCommandExecute: event=com.browserstack.v2.eventBus.Event@cfd83
14:17:28.505 [wikiAppTest@1] INFO  c.b.v2.module.WebdriverModule - beforeCommandExecute: event=com.browserstack.v2.eventBus.Event@4d74135c
14:17:28.505 [wikiAppTest@1] INFO  c.browserstack.v2.module.PercyModule - onPreExecute: event=com.browserstack.v2.eventBus.Event@4d74135c {hook=PRE, instance=com.browserstack.v2.instance.AutomationFrameworkInstance@666ab5d9, frameworkState=EXECUTE, arguments=[Ljava.lang.Object;@3e77d83e, command=[dba4b20e3b7e63ec2f63017dda1758291904ff91, isElementDisplayed {id=00000000-0000-0170-ffff-ffff00000036}]}
14:17:28.584 [wikiAppTest@1] INFO  c.b.v2.module.WebdriverModule - afterCommandExecute: event=com.browserstack.v2.eventBus.Event@59f0ca96
14:17:28.591 [wikiAppTest@1] INFO  c.b.v2.module.WebdriverModule - beforeCommandExecute: event=com.browserstack.v2.eventBus.Event@7fa618d4
14:17:28.591 [wikiAppTest@1] INFO  c.browserstack.v2.module.PercyModule - onPreExecute: event=com.browserstack.v2.eventBus.Event@7fa618d4 {hook=PRE, instance=com.browserstack.v2.instance.AutomationFrameworkInstance@666ab5d9, frameworkState=EXECUTE, arguments=[Ljava.lang.Object;@7f108936, command=[dba4b20e3b7e63ec2f63017dda1758291904ff91, isElementEnabled {id=00000000-0000-0170-ffff-ffff00000036}]}
14:17:28.658 [wikiAppTest@1] INFO  c.b.v2.module.WebdriverModule - afterCommandExecute: event=com.browserstack.v2.eventBus.Event@20eb5838
14:17:28.723 [wikiAppTest@1] INFO  c.b.v2.framework.TestNgFramework - trackEvent: found instance, testFrameworkState=TestFrameworkState.LOG hookState=HookState.PRE instance=-507620458
14:17:28.723 [wikiAppTest@1] INFO  c.b.v2.framework.TestNgFramework - trackEvent: load log entries
14:17:28.729 [wikiAppTest@1] INFO  c.b.v2.module.TestHubModule - sendLogCreatedEvent: event=com.browserstack.v2.eventBus.Event@523bdece, response=success: true

14:17:28.729 [wikiAppTest@1] INFO  c.b.v2.module.TestHubModule - sendLogCreatedEvent: event=com.browserstack.v2.eventBus.Event@523bdece
14:17:28.760 [wikiAppTest@1] INFO  c.b.v2.framework.TestNgFramework - trackEvent: found instance, testFrameworkState=TestFrameworkState.LOG hookState=HookState.PRE instance=-507620458
14:17:28.760 [wikiAppTest@1] INFO  c.b.v2.framework.TestNgFramework - trackEvent: load log entries
14:17:28.762 [wikiAppTest@1] INFO  c.b.v2.module.TestHubModule - sendLogCreatedEvent: event=com.browserstack.v2.eventBus.Event@718bc59e, response=success: true

14:17:28.762 [wikiAppTest@1] INFO  c.b.v2.module.TestHubModule - sendLogCreatedEvent: event=com.browserstack.v2.eventBus.Event@718bc59e
14:17:28.768 [wikiAppTest@1] INFO  c.b.v2.module.WebdriverModule - beforeCommandExecute: event=com.browserstack.v2.eventBus.Event@21596e0d
14:17:28.768 [wikiAppTest@1] INFO  c.browserstack.v2.module.PercyModule - onPreExecute: event=com.browserstack.v2.eventBus.Event@21596e0d {hook=PRE, instance=com.browserstack.v2.instance.AutomationFrameworkInstance@666ab5d9, frameworkState=EXECUTE, arguments=[Ljava.lang.Object;@87f58d2, command=[dba4b20e3b7e63ec2f63017dda1758291904ff91, clickElement {id=00000000-0000-0170-ffff-ffff00000036}]}
14:17:28.905 [wikiAppTest@1] INFO  c.b.v2.module.WebdriverModule - afterCommandExecute: event=com.browserstack.v2.eventBus.Event@1827bae3
14:17:28.915 [wikiAppTest@1] INFO  c.b.v2.module.WebdriverModule - beforeCommandExecute: event=com.browserstack.v2.eventBus.Event@1f12cb57
14:17:28.915 [wikiAppTest@1] INFO  c.browserstack.v2.module.PercyModule - onPreExecute: event=com.browserstack.v2.eventBus.Event@1f12cb57 {hook=PRE, instance=com.browserstack.v2.instance.AutomationFrameworkInstance@666ab5d9, frameworkState=EXECUTE, arguments=[Ljava.lang.Object;@566e02ff, command=[dba4b20e3b7e63ec2f63017dda1758291904ff91, findElement {using=id, value=org.wikipedia.alpha:id/search_src_text}]}
14:17:29.802 [wikiAppTest@1] INFO  c.b.v2.module.WebdriverModule - afterCommandExecute: event=com.browserstack.v2.eventBus.Event@2daed346
14:17:29.813 [wikiAppTest@1] INFO  c.b.v2.module.WebdriverModule - beforeCommandExecute: event=com.browserstack.v2.eventBus.Event@197abea4
14:17:29.813 [wikiAppTest@1] INFO  c.browserstack.v2.module.PercyModule - onPreExecute: event=com.browserstack.v2.eventBus.Event@197abea4 {hook=PRE, instance=com.browserstack.v2.instance.AutomationFrameworkInstance@666ab5d9, frameworkState=EXECUTE, arguments=[Ljava.lang.Object;@51096095, command=[dba4b20e3b7e63ec2f63017dda1758291904ff91, isElementDisplayed {id=00000000-0000-0170-ffff-ffff000000a2}]}
14:17:29.880 [wikiAppTest@1] INFO  c.b.v2.module.WebdriverModule - afterCommandExecute: event=com.browserstack.v2.eventBus.Event@ae6bd11
14:17:29.887 [wikiAppTest@1] INFO  c.b.v2.module.WebdriverModule - beforeCommandExecute: event=com.browserstack.v2.eventBus.Event@43adc0b7
14:17:29.888 [wikiAppTest@1] INFO  c.browserstack.v2.module.PercyModule - onPreExecute: event=com.browserstack.v2.eventBus.Event@43adc0b7 {hook=PRE, instance=com.browserstack.v2.instance.AutomationFrameworkInstance@666ab5d9, frameworkState=EXECUTE, arguments=[Ljava.lang.Object;@59ba0d9f, command=[dba4b20e3b7e63ec2f63017dda1758291904ff91, isElementEnabled {id=00000000-0000-0170-ffff-ffff000000a2}]}
14:17:29.957 [wikiAppTest@1] INFO  c.b.v2.module.WebdriverModule - afterCommandExecute: event=com.browserstack.v2.eventBus.Event@660b3d8c
14:17:30.014 [wikiAppTest@1] INFO  c.b.v2.framework.TestNgFramework - trackEvent: found instance, testFrameworkState=TestFrameworkState.LOG hookState=HookState.PRE instance=-507620458
14:17:30.014 [wikiAppTest@1] INFO  c.b.v2.framework.TestNgFramework - trackEvent: load log entries
14:17:30.022 [wikiAppTest@1] INFO  c.b.v2.module.TestHubModule - sendLogCreatedEvent: event=com.browserstack.v2.eventBus.Event@730d6a67, response=success: true

14:17:30.022 [wikiAppTest@1] INFO  c.b.v2.module.TestHubModule - sendLogCreatedEvent: event=com.browserstack.v2.eventBus.Event@730d6a67
14:17:30.057 [wikiAppTest@1] INFO  c.b.v2.framework.TestNgFramework - trackEvent: found instance, testFrameworkState=TestFrameworkState.LOG hookState=HookState.PRE instance=-507620458
14:17:30.057 [wikiAppTest@1] INFO  c.b.v2.framework.TestNgFramework - trackEvent: load log entries
14:17:30.067 [wikiAppTest@1] INFO  c.b.v2.module.TestHubModule - sendLogCreatedEvent: event=com.browserstack.v2.eventBus.Event@1de82f4b, response=success: true

14:17:30.067 [wikiAppTest@1] INFO  c.b.v2.module.TestHubModule - sendLogCreatedEvent: event=com.browserstack.v2.eventBus.Event@1de82f4b
14:17:30.077 [wikiAppTest@1] INFO  c.b.v2.module.WebdriverModule - beforeCommandExecute: event=com.browserstack.v2.eventBus.Event@6fc3e3ce
14:17:30.077 [wikiAppTest@1] INFO  c.browserstack.v2.module.PercyModule - onPreExecute: event=com.browserstack.v2.eventBus.Event@6fc3e3ce {hook=PRE, instance=com.browserstack.v2.instance.AutomationFrameworkInstance@666ab5d9, frameworkState=EXECUTE, arguments=[Ljava.lang.Object;@48da54df, command=[dba4b20e3b7e63ec2f63017dda1758291904ff91, sendKeysToElement {id=00000000-0000-0170-ffff-ffff000000a2, value=[Ljava.lang.CharSequence;@13cde0d3}]}
14:17:30.804 [wikiAppTest@1] INFO  c.b.v2.module.WebdriverModule - afterCommandExecute: event=com.browserstack.v2.eventBus.Event@60190156
14:17:33.008 [wikiAppTest@2] INFO  c.b.v2.module.WebdriverModule - beforeCommandExecute: event=com.browserstack.v2.eventBus.Event@20daa4fe
14:17:33.009 [wikiAppTest@2] INFO  c.browserstack.v2.module.PercyModule - onPreExecute: event=com.browserstack.v2.eventBus.Event@20daa4fe {hook=PRE, instance=com.browserstack.v2.instance.AutomationFrameworkInstance@5a36ee27, frameworkState=EXECUTE, arguments=[Ljava.lang.Object;@e53c2a, command=[d0be13089275a0c84fcaee648b4b02c327ac95eb, findElements {using=class name, value=android.widget.TextView}]}
14:17:33.543 [wikiAppTest@2] INFO  c.b.v2.module.WebdriverModule - afterCommandExecute: event=com.browserstack.v2.eventBus.Event@3f47a71b
14:17:33.548 [wikiAppTest@2] INFO  c.b.v2.framework.TestNgFramework - trackEvent: found instance, testFrameworkState=TestFrameworkState.LOG_REPORT hookState=HookState.PRE instance=-507619496
14:17:33.548 [wikiAppTest@2] INFO  c.b.v2.framework.TestNgFramework - trackEvent: found instance, testFrameworkState=TestFrameworkState.LOG_REPORT hookState=HookState.POST instance=-507619496
14:17:33.548 [wikiAppTest@2] INFO  c.b.v2.framework.TestNgFramework - trackEvent: load test results
14:17:33.549 [wikiAppTest@2] INFO  c.b.v2.framework.TestNgFramework - trackEvent: found instance, testFrameworkState=TestFrameworkState.TEST hookState=HookState.POST instance=-507619496
14:17:33.549 [wikiAppTest@2] INFO  c.b.v2.module.WebdriverModule - onAfterTest: event=com.browserstack.v2.eventBus.Event@237e5e7a
14:17:33.921 [wikiAppTest@2] ERROR c.b.utils.SeleniumMethodUtils - Done for sessionid d0be13089275a0c84fcaee648b4b02c327ac95eb
14:17:34.318 [wikiAppTest@2] INFO  c.b.v2.module.TestHubModule - onAfterTest: event={com.browserstack.v2.eventBus.Event@237e5e7a}
14:17:34.348 [wikiAppTest@2] INFO  c.b.v2.module.TestHubModule - sendTestSessionEvent: event=com.browserstack.v2.eventBus.Event@237e5e7a, response=success: true

14:17:34.363 [wikiAppTest@2] INFO  c.b.v2.module.TestHubModule - sendTestFrameworkEvent: event=com.browserstack.v2.eventBus.Event@237e5e7a, response=success: true

14:17:34.365 [wikiAppTest@2] INFO  c.browserstack.v2.module.PercyModule - onPostExecute: event=com.browserstack.v2.eventBus.Event@237e5e7a
14:17:34.365 [wikiAppTest@2] INFO  c.b.v2.framework.TestNgFramework - trackEvent: found instance, testFrameworkState=TestFrameworkState.LOG_REPORT hookState=HookState.PRE instance=-507619496
14:17:34.365 [wikiAppTest@2] INFO  c.b.v2.framework.TestNgFramework - trackEvent: found instance, testFrameworkState=TestFrameworkState.LOG_REPORT hookState=HookState.POST instance=-507619496
14:17:34.365 [wikiAppTest@2] INFO  c.b.v2.framework.TestNgFramework - trackEvent: load test results
14:17:34.366 [wikiAppTest@2] INFO  c.b.v2.framework.TestNgFramework - trackEvent: found instance, testFrameworkState=TestFrameworkState.TEST hookState=HookState.POST instance=-507619496
14:17:34.366 [wikiAppTest@2] INFO  c.b.v2.module.WebdriverModule - onAfterTest: event=com.browserstack.v2.eventBus.Event@372b218d
14:17:34.728 [wikiAppTest@2] ERROR c.b.utils.SeleniumMethodUtils - Done for sessionid d0be13089275a0c84fcaee648b4b02c327ac95eb
14:17:35.068 [wikiAppTest@2] INFO  c.b.v2.module.TestHubModule - onAfterTest: event={com.browserstack.v2.eventBus.Event@372b218d}
14:17:35.095 [wikiAppTest@2] INFO  c.b.v2.module.TestHubModule - sendTestFrameworkEvent: event=com.browserstack.v2.eventBus.Event@372b218d, response=success: true

14:17:35.103 [wikiAppTest@2] INFO  c.browserstack.v2.module.PercyModule - onPostExecute: event=com.browserstack.v2.eventBus.Event@372b218d
14:17:35.104 [wikiAppTest@2] INFO  c.b.v2.framework.TestNgFramework - trackEvent: found instance, testFrameworkState=TestFrameworkState.AFTER_METHOD hookState=HookState.PRE instance=-507619496
14:17:35.104 [wikiAppTest@2] INFO  c.b.v2.framework.TestNgFramework - trackEvent: track hook events
14:17:35.130 [wikiAppTest@2] INFO  c.b.v2.framework.TestNgFramework - args CHECK = [TestResult name=tearDown status=STARTED method=AndroidBaseTest.tearDown()[pri:0, instance:app.android.AndroidTest@7ff35a3f] output={null}]
14:17:35.130 [wikiAppTest@2] INFO  c.b.v2.framework.TestNgFramework - Hook Started in PRE key = AFTER_METHOD & hook = {hook_name=tearDown, hook_result=pending, test_file_path=DemoTestngSDK/src/test/java/app/android/AndroidTest.java, event_started_at=2025-04-18T14:17:35.130645, hook_id=32397f0c-82a8-40c0-8c63-f65fa33e1379, hook_logs=[], key=AFTER_METHOD, custom_metadata={}, test_location=DemoTestngSDK/src/test/java/app/android/AndroidTest.java}  and args = [[TestResult name=tearDown status=STARTED method=AndroidBaseTest.tearDown()[pri:0, instance:app.android.AndroidTest@7ff35a3f] output={null}], AndroidBaseTest.tearDown()[pri:0, instance:app.android.AndroidTest@7ff35a3f]]
14:17:35.130 [wikiAppTest@2] INFO  c.b.v2.framework.TestNgFramework - trackHookEvents: hook state=AFTER_METHOD.HookState.PRE , hooks started={BEFORE_METHOD=[], AFTER_METHOD=[{hook_name=tearDown, hook_result=pending, test_file_path=DemoTestngSDK/src/test/java/app/android/AndroidTest.java, event_started_at=2025-04-18T14:17:35.130645, hook_id=32397f0c-82a8-40c0-8c63-f65fa33e1379, hook_logs=[], key=AFTER_METHOD, custom_metadata={}, test_location=DemoTestngSDK/src/test/java/app/android/AndroidTest.java}]} , hooks finished={BEFORE_METHOD=[{hook_name=setUp, hook_result=passed, test_file_path=DemoTestngSDK/src/test/java/app/android/AndroidTest.java, event_started_at=2025-04-18T14:16:50.533136, hook_id=1b4e2452-7f4d-4c5e-8ac1-50382b84e7a4, hook_logs=[], logs=[], key=BEFORE_METHOD, custom_metadata={}, event_ended_at=2025-04-18T14:17:21.333747, test_location=DemoTestngSDK/src/test/java/app/android/AndroidTest.java}], AFTER_METHOD=[]}
14:17:35.133 [wikiAppTest@2] INFO  c.b.v2.module.TestHubModule - sendTestFrameworkEvent: event=com.browserstack.v2.eventBus.Event@3b3c185d, response=success: true

14:17:35.135 [tearDown@2] INFO  c.b.v2.module.WebdriverModule - onDriverQuit: event=com.browserstack.v2.eventBus.Event@6cb26a48
14:17:35.174 [tearDown@2] INFO  c.b.v2.framework.TestNgFramework - trackEvent: found instance, testFrameworkState=TestFrameworkState.LOG hookState=HookState.PRE instance=-507619496
14:17:35.174 [tearDown@2] INFO  c.b.v2.framework.TestNgFramework - trackEvent: load log entries
14:17:35.178 [tearDown@2] INFO  c.b.v2.module.TestHubModule - sendLogCreatedEvent: event=com.browserstack.v2.eventBus.Event@d8b268c, response=success: true

14:17:35.178 [tearDown@2] INFO  c.b.v2.module.TestHubModule - sendLogCreatedEvent: event=com.browserstack.v2.eventBus.Event@d8b268c
14:17:35.209 [tearDown@2] INFO  c.b.v2.framework.TestNgFramework - trackEvent: found instance, testFrameworkState=TestFrameworkState.LOG hookState=HookState.PRE instance=-507619496
14:17:35.209 [tearDown@2] INFO  c.b.v2.framework.TestNgFramework - trackEvent: load log entries
14:17:35.210 [tearDown@2] INFO  c.b.v2.module.TestHubModule - sendLogCreatedEvent: event=com.browserstack.v2.eventBus.Event@6b2e3aef, response=success: true

14:17:35.210 [tearDown@2] INFO  c.b.v2.module.TestHubModule - sendLogCreatedEvent: event=com.browserstack.v2.eventBus.Event@6b2e3aef
14:17:35.214 [tearDown@2] INFO  c.b.v2.module.WebdriverModule - beforeCommandExecute: event=com.browserstack.v2.eventBus.Event@71fe7303
14:17:35.214 [tearDown@2] INFO  c.browserstack.v2.module.PercyModule - onPreExecute: event=com.browserstack.v2.eventBus.Event@71fe7303 {hook=PRE, instance=com.browserstack.v2.instance.AutomationFrameworkInstance@5a36ee27, frameworkState=EXECUTE, arguments=[Ljava.lang.Object;@635edae8, command=[d0be13089275a0c84fcaee648b4b02c327ac95eb, quit {}]}
14:17:35.215 [tearDown@2] INFO  c.b.v2.module.WebdriverModule - beforeCommandExecute: event=com.browserstack.v2.eventBus.Event@643426c3
14:17:35.215 [tearDown@2] INFO  c.browserstack.v2.module.PercyModule - onPreExecute: event=com.browserstack.v2.eventBus.Event@643426c3 {hook=PRE, instance=com.browserstack.v2.instance.AutomationFrameworkInstance@5a36ee27, frameworkState=EXECUTE, arguments=[Ljava.lang.Object;@66d0372d, command=[d0be13089275a0c84fcaee648b4b02c327ac95eb, quit {}]}
14:17:35.813 [wikiAppTest@1] INFO  c.b.v2.module.WebdriverModule - beforeCommandExecute: event=com.browserstack.v2.eventBus.Event@5a4f4f6b
14:17:35.813 [wikiAppTest@1] INFO  c.browserstack.v2.module.PercyModule - onPreExecute: event=com.browserstack.v2.eventBus.Event@5a4f4f6b {hook=PRE, instance=com.browserstack.v2.instance.AutomationFrameworkInstance@666ab5d9, frameworkState=EXECUTE, arguments=[Ljava.lang.Object;@2b1ddf7f, command=[dba4b20e3b7e63ec2f63017dda1758291904ff91, findElements {using=class name, value=android.widget.TextView}]}
14:17:35.952 [wikiAppTest@1] INFO  c.b.v2.module.WebdriverModule - afterCommandExecute: event=com.browserstack.v2.eventBus.Event@a92fed7
14:17:35.953 [wikiAppTest@1] INFO  c.b.v2.framework.TestNgFramework - trackEvent: found instance, testFrameworkState=TestFrameworkState.LOG_REPORT hookState=HookState.PRE instance=-507620458
14:17:35.953 [wikiAppTest@1] INFO  c.b.v2.framework.TestNgFramework - trackEvent: found instance, testFrameworkState=TestFrameworkState.LOG_REPORT hookState=HookState.POST instance=-507620458
14:17:35.953 [wikiAppTest@1] INFO  c.b.v2.framework.TestNgFramework - trackEvent: load test results
14:17:35.953 [wikiAppTest@1] INFO  c.b.v2.framework.TestNgFramework - trackEvent: found instance, testFrameworkState=TestFrameworkState.TEST hookState=HookState.POST instance=-507620458
14:17:35.953 [wikiAppTest@1] INFO  c.b.v2.module.WebdriverModule - onAfterTest: event=com.browserstack.v2.eventBus.Event@11939bbf
14:17:36.341 [wikiAppTest@1] ERROR c.b.utils.SeleniumMethodUtils - Done for sessionid dba4b20e3b7e63ec2f63017dda1758291904ff91
14:17:36.451 [tearDown@2] INFO  c.b.v2.module.WebdriverModule - afterCommandExecute: event=com.browserstack.v2.eventBus.Event@73cc2885
14:17:36.451 [tearDown@2] INFO  c.b.v2.module.WebdriverModule - afterCommandExecute: event=com.browserstack.v2.eventBus.Event@63123e33
14:17:36.451 [tearDown@2] INFO  c.b.v2.framework.TestNgFramework - trackEvent: found instance, testFrameworkState=TestFrameworkState.AFTER_METHOD hookState=HookState.POST instance=-507619496
14:17:36.451 [tearDown@2] INFO  c.b.v2.framework.TestNgFramework - trackEvent: track hook events
14:17:36.468 [tearDown@2] INFO  c.b.v2.framework.TestNgFramework - args CHECK = [TestResult name=tearDown status=SUCCESS method=AndroidBaseTest.tearDown()[pri:0, instance:app.android.AndroidTest@7ff35a3f] output={null}]
14:17:36.469 [tearDown@2] INFO  c.b.v2.framework.TestNgFramework - Hook List in Post [{hook_name=tearDown, hook_result=pending, test_file_path=DemoTestngSDK/src/test/java/app/android/AndroidTest.java, event_started_at=2025-04-18T14:17:35.130645, hook_id=32397f0c-82a8-40c0-8c63-f65fa33e1379, hook_logs=[], key=AFTER_METHOD, custom_metadata={}, test_location=DemoTestngSDK/src/test/java/app/android/AndroidTest.java}] and args = [[TestResult name=tearDown status=SUCCESS method=AndroidBaseTest.tearDown()[pri:0, instance:app.android.AndroidTest@7ff35a3f] output={null}], AndroidBaseTest.tearDown()[pri:0, instance:app.android.AndroidTest@7ff35a3f]]
14:17:36.469 [tearDown@2] INFO  c.b.v2.framework.TestNgFramework - Processing HookLevel attachments from directory: /Users/nithyamani/.browserstack/UploadedAttachments-56/HookLevel
14:17:36.469 [tearDown@2] INFO  c.b.v2.framework.TestNgFramework - Checking hookLevelFiles: []
14:17:36.469 [tearDown@2] INFO  c.b.v2.framework.TestNgFramework - checking Paths of files = /Users/nithyamani/.browserstack/UploadedAttachments-56/HookLevel/BuildLevelHookEvent and abs path = /Users/nithyamani/.browserstack/UploadedAttachments-56/HookLevel/BuildLevelHookEvent 
14:17:36.469 [tearDown@2] INFO  c.b.v2.framework.TestNgFramework - Processing BuildLevelHookEvent attachments from directory: /Users/nithyamani/.browserstack/UploadedAttachments-56/HookLevel/BuildLevelHookEvent
14:17:36.469 [tearDown@2] INFO  c.b.v2.framework.TestNgFramework - Processing TestLevel attachments eventLogs: []
14:17:36.470 [tearDown@2] INFO  c.b.v2.framework.TestNgFramework - sendLogCreatedEvent: No Log Events to send
14:17:36.470 [tearDown@2] INFO  c.b.v2.framework.TestNgFramework - trackHookEvents: hook state=AFTER_METHOD.HookState.POST , hooks started={BEFORE_METHOD=[], AFTER_METHOD=[]} , hooks finished={BEFORE_METHOD=[{hook_name=setUp, hook_result=passed, test_file_path=DemoTestngSDK/src/test/java/app/android/AndroidTest.java, event_started_at=2025-04-18T14:16:50.533136, hook_id=1b4e2452-7f4d-4c5e-8ac1-50382b84e7a4, hook_logs=[], logs=[], key=BEFORE_METHOD, custom_metadata={}, event_ended_at=2025-04-18T14:17:21.333747, test_location=DemoTestngSDK/src/test/java/app/android/AndroidTest.java}], AFTER_METHOD=[{hook_name=tearDown, hook_result=passed, test_file_path=DemoTestngSDK/src/test/java/app/android/AndroidTest.java, event_started_at=2025-04-18T14:17:35.130645, hook_id=32397f0c-82a8-40c0-8c63-f65fa33e1379, hook_logs=[], logs=[], key=AFTER_METHOD, custom_metadata={}, event_ended_at=2025-04-18T14:17:36.469225, test_location=DemoTestngSDK/src/test/java/app/android/AndroidTest.java}]}
14:17:36.473 [tearDown@2] INFO  c.b.v2.module.TestHubModule - sendTestFrameworkEvent: event=com.browserstack.v2.eventBus.Event@2150e347, response=success: true

14:17:36.478 [tearDown@2] INFO  c.b.v2.framework.TestNgFramework - trackTestNgTest: saved instance contextId=-507619496 target=AndroidTest-2@2 instances=[-507619496, -507620458, -507621420]
14:17:36.478 [tearDown@2] INFO  c.b.v2.framework.TestNgFramework - trackEvent: found instance, testFrameworkState=TestFrameworkState.BEFORE_METHOD hookState=HookState.PRE instance=-507619496
14:17:36.478 [tearDown@2] INFO  c.b.v2.framework.TestNgFramework - trackEvent: loaded common test data, testFrameworkState=TestFrameworkState.BEFORE_METHOD hookState=HookState.PRE instance=-507619496
14:17:36.478 [tearDown@2] INFO  c.b.v2.framework.TestNgFramework - trackEvent: track hook events
14:17:36.496 [tearDown@2] INFO  c.b.v2.framework.TestNgFramework - args CHECK = [TestResult name=setUp status=STARTED method=AndroidBaseTest.setUp()[pri:0, instance:app.android.AndroidTest@7ff35a3f] output={null}]
14:17:36.496 [tearDown@2] INFO  c.b.v2.framework.TestNgFramework - Hook Started in PRE key = BEFORE_METHOD & hook = {hook_name=setUp, hook_result=pending, test_file_path=DemoTestngSDK/src/test/java/app/android/AndroidTest.java, event_started_at=2025-04-18T14:17:36.496649, hook_id=970acbdd-0f74-4ebb-98e2-a1ed330f42f2, hook_logs=[], key=BEFORE_METHOD, custom_metadata={}, test_location=DemoTestngSDK/src/test/java/app/android/AndroidTest.java}  and args = [[TestResult name=setUp status=STARTED method=AndroidBaseTest.setUp()[pri:0, instance:app.android.AndroidTest@7ff35a3f] output={null}], AndroidBaseTest.setUp()[pri:0, instance:app.android.AndroidTest@7ff35a3f]]
14:17:36.497 [tearDown@2] INFO  c.b.v2.framework.TestNgFramework - trackHookEvents: hook state=BEFORE_METHOD.HookState.PRE , hooks started={BEFORE_METHOD=[{hook_name=setUp, hook_result=pending, test_file_path=DemoTestngSDK/src/test/java/app/android/AndroidTest.java, event_started_at=2025-04-18T14:17:36.496649, hook_id=970acbdd-0f74-4ebb-98e2-a1ed330f42f2, hook_logs=[], key=BEFORE_METHOD, custom_metadata={}, test_location=DemoTestngSDK/src/test/java/app/android/AndroidTest.java}]} , hooks finished={BEFORE_METHOD=[]}
14:17:36.499 [tearDown@2] INFO  c.b.v2.module.TestHubModule - sendTestFrameworkEvent: event=com.browserstack.v2.eventBus.Event@19a1903a, response=success: true

14:17:36.502 [setUp@2] INFO  c.b.v2.framework.SeleniumFramework - trackSeleniumTest: saved instance contextId=725869656 target=9903:56 instances=[725869655, 725869654, 725869656]
14:17:36.502 [setUp@2] INFO  c.b.v2.module.WebdriverModule - onBeforeDriverCreate: event=com.browserstack.v2.eventBus.Event@1dc430d1
14:17:36.511 [setUp@2] INFO  c.b.v2.module.WebdriverModule - beforeCommandExecute: event=com.browserstack.v2.eventBus.Event@4830f9d7
14:17:36.511 [setUp@2] INFO  c.browserstack.v2.module.PercyModule - onPreExecute: event=com.browserstack.v2.eventBus.Event@4830f9d7 {hook=PRE, instance=com.browserstack.v2.instance.AutomationFrameworkInstance@5af40f95, frameworkState=EXECUTE, arguments=[Ljava.lang.Object;@21ccdaf7, command=[null, newSession {capabilities=[{appium:app=bs://ab4ef2728d55a1407af120d11574fed602946647, bstack:options={userName=nithyamani3, accessKey=zQxNpUZ5pLuExoGFY68v, projectName=Demo SDK Appium Android, buildName=browserstack-testng-appium-suite 2.6.0, buildIdentifier=#1, source=testng:appium-sample-sdk:v1.0, appProfiling=true, appiumVersion=2.6.0, debug=false, networkLogs=true, consoleLogs=errors, interactiveDebugging=true, osVersion=10, platformName=android, hostName=NithyaMani-X7PQL3QXY5, browserstackSDK=TestNG-javaagent/1.32.2, buildProductMap={observability=true, accessibility=false, percy=true, automate=false, app_automate=true}, deviceName=Samsung Galaxy A51, useW3C=true, accessibilityOptions={}, testhubBuildUuid=o6xj3knicibwswkgwdnagyoa0gpktgr6hu8ad4bw}}], desiredCapabilities=Capabilities {appium:app: bs://ab4ef2728d55a1407af120..., bstack:options: {accessKey: zQxNpUZ5pLuExoGFY68v, accessibilityOptions: {}, appProfiling: true, appiumVersion: 2.6.0, browserstackSDK: TestNG-javaagent/1.32.2, buildIdentifier: #1, buildName: browserstack-testng-appium-..., buildProductMap: {accessibility: false, app_automate: true, automate: false, observability: true, percy: true}, consoleLogs: errors, debug: false, deviceName: Samsung Galaxy A51, hostName: NithyaMani-X7PQL3QXY5, interactiveDebugging: true, networkLogs: true, osVersion: 10, platformName: android, projectName: Demo SDK Appium Android, source: testng:appium-sample-sdk:v1.0, testhubBuildUuid: o6xj3knicibwswkgwdnagyoa0gp..., useW3C: true, userName: nithyamani3}}}]}
14:17:36.723 [wikiAppTest@1] INFO  c.b.v2.module.TestHubModule - onAfterTest: event={com.browserstack.v2.eventBus.Event@11939bbf}
14:17:36.740 [wikiAppTest@1] INFO  c.b.v2.module.TestHubModule - sendTestSessionEvent: event=com.browserstack.v2.eventBus.Event@11939bbf, response=success: true

14:17:36.755 [wikiAppTest@1] INFO  c.b.v2.module.TestHubModule - sendTestFrameworkEvent: event=com.browserstack.v2.eventBus.Event@11939bbf, response=success: true

14:17:36.759 [wikiAppTest@1] INFO  c.browserstack.v2.module.PercyModule - onPostExecute: event=com.browserstack.v2.eventBus.Event@11939bbf
14:17:36.760 [wikiAppTest@1] INFO  c.b.v2.framework.TestNgFramework - trackEvent: found instance, testFrameworkState=TestFrameworkState.AFTER_METHOD hookState=HookState.PRE instance=-507620458
14:17:36.760 [wikiAppTest@1] INFO  c.b.v2.framework.TestNgFramework - trackEvent: track hook events
14:17:36.779 [wikiAppTest@1] INFO  c.b.v2.framework.TestNgFramework - args CHECK = [TestResult name=tearDown status=STARTED method=AndroidBaseTest.tearDown()[pri:0, instance:app.android.AndroidTest@433348bc] output={null}]
14:17:36.779 [wikiAppTest@1] INFO  c.b.v2.framework.TestNgFramework - Hook Started in PRE key = AFTER_METHOD & hook = {hook_name=tearDown, hook_result=pending, test_file_path=DemoTestngSDK/src/test/java/app/android/AndroidTest.java, event_started_at=2025-04-18T14:17:36.779334, hook_id=f16279d2-b71e-4177-84eb-3ded86138a2f, hook_logs=[], key=AFTER_METHOD, custom_metadata={}, test_location=DemoTestngSDK/src/test/java/app/android/AndroidTest.java}  and args = [[TestResult name=tearDown status=STARTED method=AndroidBaseTest.tearDown()[pri:0, instance:app.android.AndroidTest@433348bc] output={null}], AndroidBaseTest.tearDown()[pri:0, instance:app.android.AndroidTest@433348bc]]
14:17:36.779 [wikiAppTest@1] INFO  c.b.v2.framework.TestNgFramework - trackHookEvents: hook state=AFTER_METHOD.HookState.PRE , hooks started={BEFORE_METHOD=[], AFTER_METHOD=[{hook_name=tearDown, hook_result=pending, test_file_path=DemoTestngSDK/src/test/java/app/android/AndroidTest.java, event_started_at=2025-04-18T14:17:36.779334, hook_id=f16279d2-b71e-4177-84eb-3ded86138a2f, hook_logs=[], key=AFTER_METHOD, custom_metadata={}, test_location=DemoTestngSDK/src/test/java/app/android/AndroidTest.java}]} , hooks finished={BEFORE_METHOD=[{hook_name=setUp, hook_result=passed, test_file_path=DemoTestngSDK/src/test/java/app/android/AndroidTest.java, event_started_at=2025-04-18T14:17:06.919810, hook_id=7fc34202-c7ba-48f5-984c-cd73a6a21807, hook_logs=[], logs=[], key=BEFORE_METHOD, custom_metadata={}, event_ended_at=2025-04-18T14:17:26.993509, test_location=DemoTestngSDK/src/test/java/app/android/AndroidTest.java}], AFTER_METHOD=[]}
14:17:36.783 [wikiAppTest@1] INFO  c.b.v2.module.TestHubModule - sendTestFrameworkEvent: event=com.browserstack.v2.eventBus.Event@7b1aa8db, response=success: true

14:17:36.785 [tearDown@1] INFO  c.b.v2.module.WebdriverModule - onDriverQuit: event=com.browserstack.v2.eventBus.Event@2f12d5a9
14:17:36.794 [tearDown@1] INFO  c.b.v2.module.WebdriverModule - beforeCommandExecute: event=com.browserstack.v2.eventBus.Event@63312b38
14:17:36.794 [tearDown@1] INFO  c.browserstack.v2.module.PercyModule - onPreExecute: event=com.browserstack.v2.eventBus.Event@63312b38 {hook=PRE, instance=com.browserstack.v2.instance.AutomationFrameworkInstance@666ab5d9, frameworkState=EXECUTE, arguments=[Ljava.lang.Object;@3b03a49d, command=[dba4b20e3b7e63ec2f63017dda1758291904ff91, quit {}]}
14:17:36.796 [tearDown@1] INFO  c.b.v2.module.WebdriverModule - beforeCommandExecute: event=com.browserstack.v2.eventBus.Event@3921ee64
14:17:36.796 [tearDown@1] INFO  c.browserstack.v2.module.PercyModule - onPreExecute: event=com.browserstack.v2.eventBus.Event@3921ee64 {hook=PRE, instance=com.browserstack.v2.instance.AutomationFrameworkInstance@666ab5d9, frameworkState=EXECUTE, arguments=[Ljava.lang.Object;@53237a93, command=[dba4b20e3b7e63ec2f63017dda1758291904ff91, quit {}]}
14:17:38.120 [tearDown@1] INFO  c.b.v2.module.WebdriverModule - afterCommandExecute: event=com.browserstack.v2.eventBus.Event@75220b26
14:17:38.120 [tearDown@1] INFO  c.b.v2.module.WebdriverModule - afterCommandExecute: event=com.browserstack.v2.eventBus.Event@41b946fe
14:17:38.120 [tearDown@1] INFO  c.b.v2.framework.TestNgFramework - trackEvent: found instance, testFrameworkState=TestFrameworkState.AFTER_METHOD hookState=HookState.POST instance=-507620458
14:17:38.120 [tearDown@1] INFO  c.b.v2.framework.TestNgFramework - trackEvent: track hook events
14:17:38.158 [tearDown@1] INFO  c.b.v2.framework.TestNgFramework - args CHECK = [TestResult name=tearDown status=SUCCESS method=AndroidBaseTest.tearDown()[pri:0, instance:app.android.AndroidTest@433348bc] output={null}]
14:17:38.158 [tearDown@1] INFO  c.b.v2.framework.TestNgFramework - Hook List in Post [{hook_name=tearDown, hook_result=pending, test_file_path=DemoTestngSDK/src/test/java/app/android/AndroidTest.java, event_started_at=2025-04-18T14:17:36.779334, hook_id=f16279d2-b71e-4177-84eb-3ded86138a2f, hook_logs=[], key=AFTER_METHOD, custom_metadata={}, test_location=DemoTestngSDK/src/test/java/app/android/AndroidTest.java}] and args = [[TestResult name=tearDown status=SUCCESS method=AndroidBaseTest.tearDown()[pri:0, instance:app.android.AndroidTest@433348bc] output={null}], AndroidBaseTest.tearDown()[pri:0, instance:app.android.AndroidTest@433348bc]]
14:17:38.158 [tearDown@1] INFO  c.b.v2.framework.TestNgFramework - Processing HookLevel attachments from directory: /Users/nithyamani/.browserstack/UploadedAttachments-55/HookLevel
14:17:38.158 [tearDown@1] INFO  c.b.v2.framework.TestNgFramework - Checking hookLevelFiles: []
14:17:38.158 [tearDown@1] INFO  c.b.v2.framework.TestNgFramework - checking Paths of files = /Users/nithyamani/.browserstack/UploadedAttachments-55/HookLevel/BuildLevelHookEvent and abs path = /Users/nithyamani/.browserstack/UploadedAttachments-55/HookLevel/BuildLevelHookEvent 
14:17:38.158 [tearDown@1] INFO  c.b.v2.framework.TestNgFramework - Processing BuildLevelHookEvent attachments from directory: /Users/nithyamani/.browserstack/UploadedAttachments-55/HookLevel/BuildLevelHookEvent
14:17:38.158 [tearDown@1] INFO  c.b.v2.framework.TestNgFramework - Processing TestLevel attachments eventLogs: []
14:17:38.158 [tearDown@1] INFO  c.b.v2.framework.TestNgFramework - sendLogCreatedEvent: No Log Events to send
14:17:38.158 [tearDown@1] INFO  c.b.v2.framework.TestNgFramework - trackHookEvents: hook state=AFTER_METHOD.HookState.POST , hooks started={BEFORE_METHOD=[], AFTER_METHOD=[]} , hooks finished={BEFORE_METHOD=[{hook_name=setUp, hook_result=passed, test_file_path=DemoTestngSDK/src/test/java/app/android/AndroidTest.java, event_started_at=2025-04-18T14:17:06.919810, hook_id=7fc34202-c7ba-48f5-984c-cd73a6a21807, hook_logs=[], logs=[], key=BEFORE_METHOD, custom_metadata={}, event_ended_at=2025-04-18T14:17:26.993509, test_location=DemoTestngSDK/src/test/java/app/android/AndroidTest.java}], AFTER_METHOD=[{hook_name=tearDown, hook_result=passed, test_file_path=DemoTestngSDK/src/test/java/app/android/AndroidTest.java, event_started_at=2025-04-18T14:17:36.779334, hook_id=f16279d2-b71e-4177-84eb-3ded86138a2f, hook_logs=[], logs=[], key=AFTER_METHOD, custom_metadata={}, event_ended_at=2025-04-18T14:17:38.158544, test_location=DemoTestngSDK/src/test/java/app/android/AndroidTest.java}]}
14:17:38.163 [tearDown@1] INFO  c.b.v2.module.TestHubModule - sendTestFrameworkEvent: event=com.browserstack.v2.eventBus.Event@5179bd1f, response=success: true

14:18:09.256 [setUp@2] INFO  c.b.v2.module.WebdriverModule - afterCommandExecute: event=com.browserstack.v2.eventBus.Event@3f06fba3
14:18:09.257 [setUp@2] INFO  c.b.v2.framework.SeleniumFramework - trackSeleniumTest: saved instance contextId=725869656 target=9903:56 instances=[725869655, 725869654, 725869656]
14:18:09.257 [setUp@2] INFO  c.b.v2.module.WebdriverModule - onDriverCreated: event=com.browserstack.v2.eventBus.Event@395f1bf1
14:18:09.257 [setUp@2] INFO  c.b.v2.module.WebdriverModule - Found session id=b292ab76e364c4b762b7354c3b757ea23ad41ccd for instance=com.browserstack.v2.instance.AutomationFrameworkInstance@5af40f95
14:18:09.258 [setUp@2] INFO  c.b.v2.module.WebdriverModule - Driver added successfully to automationFramework
14:18:09.282 [setUp@2] INFO  c.b.v2.framework.TestNgFramework - trackEvent: found instance, testFrameworkState=TestFrameworkState.BEFORE_METHOD hookState=HookState.POST instance=-507619496
14:18:09.282 [setUp@2] INFO  c.b.v2.framework.TestNgFramework - trackEvent: loaded common test data, testFrameworkState=TestFrameworkState.BEFORE_METHOD hookState=HookState.POST instance=-507619496
14:18:09.282 [setUp@2] INFO  c.b.v2.framework.TestNgFramework - trackEvent: track hook events
14:18:09.317 [setUp@2] INFO  c.b.v2.framework.TestNgFramework - args CHECK = [TestResult name=setUp status=SUCCESS method=AndroidBaseTest.setUp()[pri:0, instance:app.android.AndroidTest@7ff35a3f] output={null}]
14:18:09.317 [setUp@2] INFO  c.b.v2.framework.TestNgFramework - Hook List in Post [{hook_name=setUp, hook_result=pending, test_file_path=DemoTestngSDK/src/test/java/app/android/AndroidTest.java, event_started_at=2025-04-18T14:17:36.496649, hook_id=970acbdd-0f74-4ebb-98e2-a1ed330f42f2, hook_logs=[], key=BEFORE_METHOD, custom_metadata={}, test_location=DemoTestngSDK/src/test/java/app/android/AndroidTest.java}] and args = [[TestResult name=setUp status=SUCCESS method=AndroidBaseTest.setUp()[pri:0, instance:app.android.AndroidTest@7ff35a3f] output={null}], AndroidBaseTest.setUp()[pri:0, instance:app.android.AndroidTest@7ff35a3f]]
14:18:09.317 [setUp@2] INFO  c.b.v2.framework.TestNgFramework - Processing HookLevel attachments from directory: /Users/nithyamani/.browserstack/UploadedAttachments-56/HookLevel
14:18:09.317 [setUp@2] INFO  c.b.v2.framework.TestNgFramework - Checking hookLevelFiles: []
14:18:09.317 [setUp@2] INFO  c.b.v2.framework.TestNgFramework - checking Paths of files = /Users/nithyamani/.browserstack/UploadedAttachments-56/HookLevel/BuildLevelHookEvent and abs path = /Users/nithyamani/.browserstack/UploadedAttachments-56/HookLevel/BuildLevelHookEvent 
14:18:09.317 [setUp@2] INFO  c.b.v2.framework.TestNgFramework - Processing BuildLevelHookEvent attachments from directory: /Users/nithyamani/.browserstack/UploadedAttachments-56/HookLevel/BuildLevelHookEvent
14:18:09.317 [setUp@2] INFO  c.b.v2.framework.TestNgFramework - Processing TestLevel attachments eventLogs: []
14:18:09.317 [setUp@2] INFO  c.b.v2.framework.TestNgFramework - sendLogCreatedEvent: No Log Events to send
14:18:09.317 [setUp@2] INFO  c.b.v2.framework.TestNgFramework - trackHookEvents: hook state=BEFORE_METHOD.HookState.POST , hooks started={BEFORE_METHOD=[]} , hooks finished={BEFORE_METHOD=[{hook_name=setUp, hook_result=passed, test_file_path=DemoTestngSDK/src/test/java/app/android/AndroidTest.java, event_started_at=2025-04-18T14:17:36.496649, hook_id=970acbdd-0f74-4ebb-98e2-a1ed330f42f2, hook_logs=[], logs=[], key=BEFORE_METHOD, custom_metadata={}, event_ended_at=2025-04-18T14:18:09.317589, test_location=DemoTestngSDK/src/test/java/app/android/AndroidTest.java}]}
14:18:09.320 [setUp@2] INFO  c.b.v2.module.TestHubModule - sendTestFrameworkEvent: event=com.browserstack.v2.eventBus.Event@72b7d352, response=success: true

14:18:09.322 [setUp@2] INFO  c.b.v2.framework.TestNgFramework - trackEvent: found instance, testFrameworkState=TestFrameworkState.TEST hookState=HookState.PRE instance=-507619496
14:18:09.332 [setUp@2] INFO  c.b.v2.framework.TestNgFramework - trackEvent: loaded initial test data to instance, testFrameworkState=TestFrameworkState.TEST hookState=HookState.PRE instance=-507619496
14:18:09.332 [setUp@2] INFO  c.b.v2.module.WebdriverModule - onBeforeTest: event=com.browserstack.v2.eventBus.Event@2d331f8
14:18:09.334 [setUp@2] INFO  c.b.v2.module.TestHubModule - sendTestFrameworkEvent: event=com.browserstack.v2.eventBus.Event@2d331f8, response=success: true

14:18:09.335 [setUp@2] INFO  c.b.v2.module.ObservabilityModule - onBeforeTest: event={instance=com.browserstack.v2.instance.TestFrameworkInstance@84885af, testFrameworkState=TestFrameworkState.TEST, testInstance=com.browserstack.v2.instance.TestFrameworkInstance@84885af, hookState=HookState.PRE}
14:18:09.335 [setUp@2] INFO  c.b.v2.module.ObservabilityModule - performO11ySync: Performing O11y Sync
14:18:09.372 [wikiAppTest@2] INFO  c.b.v2.module.WebdriverModule - beforeCommandExecute: event=com.browserstack.v2.eventBus.Event@7f072c1e
14:18:09.372 [wikiAppTest@2] INFO  c.browserstack.v2.module.PercyModule - onPreExecute: event=com.browserstack.v2.eventBus.Event@7f072c1e {hook=PRE, instance=com.browserstack.v2.instance.AutomationFrameworkInstance@5af40f95, frameworkState=EXECUTE, arguments=[Ljava.lang.Object;@25c3706a, command=[b292ab76e364c4b762b7354c3b757ea23ad41ccd, findElement {using=accessibility id, value=Search Wikipedia}]}
14:18:10.071 [wikiAppTest@2] INFO  c.b.v2.module.WebdriverModule - afterCommandExecute: event=com.browserstack.v2.eventBus.Event@279609e9
14:18:10.081 [wikiAppTest@2] INFO  c.b.v2.module.WebdriverModule - beforeCommandExecute: event=com.browserstack.v2.eventBus.Event@62eedf74
14:18:10.081 [wikiAppTest@2] INFO  c.browserstack.v2.module.PercyModule - onPreExecute: event=com.browserstack.v2.eventBus.Event@62eedf74 {hook=PRE, instance=com.browserstack.v2.instance.AutomationFrameworkInstance@5af40f95, frameworkState=EXECUTE, arguments=[Ljava.lang.Object;@48a24b08, command=[b292ab76e364c4b762b7354c3b757ea23ad41ccd, isElementDisplayed {id=00000000-0000-0c21-ffff-ffff00000036}]}
14:18:10.448 [wikiAppTest@2] INFO  c.b.v2.module.WebdriverModule - afterCommandExecute: event=com.browserstack.v2.eventBus.Event@5fecdab4
14:18:10.454 [wikiAppTest@2] INFO  c.b.v2.module.WebdriverModule - beforeCommandExecute: event=com.browserstack.v2.eventBus.Event@51e11ba8
14:18:10.454 [wikiAppTest@2] INFO  c.browserstack.v2.module.PercyModule - onPreExecute: event=com.browserstack.v2.eventBus.Event@51e11ba8 {hook=PRE, instance=com.browserstack.v2.instance.AutomationFrameworkInstance@5af40f95, frameworkState=EXECUTE, arguments=[Ljava.lang.Object;@b41f097, command=[b292ab76e364c4b762b7354c3b757ea23ad41ccd, isElementEnabled {id=00000000-0000-0c21-ffff-ffff00000036}]}
14:18:10.790 [wikiAppTest@2] INFO  c.b.v2.module.WebdriverModule - afterCommandExecute: event=com.browserstack.v2.eventBus.Event@32c1a231
14:18:10.798 [wikiAppTest@2] INFO  c.b.v2.module.WebdriverModule - beforeCommandExecute: event=com.browserstack.v2.eventBus.Event@2d4ae481
14:18:10.798 [wikiAppTest@2] INFO  c.browserstack.v2.module.PercyModule - onPreExecute: event=com.browserstack.v2.eventBus.Event@2d4ae481 {hook=PRE, instance=com.browserstack.v2.instance.AutomationFrameworkInstance@5af40f95, frameworkState=EXECUTE, arguments=[Ljava.lang.Object;@290b6cf7, command=[b292ab76e364c4b762b7354c3b757ea23ad41ccd, clickElement {id=00000000-0000-0c21-ffff-ffff00000036}]}
14:18:12.294 [wikiAppTest@2] INFO  c.b.v2.module.WebdriverModule - afterCommandExecute: event=com.browserstack.v2.eventBus.Event@7faa2dd9
14:18:12.299 [wikiAppTest@2] INFO  c.b.v2.module.WebdriverModule - beforeCommandExecute: event=com.browserstack.v2.eventBus.Event@530be6f9
14:18:12.299 [wikiAppTest@2] INFO  c.browserstack.v2.module.PercyModule - onPreExecute: event=com.browserstack.v2.eventBus.Event@530be6f9 {hook=PRE, instance=com.browserstack.v2.instance.AutomationFrameworkInstance@5af40f95, frameworkState=EXECUTE, arguments=[Ljava.lang.Object;@7e80bce3, command=[b292ab76e364c4b762b7354c3b757ea23ad41ccd, findElement {using=id, value=org.wikipedia.alpha:id/search_src_text}]}
14:18:14.202 [wikiAppTest@2] INFO  c.b.v2.module.WebdriverModule - afterCommandExecute: event=com.browserstack.v2.eventBus.Event@30e6fbd5
14:18:14.209 [wikiAppTest@2] INFO  c.b.v2.module.WebdriverModule - beforeCommandExecute: event=com.browserstack.v2.eventBus.Event@5b539490
14:18:14.209 [wikiAppTest@2] INFO  c.browserstack.v2.module.PercyModule - onPreExecute: event=com.browserstack.v2.eventBus.Event@5b539490 {hook=PRE, instance=com.browserstack.v2.instance.AutomationFrameworkInstance@5af40f95, frameworkState=EXECUTE, arguments=[Ljava.lang.Object;@36a9f3e7, command=[b292ab76e364c4b762b7354c3b757ea23ad41ccd, isElementDisplayed {id=00000000-0000-0c21-ffff-ffff000000a6}]}
14:18:14.601 [wikiAppTest@2] INFO  c.b.v2.module.WebdriverModule - afterCommandExecute: event=com.browserstack.v2.eventBus.Event@31968eb4
14:18:14.608 [wikiAppTest@2] INFO  c.b.v2.module.WebdriverModule - beforeCommandExecute: event=com.browserstack.v2.eventBus.Event@691aef87
14:18:14.608 [wikiAppTest@2] INFO  c.browserstack.v2.module.PercyModule - onPreExecute: event=com.browserstack.v2.eventBus.Event@691aef87 {hook=PRE, instance=com.browserstack.v2.instance.AutomationFrameworkInstance@5af40f95, frameworkState=EXECUTE, arguments=[Ljava.lang.Object;@10d50f88, command=[b292ab76e364c4b762b7354c3b757ea23ad41ccd, isElementEnabled {id=00000000-0000-0c21-ffff-ffff000000a6}]}
14:18:14.978 [wikiAppTest@2] INFO  c.b.v2.module.WebdriverModule - afterCommandExecute: event=com.browserstack.v2.eventBus.Event@1533c008
14:18:15.324 [wikiAppTest@2] INFO  c.b.v2.framework.TestNgFramework - trackEvent: found instance, testFrameworkState=TestFrameworkState.LOG hookState=HookState.PRE instance=-507619496
14:18:15.324 [wikiAppTest@2] INFO  c.b.v2.framework.TestNgFramework - trackEvent: load log entries
14:18:15.341 [wikiAppTest@2] INFO  c.b.v2.module.TestHubModule - sendLogCreatedEvent: event=com.browserstack.v2.eventBus.Event@1c2d2b80, response=success: true

14:18:15.341 [wikiAppTest@2] INFO  c.b.v2.module.TestHubModule - sendLogCreatedEvent: event=com.browserstack.v2.eventBus.Event@1c2d2b80
14:18:15.380 [wikiAppTest@2] INFO  c.b.v2.framework.TestNgFramework - trackEvent: found instance, testFrameworkState=TestFrameworkState.LOG hookState=HookState.PRE instance=-507619496
14:18:15.381 [wikiAppTest@2] INFO  c.b.v2.framework.TestNgFramework - trackEvent: load log entries
14:18:15.387 [wikiAppTest@2] INFO  c.b.v2.module.TestHubModule - sendLogCreatedEvent: event=com.browserstack.v2.eventBus.Event@439ff0a3, response=success: true

14:18:15.387 [wikiAppTest@2] INFO  c.b.v2.module.TestHubModule - sendLogCreatedEvent: event=com.browserstack.v2.eventBus.Event@439ff0a3
14:18:15.395 [wikiAppTest@2] INFO  c.b.v2.module.WebdriverModule - beforeCommandExecute: event=com.browserstack.v2.eventBus.Event@6417ce11
14:18:15.396 [wikiAppTest@2] INFO  c.browserstack.v2.module.PercyModule - onPreExecute: event=com.browserstack.v2.eventBus.Event@6417ce11 {hook=PRE, instance=com.browserstack.v2.instance.AutomationFrameworkInstance@5af40f95, frameworkState=EXECUTE, arguments=[Ljava.lang.Object;@4fc5c9f5, command=[b292ab76e364c4b762b7354c3b757ea23ad41ccd, sendKeysToElement {id=00000000-0000-0c21-ffff-ffff000000a6, value=[Ljava.lang.CharSequence;@53a3e037}]}
14:18:16.510 [wikiAppTest@2] INFO  c.b.v2.module.WebdriverModule - afterCommandExecute: event=com.browserstack.v2.eventBus.Event@6fc7704a
14:18:21.528 [wikiAppTest@2] INFO  c.b.v2.module.WebdriverModule - beforeCommandExecute: event=com.browserstack.v2.eventBus.Event@30a1c237
14:18:21.529 [wikiAppTest@2] INFO  c.browserstack.v2.module.PercyModule - onPreExecute: event=com.browserstack.v2.eventBus.Event@30a1c237 {hook=PRE, instance=com.browserstack.v2.instance.AutomationFrameworkInstance@5af40f95, frameworkState=EXECUTE, arguments=[Ljava.lang.Object;@1cedf974, command=[b292ab76e364c4b762b7354c3b757ea23ad41ccd, findElements {using=class name, value=android.widget.TextView}]}
14:18:22.006 [wikiAppTest@2] INFO  c.b.v2.module.WebdriverModule - afterCommandExecute: event=com.browserstack.v2.eventBus.Event@4ecb99bb
14:18:22.028 [wikiAppTest@2] INFO  c.b.v2.framework.TestNgFramework - trackEvent: found instance, testFrameworkState=TestFrameworkState.LOG_REPORT hookState=HookState.PRE instance=-507619496
14:18:22.029 [wikiAppTest@2] INFO  c.b.v2.framework.TestNgFramework - trackEvent: found instance, testFrameworkState=TestFrameworkState.LOG_REPORT hookState=HookState.POST instance=-507619496
14:18:22.029 [wikiAppTest@2] INFO  c.b.v2.framework.TestNgFramework - trackEvent: load test results
14:18:22.042 [wikiAppTest@2] INFO  c.b.v2.framework.TestNgFramework - trackEvent: found instance, testFrameworkState=TestFrameworkState.TEST hookState=HookState.POST instance=-507619496
14:18:22.056 [wikiAppTest@2] INFO  c.b.v2.module.WebdriverModule - onAfterTest: event=com.browserstack.v2.eventBus.Event@530300cf
14:18:22.457 [wikiAppTest@2] ERROR c.b.utils.SeleniumMethodUtils - Done for sessionid b292ab76e364c4b762b7354c3b757ea23ad41ccd
14:18:22.879 [wikiAppTest@2] INFO  c.b.v2.module.TestHubModule - onAfterTest: event={com.browserstack.v2.eventBus.Event@530300cf}
14:18:22.896 [wikiAppTest@2] INFO  c.b.v2.module.TestHubModule - sendTestSessionEvent: event=com.browserstack.v2.eventBus.Event@530300cf, response=success: true

14:18:22.909 [wikiAppTest@2] INFO  c.b.v2.module.TestHubModule - sendTestFrameworkEvent: event=com.browserstack.v2.eventBus.Event@530300cf, response=success: true

14:18:22.912 [wikiAppTest@2] INFO  c.browserstack.v2.module.PercyModule - onPostExecute: event=com.browserstack.v2.eventBus.Event@530300cf
14:18:22.913 [wikiAppTest@2] INFO  c.b.v2.framework.TestNgFramework - trackEvent: found instance, testFrameworkState=TestFrameworkState.AFTER_METHOD hookState=HookState.PRE instance=-507619496
14:18:22.914 [wikiAppTest@2] INFO  c.b.v2.framework.TestNgFramework - trackEvent: track hook events
14:18:22.941 [wikiAppTest@2] INFO  c.b.v2.framework.TestNgFramework - args CHECK = [TestResult name=tearDown status=STARTED method=AndroidBaseTest.tearDown()[pri:0, instance:app.android.AndroidTest@7ff35a3f] output={null}]
14:18:22.941 [wikiAppTest@2] INFO  c.b.v2.framework.TestNgFramework - Hook Started in PRE key = AFTER_METHOD & hook = {hook_name=tearDown, hook_result=pending, test_file_path=DemoTestngSDK/src/test/java/app/android/AndroidTest.java, event_started_at=2025-04-18T14:18:22.941857, hook_id=07db86fe-c2d1-4fc6-b49d-2951ed3b138a, hook_logs=[], key=AFTER_METHOD, custom_metadata={}, test_location=DemoTestngSDK/src/test/java/app/android/AndroidTest.java}  and args = [[TestResult name=tearDown status=STARTED method=AndroidBaseTest.tearDown()[pri:0, instance:app.android.AndroidTest@7ff35a3f] output={null}], AndroidBaseTest.tearDown()[pri:0, instance:app.android.AndroidTest@7ff35a3f]]
14:18:22.941 [wikiAppTest@2] INFO  c.b.v2.framework.TestNgFramework - trackHookEvents: hook state=AFTER_METHOD.HookState.PRE , hooks started={BEFORE_METHOD=[], AFTER_METHOD=[{hook_name=tearDown, hook_result=pending, test_file_path=DemoTestngSDK/src/test/java/app/android/AndroidTest.java, event_started_at=2025-04-18T14:18:22.941857, hook_id=07db86fe-c2d1-4fc6-b49d-2951ed3b138a, hook_logs=[], key=AFTER_METHOD, custom_metadata={}, test_location=DemoTestngSDK/src/test/java/app/android/AndroidTest.java}]} , hooks finished={BEFORE_METHOD=[{hook_name=setUp, hook_result=passed, test_file_path=DemoTestngSDK/src/test/java/app/android/AndroidTest.java, event_started_at=2025-04-18T14:17:36.496649, hook_id=970acbdd-0f74-4ebb-98e2-a1ed330f42f2, hook_logs=[], logs=[], key=BEFORE_METHOD, custom_metadata={}, event_ended_at=2025-04-18T14:18:09.317589, test_location=DemoTestngSDK/src/test/java/app/android/AndroidTest.java}], AFTER_METHOD=[]}
14:18:22.944 [wikiAppTest@2] INFO  c.b.v2.module.TestHubModule - sendTestFrameworkEvent: event=com.browserstack.v2.eventBus.Event@75b6ec6, response=success: true

14:18:22.947 [tearDown@2] INFO  c.b.v2.module.WebdriverModule - onDriverQuit: event=com.browserstack.v2.eventBus.Event@4431c61
14:18:22.983 [tearDown@2] INFO  c.b.v2.framework.TestNgFramework - trackEvent: found instance, testFrameworkState=TestFrameworkState.LOG hookState=HookState.PRE instance=-507619496
14:18:22.983 [tearDown@2] INFO  c.b.v2.framework.TestNgFramework - trackEvent: load log entries
14:18:22.986 [tearDown@2] INFO  c.b.v2.module.TestHubModule - sendLogCreatedEvent: event=com.browserstack.v2.eventBus.Event@7858c25d, response=success: true

14:18:22.986 [tearDown@2] INFO  c.b.v2.module.TestHubModule - sendLogCreatedEvent: event=com.browserstack.v2.eventBus.Event@7858c25d
14:18:23.019 [tearDown@2] INFO  c.b.v2.framework.TestNgFramework - trackEvent: found instance, testFrameworkState=TestFrameworkState.LOG hookState=HookState.PRE instance=-507619496
14:18:23.019 [tearDown@2] INFO  c.b.v2.framework.TestNgFramework - trackEvent: load log entries
14:18:23.021 [tearDown@2] INFO  c.b.v2.module.TestHubModule - sendLogCreatedEvent: event=com.browserstack.v2.eventBus.Event@63a43c9b, response=success: true

14:18:23.021 [tearDown@2] INFO  c.b.v2.module.TestHubModule - sendLogCreatedEvent: event=com.browserstack.v2.eventBus.Event@63a43c9b
14:18:23.026 [tearDown@2] INFO  c.b.v2.module.WebdriverModule - beforeCommandExecute: event=com.browserstack.v2.eventBus.Event@475565eb
14:18:23.026 [tearDown@2] INFO  c.browserstack.v2.module.PercyModule - onPreExecute: event=com.browserstack.v2.eventBus.Event@475565eb {hook=PRE, instance=com.browserstack.v2.instance.AutomationFrameworkInstance@5af40f95, frameworkState=EXECUTE, arguments=[Ljava.lang.Object;@255a8694, command=[b292ab76e364c4b762b7354c3b757ea23ad41ccd, quit {}]}
14:18:23.028 [tearDown@2] INFO  c.b.v2.module.WebdriverModule - beforeCommandExecute: event=com.browserstack.v2.eventBus.Event@72ae7fe2
14:18:23.028 [tearDown@2] INFO  c.browserstack.v2.module.PercyModule - onPreExecute: event=com.browserstack.v2.eventBus.Event@72ae7fe2 {hook=PRE, instance=com.browserstack.v2.instance.AutomationFrameworkInstance@5af40f95, frameworkState=EXECUTE, arguments=[Ljava.lang.Object;@1eb83661, command=[b292ab76e364c4b762b7354c3b757ea23ad41ccd, quit {}]}
14:18:25.104 [tearDown@2] INFO  c.b.v2.module.WebdriverModule - afterCommandExecute: event=com.browserstack.v2.eventBus.Event@6fa77d04
14:18:25.104 [tearDown@2] INFO  c.b.v2.module.WebdriverModule - afterCommandExecute: event=com.browserstack.v2.eventBus.Event@5023690e
14:18:25.105 [tearDown@2] INFO  c.b.v2.framework.TestNgFramework - trackEvent: found instance, testFrameworkState=TestFrameworkState.AFTER_METHOD hookState=HookState.POST instance=-507619496
14:18:25.105 [tearDown@2] INFO  c.b.v2.framework.TestNgFramework - trackEvent: track hook events
14:18:25.136 [tearDown@2] INFO  c.b.v2.framework.TestNgFramework - args CHECK = [TestResult name=tearDown status=SUCCESS method=AndroidBaseTest.tearDown()[pri:0, instance:app.android.AndroidTest@7ff35a3f] output={null}]
14:18:25.136 [tearDown@2] INFO  c.b.v2.framework.TestNgFramework - Hook List in Post [{hook_name=tearDown, hook_result=pending, test_file_path=DemoTestngSDK/src/test/java/app/android/AndroidTest.java, event_started_at=2025-04-18T14:18:22.941857, hook_id=07db86fe-c2d1-4fc6-b49d-2951ed3b138a, hook_logs=[], key=AFTER_METHOD, custom_metadata={}, test_location=DemoTestngSDK/src/test/java/app/android/AndroidTest.java}] and args = [[TestResult name=tearDown status=SUCCESS method=AndroidBaseTest.tearDown()[pri:0, instance:app.android.AndroidTest@7ff35a3f] output={null}], AndroidBaseTest.tearDown()[pri:0, instance:app.android.AndroidTest@7ff35a3f]]
14:18:25.136 [tearDown@2] INFO  c.b.v2.framework.TestNgFramework - Processing HookLevel attachments from directory: /Users/nithyamani/.browserstack/UploadedAttachments-56/HookLevel
14:18:25.136 [tearDown@2] INFO  c.b.v2.framework.TestNgFramework - Checking hookLevelFiles: []
14:18:25.137 [tearDown@2] INFO  c.b.v2.framework.TestNgFramework - checking Paths of files = /Users/nithyamani/.browserstack/UploadedAttachments-56/HookLevel/BuildLevelHookEvent and abs path = /Users/nithyamani/.browserstack/UploadedAttachments-56/HookLevel/BuildLevelHookEvent 
14:18:25.138 [tearDown@2] INFO  c.b.v2.framework.TestNgFramework - Processing BuildLevelHookEvent attachments from directory: /Users/nithyamani/.browserstack/UploadedAttachments-56/HookLevel/BuildLevelHookEvent
14:18:25.138 [tearDown@2] INFO  c.b.v2.framework.TestNgFramework - Processing TestLevel attachments eventLogs: []
14:18:25.138 [tearDown@2] INFO  c.b.v2.framework.TestNgFramework - sendLogCreatedEvent: No Log Events to send
14:18:25.138 [tearDown@2] INFO  c.b.v2.framework.TestNgFramework - trackHookEvents: hook state=AFTER_METHOD.HookState.POST , hooks started={BEFORE_METHOD=[], AFTER_METHOD=[]} , hooks finished={BEFORE_METHOD=[{hook_name=setUp, hook_result=passed, test_file_path=DemoTestngSDK/src/test/java/app/android/AndroidTest.java, event_started_at=2025-04-18T14:17:36.496649, hook_id=970acbdd-0f74-4ebb-98e2-a1ed330f42f2, hook_logs=[], logs=[], key=BEFORE_METHOD, custom_metadata={}, event_ended_at=2025-04-18T14:18:09.317589, test_location=DemoTestngSDK/src/test/java/app/android/AndroidTest.java}], AFTER_METHOD=[{hook_name=tearDown, hook_result=passed, test_file_path=DemoTestngSDK/src/test/java/app/android/AndroidTest.java, event_started_at=2025-04-18T14:18:22.941857, hook_id=07db86fe-c2d1-4fc6-b49d-2951ed3b138a, hook_logs=[], logs=[], key=AFTER_METHOD, custom_metadata={}, event_ended_at=2025-04-18T14:18:25.136502, test_location=DemoTestngSDK/src/test/java/app/android/AndroidTest.java}]}
14:18:25.146 [tearDown@2] INFO  c.b.v2.module.TestHubModule - sendTestFrameworkEvent: event=com.browserstack.v2.eventBus.Event@111c083b, response=success: true

14:18:25.522 [main] INFO  com.browserstack.testOps.Listener - logCreated: CLI is active
14:18:25.523 [main] INFO  com.browserstack.testOps.Listener - logCreated: CLI is active
14:18:25.523 [main] INFO  com.browserstack.testOps.Listener - logCreated: CLI is active
14:18:25.523 [main] INFO  com.browserstack.testOps.Listener - logCreated: CLI is active
14:18:25.523 [main] INFO  com.browserstack.testOps.Listener - logCreated: CLI is active
14:18:25.525 [main] INFO  com.browserstack.testOps.Listener - logCreated: CLI is active
14:18:25.525 [main] INFO  com.browserstack.testOps.Listener - logCreated: CLI is active
14:18:25.525 [main] INFO  com.browserstack.testOps.Listener - logCreated: CLI is active
14:18:25.525 [main] INFO  com.browserstack.testOps.Listener - logCreated: CLI is active
14:18:25.525 [main] INFO  com.browserstack.testOps.Listener - logCreated: CLI is active
14:18:25.525 [main] INFO  com.browserstack.testOps.Listener - logCreated: CLI is active
14:18:25.525 [main] INFO  com.browserstack.testOps.Listener - logCreated: CLI is active
14:18:25.525 [main] INFO  com.browserstack.testOps.Listener - logCreated: CLI is active
14:18:25.525 [main] INFO  com.browserstack.testOps.Listener - logCreated: CLI is active
14:18:25.525 [main] INFO  com.browserstack.testOps.Listener - logCreated: CLI is active
14:18:25.592 [Thread-1] INFO  com.browserstack.testOps.Listener - onComplete: CLI is active
14:18:25.593 [Thread-1] INFO  com.browserstack.v2.SdkCLI - stop: cli stop triggered
14:18:40.424 [Thread-1] DEBUG com.browserstack.v2.SdkCLI - stop-bin-session=success: true
automate_buildlink: "https://app-automate.browserstack.com/dashboard/v2/builds/b2c776c016b823107499516fa310c65899002aa3"
hashed_id: "b2c776c016b823107499516fa310c65899002aa3"

14:18:40.441 [Thread-1] INFO  com.browserstack.v2.SdkCLI - stop: shutting down CLI
14:18:42.641 [Thread-1] INFO  c.browserstack.utils.UtilityMethods - Visit https://observability.browserstack.com/builds/o6xj3knicibwswkgwdnagyoa0gpktgr6hu8ad4bw to view build report, insights, and many more debugging information all at one place!
14:18:42.641 [Thread-1] INFO  c.b.config.BrowserStackConfig - INFO
14:18:42.641 [Thread-1] INFO  c.browserstack.utils.UtilityMethods - View build on BrowserStack dashboard: https://app-automate.browserstack.com/dashboard/v2/builds/b2c776c016b823107499516fa310c65899002aa3
14:18:42.641 [Thread-1] INFO  c.b.config.BrowserStackConfig - INFO
14:18:42.647 [Thread-1] INFO  c.browserstack.BrowserStackJavaAgent - SDK run ended for id: b383a9a7-f55b-4dcb-86f3-c88ba049b9d6, testhub id: o6xj3knicibwswkgwdnagyoa0gpktgr6hu8ad4bw
14:18:42.647 [Thread-1] INFO  c.b.config.BrowserStackConfig - INFO
14:26:33.890 [main] INFO  c.browserstack.BrowserStackJavaAgent - Selenium version detected - 4.6.0
14:26:33.890 [main] INFO  c.browserstack.BrowserStackJavaAgent - Appium version detected - 8.2.1
14:26:33.975 [main] DEBUG c.b.config.BrowserStackConfig - Cli Config passed - {basedir=/Users/nithyamani/Desktop/TechProjects/Demo/DemoTestngSDK, browserstack.config=browserstack-android.yml, user.dir=/Users/nithyamani/Desktop/TechProjects/Demo/DemoTestngSDK, localrepository=/Users/nithyamani/.m2/repository}
14:26:33.975 [main] INFO  c.browserstack.utils.UtilityMethods - BrowserStack Yml Detected : /Users/nithyamani/Desktop/TechProjects/Demo/DemoTestngSDK/browserstack-android.yml
14:26:34.000 [main] INFO  c.b.config.BrowserStackConfig - Detected Framework testng
14:26:34.141 [main] INFO  c.browserstack.BrowserStackJavaAgent - uploading app ./src/test/resources/WikipediaSample.apk to browserstack
14:26:38.493 [main] DEBUG com.browserstack.v2.SdkCliUtils - File /Users/nithyamani/.browserstack already exist
14:26:38.498 [main] DEBUG com.browserstack.v2.SdkCliUtils - Current CLI Path Found: /Users/nithyamani/.browserstack/cli/binary-macos-x64
14:26:43.846 [main] DEBUG com.browserstack.v2.SdkCliUtils - Resolved binary path: /Users/nithyamani/.browserstack/cli/binary-macos-x64
14:26:43.876 [main] INFO  c.browserstack.BrowserStackJavaAgent - app upload response: {"app_url":"bs:\/\/ab4ef2728d55a1407af120d11574fed602946647"}
14:26:43.876 [main] INFO  c.browserstack.BrowserStackJavaAgent - Using app: [-bs://ab4ef2728d55a1407af120d11574fed602946647]
14:26:43.876 [main] INFO  c.browserstack.BrowserStackJavaAgent - Framework set to testng
14:26:43.877 [main] INFO  c.browserstack.BrowserStackJavaAgent - SDK run started with id: 17efce43-92e2-4323-9408-8b9f00d036b3
14:26:43.877 [main] INFO  c.b.config.BrowserStackConfig - INFO
14:26:43.886 [main] DEBUG com.browserstack.v2.SdkCLI - startMain: main-process starting
14:26:43.886 [main] INFO  com.browserstack.v2.SdkCLI - spawning command='/Users/nithyamani/.browserstack/cli/binary-macos-x64' 'sdk' 'tcp'
14:26:44.863 [ForkJoinPool.commonPool-worker-1] INFO  com.browserstack.v2.SdkCLI - loadCLIParams: start binSessionId=51c1d35a-3874-4dc3-ae0d-3ff3232ec608 listenAddress=127.0.0.1:5400
14:26:44.864 [main] DEBUG com.browserstack.v2.SdkCLI - startMain: main-process started
14:26:44.864 [main] DEBUG com.browserstack.v2.SdkCLI - startMain: main-process connecting {port=5400, listen=127.0.0.1:5400, id=51c1d35a-3874-4dc3-ae0d-3ff3232ec608}
14:26:44.864 [main] INFO  c.browserstack.utils.UtilityMethods - BrowserStack Yml Detected : /Users/nithyamani/Desktop/TechProjects/Demo/DemoTestngSDK/browserstack-android.yml
14:26:44.875 [main] DEBUG com.browserstack.v2.SdkCliUtils - File /Users/nithyamani/.browserstack already exist
14:26:59.314 [main] DEBUG com.browserstack.v2.SdkCLI - start-bin-session=bin_session_id: "51c1d35a-3874-4dc3-ae0d-3ff3232ec608"
config: "{\"userName\":\"nithyamani3\",\"accessKey\":\"zQxNpUZ5pLuExoGFY68v\",\"projectName\":\"Demo SDK Appium Android\",\"buildName\":\"browserstack-testng-appium-suite 2.6.0\",\"buildIdentifier\":\"#2\",\"framework\":\"testng\",\"source\":\"testng:appium-sample-sdk:v1.0\",\"app\":\"bs://ab4ef2728d55a1407af120d11574fed602946647\",\"platforms\":[{\"platformName\":\"android\",\"deviceName\":\"Samsung Galaxy M52\",\"platformVersion\":11}],\"parallelsPerPlatform\":1,\"appProfiling\":true,\"browserstackLocal\":false,\"appiumVersion\":\"2.6.0\",\"debug\":false,\"networkLogs\":true,\"consoleLogs\":\"errors\",\"interactiveDebugging\":true,\"percy\":true,\"percyCaptureMode\":\"auto\",\"testOrchestrationOptions\":{\"retryTestsOnFailure\":{\"enabled\":true,\"maxRetries\":2}},\"testObservability\":true,\"accessibility\":false,\"browserstackAutomation\":true,\"selfHeal\":false,\"disableAutoCaptureLogs\":false,\"testhub\":true,\"testContextOptions\":{\"skipSessionStatus\":false,\"skipSessionName\":false},\"browserStackLocalOptions\":{\"key\":\"zQxNpUZ5pLuExoGFY68v\",\"skipBinaryInitialisation\":false}}"
testhub {
  jwt: "eyJhbGciOiJIUzI1NiJ9.eyJpc3MiOiJicm93c2Vyc3RhY2tfb2IiLCJzdWIiOiIzNzE0MzA4IiwiZ3JvdXBfaWQiOjM2NjcxMTYsInVzZXJfaWQiOjM3MTQzMDgsImJ1aWxkX2hhc2hlZF9pZCI6IjFyZzAwajMwNXpicTNxamJvZXBrbWZwdGRveGNzZnp6a3BxbnF6YzEiLCJwcm9qZWN0X25hbWUiOiJEZW1vIFNESyBBcHBpdW0gQW5kcm9pZCIsImhvb2tfYXNfdGVzdCI6IjEiLCJidWlsZF9uYW1lIjoiYnJvd3NlcnN0YWNrLXRlc3RuZy1hcHBpdW0tc3VpdGUiLCJwcm9kdWN0X21hcCI6IntcIm9ic2VydmFiaWxpdHlcIjp0cnVlLFwib3JpZ2luRnJvbVByb2R1Y3RNYXBcIjpcIkFwcEF1dG9tYXRlXCIsXCJic3RhY2tBdXRvbWF0aW9uXCI6dHJ1ZSxcInByb2R1Y3RGaWx0ZXJTb3VyY2VcIjp0cnVlLFwiY2FkXCI6dHJ1ZSxcImFjY2Vzc2liaWxpdHlBdXRvRW5hYmxlZFwiOnRydWUsXCJhcHBfYXV0b21hdGVcIjp0cnVlfSIsImdycl9yZWdpb24iOiIiLCJpc19sb3dfdm9sdW1lIjpmYWxzZSwic2lnbmluZ19rZXlfaGFzaCI6IjM3YzExMzFlNGIyZTc0M2M3NjZlMWQ3MGJmNWYyYjU3ZGM2OWIxOTVkMzAwZTMyYWU4ZDAyMzEyMGE0YTZkOTciLCJpYXQiOjE3NDQ5NjY2MDUsImV4cCI6MTc0NTMxMjIwNX0.H8-zxD7uQeUCTwr9KjnXonkUf4LR1d5S9YEzLhoYyFU"
  build_hashed_id: "1rg00j305zbq3qjboepkmfptdoxcsfzzkpqnqzc1"
  testhub_events: true
}
observability {
  success: true
  options {
  }
}
session_framework: "selenium"

14:26:59.322 [main] DEBUG com.browserstack.v2.SdkCLI - startChild: child-process connecting
14:26:59.559 [main] DEBUG com.browserstack.v2.SdkCLI - connect-bin-session=bin_session_id: "51c1d35a-3874-4dc3-ae0d-3ff3232ec608"
config: "{\"userName\":\"nithyamani3\",\"accessKey\":\"zQxNpUZ5pLuExoGFY68v\",\"projectName\":\"Demo SDK Appium Android\",\"buildName\":\"browserstack-testng-appium-suite 2.6.0\",\"buildIdentifier\":\"#2\",\"framework\":\"testng\",\"source\":\"testng:appium-sample-sdk:v1.0\",\"app\":\"bs://ab4ef2728d55a1407af120d11574fed602946647\",\"platforms\":[{\"platformName\":\"android\",\"deviceName\":\"Samsung Galaxy M52\",\"platformVersion\":11}],\"parallelsPerPlatform\":1,\"appProfiling\":true,\"browserstackLocal\":false,\"appiumVersion\":\"2.6.0\",\"debug\":false,\"networkLogs\":true,\"consoleLogs\":\"errors\",\"interactiveDebugging\":true,\"percy\":true,\"percyCaptureMode\":\"auto\",\"testOrchestrationOptions\":{\"retryTestsOnFailure\":{\"enabled\":true,\"maxRetries\":2}},\"testObservability\":true,\"accessibility\":false,\"browserstackAutomation\":true,\"selfHeal\":false,\"disableAutoCaptureLogs\":false,\"testhub\":true,\"testContextOptions\":{\"skipSessionStatus\":false,\"skipSessionName\":false},\"browserStackLocalOptions\":{\"key\":\"zQxNpUZ5pLuExoGFY68v\",\"skipBinaryInitialisation\":false},\"hubUrl\":\"https://hub-aps.browserstack.com/wd/hub\"}"
testhub {
  jwt: "eyJhbGciOiJIUzI1NiJ9.eyJpc3MiOiJicm93c2Vyc3RhY2tfb2IiLCJzdWIiOiIzNzE0MzA4IiwiZ3JvdXBfaWQiOjM2NjcxMTYsInVzZXJfaWQiOjM3MTQzMDgsImJ1aWxkX2hhc2hlZF9pZCI6IjFyZzAwajMwNXpicTNxamJvZXBrbWZwdGRveGNzZnp6a3BxbnF6YzEiLCJwcm9qZWN0X25hbWUiOiJEZW1vIFNESyBBcHBpdW0gQW5kcm9pZCIsImhvb2tfYXNfdGVzdCI6IjEiLCJidWlsZF9uYW1lIjoiYnJvd3NlcnN0YWNrLXRlc3RuZy1hcHBpdW0tc3VpdGUiLCJwcm9kdWN0X21hcCI6IntcIm9ic2VydmFiaWxpdHlcIjp0cnVlLFwib3JpZ2luRnJvbVByb2R1Y3RNYXBcIjpcIkFwcEF1dG9tYXRlXCIsXCJic3RhY2tBdXRvbWF0aW9uXCI6dHJ1ZSxcInByb2R1Y3RGaWx0ZXJTb3VyY2VcIjp0cnVlLFwiY2FkXCI6dHJ1ZSxcImFjY2Vzc2liaWxpdHlBdXRvRW5hYmxlZFwiOnRydWUsXCJhcHBfYXV0b21hdGVcIjp0cnVlfSIsImdycl9yZWdpb24iOiIiLCJpc19sb3dfdm9sdW1lIjpmYWxzZSwic2lnbmluZ19rZXlfaGFzaCI6IjM3YzExMzFlNGIyZTc0M2M3NjZlMWQ3MGJmNWYyYjU3ZGM2OWIxOTVkMzAwZTMyYWU4ZDAyMzEyMGE0YTZkOTciLCJpYXQiOjE3NDQ5NjY2MDUsImV4cCI6MTc0NTMxMjIwNX0.H8-zxD7uQeUCTwr9KjnXonkUf4LR1d5S9YEzLhoYyFU"
  build_hashed_id: "1rg00j305zbq3qjboepkmfptdoxcsfzzkpqnqzc1"
  testhub_events: true
}
observability {
  success: true
  options {
  }
}
percy {
  success: true
  percy_capture_mode: "auto"
  percy_build_id: "39936522"
}
session_framework: "selenium"
test_orchestration {
  retry_tests_on_failure {
    enabled: true
    max_retries: 2
  }
}

14:26:59.562 [main] INFO  com.browserstack.v2.SdkCLI - loadBinResponse: Loading modules as per LoadBinResponse=bin_session_id: "51c1d35a-3874-4dc3-ae0d-3ff3232ec608"
config: "{\"userName\":\"nithyamani3\",\"accessKey\":\"zQxNpUZ5pLuExoGFY68v\",\"projectName\":\"Demo SDK Appium Android\",\"buildName\":\"browserstack-testng-appium-suite 2.6.0\",\"buildIdentifier\":\"#2\",\"framework\":\"testng\",\"source\":\"testng:appium-sample-sdk:v1.0\",\"app\":\"bs://ab4ef2728d55a1407af120d11574fed602946647\",\"platforms\":[{\"platformName\":\"android\",\"deviceName\":\"Samsung Galaxy M52\",\"platformVersion\":11}],\"parallelsPerPlatform\":1,\"appProfiling\":true,\"browserstackLocal\":false,\"appiumVersion\":\"2.6.0\",\"debug\":false,\"networkLogs\":true,\"consoleLogs\":\"errors\",\"interactiveDebugging\":true,\"percy\":true,\"percyCaptureMode\":\"auto\",\"testOrchestrationOptions\":{\"retryTestsOnFailure\":{\"enabled\":true,\"maxRetries\":2}},\"testObservability\":true,\"accessibility\":false,\"browserstackAutomation\":true,\"selfHeal\":false,\"disableAutoCaptureLogs\":false,\"testhub\":true,\"testContextOptions\":{\"skipSessionStatus\":false,\"skipSessionName\":false},\"browserStackLocalOptions\":{\"key\":\"zQxNpUZ5pLuExoGFY68v\",\"skipBinaryInitialisation\":false},\"hubUrl\":\"https://hub-aps.browserstack.com/wd/hub\"}"
testhub {
  jwt: "eyJhbGciOiJIUzI1NiJ9.eyJpc3MiOiJicm93c2Vyc3RhY2tfb2IiLCJzdWIiOiIzNzE0MzA4IiwiZ3JvdXBfaWQiOjM2NjcxMTYsInVzZXJfaWQiOjM3MTQzMDgsImJ1aWxkX2hhc2hlZF9pZCI6IjFyZzAwajMwNXpicTNxamJvZXBrbWZwdGRveGNzZnp6a3BxbnF6YzEiLCJwcm9qZWN0X25hbWUiOiJEZW1vIFNESyBBcHBpdW0gQW5kcm9pZCIsImhvb2tfYXNfdGVzdCI6IjEiLCJidWlsZF9uYW1lIjoiYnJvd3NlcnN0YWNrLXRlc3RuZy1hcHBpdW0tc3VpdGUiLCJwcm9kdWN0X21hcCI6IntcIm9ic2VydmFiaWxpdHlcIjp0cnVlLFwib3JpZ2luRnJvbVByb2R1Y3RNYXBcIjpcIkFwcEF1dG9tYXRlXCIsXCJic3RhY2tBdXRvbWF0aW9uXCI6dHJ1ZSxcInByb2R1Y3RGaWx0ZXJTb3VyY2VcIjp0cnVlLFwiY2FkXCI6dHJ1ZSxcImFjY2Vzc2liaWxpdHlBdXRvRW5hYmxlZFwiOnRydWUsXCJhcHBfYXV0b21hdGVcIjp0cnVlfSIsImdycl9yZWdpb24iOiIiLCJpc19sb3dfdm9sdW1lIjpmYWxzZSwic2lnbmluZ19rZXlfaGFzaCI6IjM3YzExMzFlNGIyZTc0M2M3NjZlMWQ3MGJmNWYyYjU3ZGM2OWIxOTVkMzAwZTMyYWU4ZDAyMzEyMGE0YTZkOTciLCJpYXQiOjE3NDQ5NjY2MDUsImV4cCI6MTc0NTMxMjIwNX0.H8-zxD7uQeUCTwr9KjnXonkUf4LR1d5S9YEzLhoYyFU"
  build_hashed_id: "1rg00j305zbq3qjboepkmfptdoxcsfzzkpqnqzc1"
  testhub_events: true
}
observability {
  success: true
  options {
  }
}
percy {
  success: true
  percy_capture_mode: "auto"
  percy_build_id: "39936522"
}
session_framework: "selenium"
test_orchestration {
  retry_tests_on_failure {
    enabled: true
    max_retries: 2
  }
}

14:26:59.569 [main] DEBUG com.browserstack.v2.SdkCLI - loadBinResponse: configured module=WebdriverModule & 51c1d35a-3874-4dc3-ae0d-3ff3232ec608
14:26:59.569 [main] DEBUG com.browserstack.v2.SdkCLI - loadBinResponse: configured module=ObservabilityModule & 51c1d35a-3874-4dc3-ae0d-3ff3232ec608
14:26:59.569 [main] DEBUG com.browserstack.v2.SdkCLI - loadBinResponse: configured module=TestHubModule & 51c1d35a-3874-4dc3-ae0d-3ff3232ec608
14:26:59.569 [main] DEBUG com.browserstack.v2.SdkCLI - loadBinResponse: configured module=PercyModule & 51c1d35a-3874-4dc3-ae0d-3ff3232ec608
14:26:59.572 [main] INFO  com.browserstack.v2.SdkCLI - startChild: child-process connected
14:26:59.575 [main] INFO  com.browserstack.v2.SdkCLI - startMain: main-process connected
14:27:01.903 [main] INFO  c.browserstack.BrowserStackJavaAgent - Project and debug logs are captured by default. To disable, set disableAutoCaptureLogs: true in config.
14:27:01.908 [main] INFO  com.browserstack.testOps.Listener - onStart: CLI is active
14:27:02.159 [main] DEBUG com.browserstack.v2.SdkCLI - Setting up testng framework
14:27:02.160 [main] DEBUG com.browserstack.v2.SdkCLI - Setting up selenium framework
14:27:02.284 [main] INFO  com.browserstack.testOps.Listener - logCreated: CLI is active
14:27:02.284 [main] INFO  com.browserstack.testOps.Listener - logCreated: CLI is active
14:27:02.286 [main] INFO  com.browserstack.testOps.Listener - logCreated: CLI is active
14:27:02.286 [main] INFO  com.browserstack.testOps.Listener - logCreated: CLI is active
14:27:02.286 [main] INFO  com.browserstack.testOps.Listener - logCreated: CLI is active
14:27:02.286 [main] INFO  com.browserstack.testOps.Listener - logCreated: CLI is active
14:27:02.287 [main] INFO  com.browserstack.testOps.Listener - logCreated: CLI is active
14:27:02.287 [main] INFO  com.browserstack.testOps.Listener - logCreated: CLI is active
14:27:02.287 [main] INFO  com.browserstack.testOps.Listener - logCreated: CLI is active
14:27:02.287 [main] INFO  com.browserstack.testOps.Listener - logCreated: CLI is active
14:27:02.289 [main] INFO  com.browserstack.testOps.Listener - logCreated: CLI is active
14:27:02.289 [main] INFO  com.browserstack.testOps.Listener - logCreated: CLI is active
14:27:02.289 [main] INFO  com.browserstack.testOps.Listener - logCreated: CLI is active
14:27:02.289 [main] INFO  com.browserstack.testOps.Listener - logCreated: CLI is active
14:27:02.289 [main] INFO  com.browserstack.testOps.Listener - logCreated: CLI is active
14:27:02.310 [TestNG-tests-1] INFO  c.b.v2.framework.TestNgFramework - trackTestNgTest: saved instance contextId=-507621420 target=AndroidTest-0@0 instances=[-507621420]
14:27:02.310 [TestNG-tests-1] INFO  c.b.v2.framework.TestNgFramework - trackEvent: found instance, testFrameworkState=TestFrameworkState.INIT_TEST hookState=HookState.PRE instance=-507621420
14:27:02.310 [TestNG-tests-1] INFO  c.b.v2.framework.TestNgFramework - trackEvent: loaded instance, testFrameworkState=TestFrameworkState.INIT_TEST hookState=HookState.PRE instance=-507621420
14:27:02.322 [AndroidTest-0@0] INFO  c.b.v2.framework.TestNgFramework - trackEvent: found instance, testFrameworkState=TestFrameworkState.BEFORE_METHOD hookState=HookState.PRE instance=-507621420
14:27:02.322 [AndroidTest-0@0] INFO  c.b.v2.framework.TestNgFramework - trackEvent: loaded common test data, testFrameworkState=TestFrameworkState.BEFORE_METHOD hookState=HookState.PRE instance=-507621420
14:27:02.322 [AndroidTest-0@0] INFO  c.b.v2.framework.TestNgFramework - trackEvent: track hook events
14:27:02.364 [AndroidTest-0@0] INFO  c.b.v2.framework.TestNgFramework - args CHECK = [TestResult name=setUp status=STARTED method=AndroidBaseTest.setUp()[pri:0, instance:app.android.AndroidTest@7efd28bd] output={null}]
14:27:02.365 [AndroidTest-0@0] INFO  c.b.v2.framework.TestNgFramework - Hook Started in PRE key = BEFORE_METHOD & hook = {hook_name=setUp, hook_result=pending, test_file_path=DemoTestngSDK/src/test/java/app/android/AndroidTest.java, event_started_at=2025-04-18T14:27:02.365694, hook_id=7398d162-826a-44d7-baba-98d1b6298f09, hook_logs=[], key=BEFORE_METHOD, custom_metadata={}, test_location=DemoTestngSDK/src/test/java/app/android/AndroidTest.java}  and args = [[TestResult name=setUp status=STARTED method=AndroidBaseTest.setUp()[pri:0, instance:app.android.AndroidTest@7efd28bd] output={null}], AndroidBaseTest.setUp()[pri:0, instance:app.android.AndroidTest@7efd28bd]]
14:27:02.366 [AndroidTest-0@0] INFO  c.b.v2.framework.TestNgFramework - trackHookEvents: hook state=BEFORE_METHOD.HookState.PRE , hooks started={BEFORE_METHOD=[{hook_name=setUp, hook_result=pending, test_file_path=DemoTestngSDK/src/test/java/app/android/AndroidTest.java, event_started_at=2025-04-18T14:27:02.365694, hook_id=7398d162-826a-44d7-baba-98d1b6298f09, hook_logs=[], key=BEFORE_METHOD, custom_metadata={}, test_location=DemoTestngSDK/src/test/java/app/android/AndroidTest.java}]} , hooks finished={BEFORE_METHOD=[]}
14:27:02.428 [AndroidTest-0@0] INFO  c.b.v2.module.TestHubModule - sendTestFrameworkEvent: event=com.browserstack.v2.eventBus.Event@26efbdeb, response=success: true

14:27:02.488 [setUp@0] INFO  c.b.v2.framework.TestNgFramework - trackEvent: found instance, testFrameworkState=TestFrameworkState.LOG hookState=HookState.PRE instance=-507621420
14:27:02.488 [setUp@0] INFO  c.b.v2.framework.TestNgFramework - trackEvent: load log entries
14:27:02.499 [setUp@0] INFO  c.b.v2.module.TestHubModule - sendLogCreatedEvent: event=com.browserstack.v2.eventBus.Event@18762e4c, response=success: true

14:27:02.499 [setUp@0] INFO  c.b.v2.module.TestHubModule - sendLogCreatedEvent: event=com.browserstack.v2.eventBus.Event@18762e4c
14:27:02.663 [setUp@0] INFO  c.b.v2.framework.SeleniumFramework - trackSeleniumTest: saved instance contextId=772978021 target=10740:54 instances=[772978021]
14:27:02.663 [setUp@0] INFO  c.b.v2.module.WebdriverModule - onBeforeDriverCreate: event=com.browserstack.v2.eventBus.Event@25b02a6a
14:27:02.711 [setUp@0] INFO  c.b.v2.module.WebdriverModule - beforeCommandExecute: event=com.browserstack.v2.eventBus.Event@2edb75e6
14:27:02.714 [setUp@0] INFO  c.browserstack.v2.module.PercyModule - onPreExecute: event=com.browserstack.v2.eventBus.Event@2edb75e6 {hook=PRE, instance=com.browserstack.v2.instance.AutomationFrameworkInstance@20cc1e1c, frameworkState=EXECUTE, arguments=[Ljava.lang.Object;@66b494d6, command=[null, newSession {capabilities=[{appium:app=bs://ab4ef2728d55a1407af120d11574fed602946647, bstack:options={userName=nithyamani3, accessKey=zQxNpUZ5pLuExoGFY68v, projectName=Demo SDK Appium Android, buildName=browserstack-testng-appium-suite 2.6.0, buildIdentifier=#2, source=testng:appium-sample-sdk:v1.0, appProfiling=true, appiumVersion=2.6.0, debug=false, networkLogs=true, consoleLogs=errors, interactiveDebugging=true, platformName=android, hostName=NithyaMani-X7PQL3QXY5, browserstackSDK=TestNG-javaagent/1.32.2, buildProductMap={observability=true, accessibility=false, percy=true, automate=false, app_automate=true}, platformVersion=11, deviceName=Samsung Galaxy M52, useW3C=true, accessibilityOptions={}, testhubBuildUuid=1rg00j305zbq3qjboepkmfptdoxcsfzzkpqnqzc1}}], desiredCapabilities=Capabilities {appium:app: bs://ab4ef2728d55a1407af120..., bstack:options: {accessKey: zQxNpUZ5pLuExoGFY68v, accessibilityOptions: {}, appProfiling: true, appiumVersion: 2.6.0, browserstackSDK: TestNG-javaagent/1.32.2, buildIdentifier: #2, buildName: browserstack-testng-appium-..., buildProductMap: {accessibility: false, app_automate: true, automate: false, observability: true, percy: true}, consoleLogs: errors, debug: false, deviceName: Samsung Galaxy M52, hostName: NithyaMani-X7PQL3QXY5, interactiveDebugging: true, networkLogs: true, platformName: android, platformVersion: 11, projectName: Demo SDK Appium Android, source: testng:appium-sample-sdk:v1.0, testhubBuildUuid: 1rg00j305zbq3qjboepkmfptdox..., useW3C: true, userName: nithyamani3}}}]}
14:27:04.140 [setUp@0] INFO  c.b.v2.module.WebdriverModule - afterCommandExecute: event=com.browserstack.v2.eventBus.Event@753ef9d7
14:27:04.141 [setUp@0] INFO  c.b.v2.module.WebdriverModule - onDriverQuit: event=com.browserstack.v2.eventBus.Event@2ccb6def
14:27:04.147 [setUp@0] INFO  c.b.v2.framework.TestNgFramework - trackEvent: found instance, testFrameworkState=TestFrameworkState.BEFORE_METHOD hookState=HookState.POST instance=-507621420
14:27:04.147 [setUp@0] INFO  c.b.v2.framework.TestNgFramework - trackEvent: loaded common test data, testFrameworkState=TestFrameworkState.BEFORE_METHOD hookState=HookState.POST instance=-507621420
14:27:04.147 [setUp@0] INFO  c.b.v2.framework.TestNgFramework - trackEvent: track hook events
14:27:04.163 [setUp@0] INFO  c.b.v2.framework.TestNgFramework - args CHECK = [TestResult name=setUp status=FAILURE method=AndroidBaseTest.setUp()[pri:0, instance:app.android.AndroidTest@7efd28bd] output={null}]
14:27:04.163 [setUp@0] INFO  c.b.v2.framework.TestNgFramework - Hook List in Post [{hook_name=setUp, hook_result=pending, test_file_path=DemoTestngSDK/src/test/java/app/android/AndroidTest.java, event_started_at=2025-04-18T14:27:02.365694, hook_id=7398d162-826a-44d7-baba-98d1b6298f09, hook_logs=[], key=BEFORE_METHOD, custom_metadata={}, test_location=DemoTestngSDK/src/test/java/app/android/AndroidTest.java}] and args = [[TestResult name=setUp status=FAILURE method=AndroidBaseTest.setUp()[pri:0, instance:app.android.AndroidTest@7efd28bd] output={null}], AndroidBaseTest.setUp()[pri:0, instance:app.android.AndroidTest@7efd28bd]]
14:27:04.163 [setUp@0] INFO  c.b.v2.framework.TestNgFramework - Processing HookLevel attachments from directory: /Users/nithyamani/.browserstack/UploadedAttachments-54/HookLevel
14:27:04.163 [setUp@0] INFO  c.b.v2.framework.TestNgFramework - Checking hookLevelFiles: []
14:27:04.163 [setUp@0] INFO  c.b.v2.framework.TestNgFramework - checking Paths of files = /Users/nithyamani/.browserstack/UploadedAttachments-54/HookLevel/BuildLevelHookEvent and abs path = /Users/nithyamani/.browserstack/UploadedAttachments-54/HookLevel/BuildLevelHookEvent 
14:27:04.163 [setUp@0] INFO  c.b.v2.framework.TestNgFramework - Processing BuildLevelHookEvent attachments from directory: /Users/nithyamani/.browserstack/UploadedAttachments-54/HookLevel/BuildLevelHookEvent
14:27:04.163 [setUp@0] INFO  c.b.v2.framework.TestNgFramework - Processing TestLevel attachments eventLogs: []
14:27:04.163 [setUp@0] INFO  c.b.v2.framework.TestNgFramework - sendLogCreatedEvent: No Log Events to send
14:27:04.163 [setUp@0] INFO  c.b.v2.framework.TestNgFramework - trackHookEvents: hook state=BEFORE_METHOD.HookState.POST , hooks started={BEFORE_METHOD=[]} , hooks finished={BEFORE_METHOD=[{hook_name=setUp, hook_result=failed, test_file_path=DemoTestngSDK/src/test/java/app/android/AndroidTest.java, event_started_at=2025-04-18T14:27:02.365694, hook_id=7398d162-826a-44d7-baba-98d1b6298f09, hook_logs=[], logs=[], key=BEFORE_METHOD, custom_metadata={}, event_ended_at=2025-04-18T14:27:04.163384, test_location=DemoTestngSDK/src/test/java/app/android/AndroidTest.java}]}
14:27:04.170 [setUp@0] INFO  c.b.v2.module.TestHubModule - sendTestFrameworkEvent: event=com.browserstack.v2.eventBus.Event@7e7b9b54, response=success: true

14:27:04.175 [setUp@0] INFO  c.b.v2.framework.TestNgFramework - trackEvent: found instance, testFrameworkState=TestFrameworkState.TEST hookState=HookState.PRE instance=-507621420
14:27:04.186 [setUp@0] INFO  c.b.v2.framework.TestNgFramework - trackEvent: loaded initial test data to instance, testFrameworkState=TestFrameworkState.TEST hookState=HookState.PRE instance=-507621420
14:27:04.186 [setUp@0] INFO  c.b.v2.module.WebdriverModule - onBeforeTest: event=com.browserstack.v2.eventBus.Event@7e30ecfc
14:27:04.193 [setUp@0] INFO  c.b.v2.module.TestHubModule - sendTestFrameworkEvent: event=com.browserstack.v2.eventBus.Event@7e30ecfc, response=success: true

14:27:04.194 [setUp@0] INFO  c.b.v2.module.ObservabilityModule - onBeforeTest: event={instance=com.browserstack.v2.instance.TestFrameworkInstance@589692cd, testFrameworkState=TestFrameworkState.TEST, testInstance=com.browserstack.v2.instance.TestFrameworkInstance@589692cd, hookState=HookState.PRE}
14:27:04.195 [setUp@0] INFO  c.b.v2.module.ObservabilityModule - performO11ySync: Performing O11y Sync
14:27:04.195 [wikiAppTest@0] INFO  c.b.v2.framework.TestNgFramework - trackEvent: found instance, testFrameworkState=TestFrameworkState.LOG_REPORT hookState=HookState.PRE instance=-507621420
14:27:04.195 [wikiAppTest@0] INFO  c.b.v2.framework.TestNgFramework - trackEvent: found instance, testFrameworkState=TestFrameworkState.LOG_REPORT hookState=HookState.POST instance=-507621420
14:27:04.195 [wikiAppTest@0] INFO  c.b.v2.framework.TestNgFramework - trackEvent: load test results
14:27:04.196 [wikiAppTest@0] INFO  c.b.v2.framework.TestNgFramework - trackEvent: found instance, testFrameworkState=TestFrameworkState.TEST hookState=HookState.POST instance=-507621420
14:27:04.196 [wikiAppTest@0] INFO  c.b.v2.module.WebdriverModule - onAfterTest: event=com.browserstack.v2.eventBus.Event@5dbf0e9b
14:27:04.482 [wikiAppTest@0] ERROR c.b.utils.SeleniumMethodUtils - Done for sessionid 
14:27:04.785 [wikiAppTest@0] INFO  c.b.v2.module.TestHubModule - onAfterTest: event={com.browserstack.v2.eventBus.Event@5dbf0e9b}
14:27:04.840 [wikiAppTest@0] INFO  c.b.v2.module.TestHubModule - sendTestFrameworkEvent: event=com.browserstack.v2.eventBus.Event@5dbf0e9b, response=success: true

14:27:04.843 [wikiAppTest@0] INFO  c.browserstack.v2.module.PercyModule - onPostExecute: event=com.browserstack.v2.eventBus.Event@5dbf0e9b
14:27:04.844 [wikiAppTest@0] INFO  c.b.v2.framework.TestNgFramework - trackEvent: found instance, testFrameworkState=TestFrameworkState.AFTER_METHOD hookState=HookState.PRE instance=-507621420
14:27:04.844 [wikiAppTest@0] INFO  c.b.v2.framework.TestNgFramework - trackEvent: track hook events
14:27:04.859 [wikiAppTest@0] INFO  c.b.v2.framework.TestNgFramework - args CHECK = [TestResult name=tearDown status=STARTED method=AndroidBaseTest.tearDown()[pri:0, instance:app.android.AndroidTest@7efd28bd] output={null}]
14:27:04.859 [wikiAppTest@0] INFO  c.b.v2.framework.TestNgFramework - Hook Started in PRE key = AFTER_METHOD & hook = {hook_name=tearDown, hook_result=pending, test_file_path=DemoTestngSDK/src/test/java/app/android/AndroidTest.java, event_started_at=2025-04-18T14:27:04.859892, hook_id=35732032-fb17-4e20-a90d-fd8ba32f45dc, hook_logs=[], key=AFTER_METHOD, custom_metadata={}, test_location=DemoTestngSDK/src/test/java/app/android/AndroidTest.java}  and args = [[TestResult name=tearDown status=STARTED method=AndroidBaseTest.tearDown()[pri:0, instance:app.android.AndroidTest@7efd28bd] output={null}], AndroidBaseTest.tearDown()[pri:0, instance:app.android.AndroidTest@7efd28bd]]
14:27:04.860 [wikiAppTest@0] INFO  c.b.v2.framework.TestNgFramework - trackHookEvents: hook state=AFTER_METHOD.HookState.PRE , hooks started={BEFORE_METHOD=[], AFTER_METHOD=[{hook_name=tearDown, hook_result=pending, test_file_path=DemoTestngSDK/src/test/java/app/android/AndroidTest.java, event_started_at=2025-04-18T14:27:04.859892, hook_id=35732032-fb17-4e20-a90d-fd8ba32f45dc, hook_logs=[], key=AFTER_METHOD, custom_metadata={}, test_location=DemoTestngSDK/src/test/java/app/android/AndroidTest.java}]} , hooks finished={BEFORE_METHOD=[{hook_name=setUp, hook_result=failed, test_file_path=DemoTestngSDK/src/test/java/app/android/AndroidTest.java, event_started_at=2025-04-18T14:27:02.365694, hook_id=7398d162-826a-44d7-baba-98d1b6298f09, hook_logs=[], logs=[], key=BEFORE_METHOD, custom_metadata={}, event_ended_at=2025-04-18T14:27:04.163384, test_location=DemoTestngSDK/src/test/java/app/android/AndroidTest.java}], AFTER_METHOD=[]}
14:27:04.873 [wikiAppTest@0] INFO  c.b.v2.module.TestHubModule - sendTestFrameworkEvent: event=com.browserstack.v2.eventBus.Event@50042f58, response=success: true

14:27:04.875 [tearDown@0] INFO  c.b.v2.framework.TestNgFramework - trackEvent: found instance, testFrameworkState=TestFrameworkState.AFTER_METHOD hookState=HookState.POST instance=-507621420
14:27:04.875 [tearDown@0] INFO  c.b.v2.framework.TestNgFramework - trackEvent: track hook events
14:27:04.886 [tearDown@0] INFO  c.b.v2.framework.TestNgFramework - args CHECK = [TestResult name=tearDown status=FAILURE method=AndroidBaseTest.tearDown()[pri:0, instance:app.android.AndroidTest@7efd28bd] output={null}]
14:27:04.886 [tearDown@0] INFO  c.b.v2.framework.TestNgFramework - Hook List in Post [{hook_name=tearDown, hook_result=pending, test_file_path=DemoTestngSDK/src/test/java/app/android/AndroidTest.java, event_started_at=2025-04-18T14:27:04.859892, hook_id=35732032-fb17-4e20-a90d-fd8ba32f45dc, hook_logs=[], key=AFTER_METHOD, custom_metadata={}, test_location=DemoTestngSDK/src/test/java/app/android/AndroidTest.java}] and args = [[TestResult name=tearDown status=FAILURE method=AndroidBaseTest.tearDown()[pri:0, instance:app.android.AndroidTest@7efd28bd] output={null}], AndroidBaseTest.tearDown()[pri:0, instance:app.android.AndroidTest@7efd28bd]]
14:27:04.887 [tearDown@0] INFO  c.b.v2.framework.TestNgFramework - Processing HookLevel attachments from directory: /Users/nithyamani/.browserstack/UploadedAttachments-54/HookLevel
14:27:04.887 [tearDown@0] INFO  c.b.v2.framework.TestNgFramework - Checking hookLevelFiles: []
14:27:04.887 [tearDown@0] INFO  c.b.v2.framework.TestNgFramework - checking Paths of files = /Users/nithyamani/.browserstack/UploadedAttachments-54/HookLevel/BuildLevelHookEvent and abs path = /Users/nithyamani/.browserstack/UploadedAttachments-54/HookLevel/BuildLevelHookEvent 
14:27:04.887 [tearDown@0] INFO  c.b.v2.framework.TestNgFramework - Processing BuildLevelHookEvent attachments from directory: /Users/nithyamani/.browserstack/UploadedAttachments-54/HookLevel/BuildLevelHookEvent
14:27:04.887 [tearDown@0] INFO  c.b.v2.framework.TestNgFramework - Processing TestLevel attachments eventLogs: []
14:27:04.887 [tearDown@0] INFO  c.b.v2.framework.TestNgFramework - sendLogCreatedEvent: No Log Events to send
14:27:04.887 [tearDown@0] INFO  c.b.v2.framework.TestNgFramework - trackHookEvents: hook state=AFTER_METHOD.HookState.POST , hooks started={BEFORE_METHOD=[], AFTER_METHOD=[]} , hooks finished={BEFORE_METHOD=[{hook_name=setUp, hook_result=failed, test_file_path=DemoTestngSDK/src/test/java/app/android/AndroidTest.java, event_started_at=2025-04-18T14:27:02.365694, hook_id=7398d162-826a-44d7-baba-98d1b6298f09, hook_logs=[], logs=[], key=BEFORE_METHOD, custom_metadata={}, event_ended_at=2025-04-18T14:27:04.163384, test_location=DemoTestngSDK/src/test/java/app/android/AndroidTest.java}], AFTER_METHOD=[{hook_name=tearDown, hook_result=failed, test_file_path=DemoTestngSDK/src/test/java/app/android/AndroidTest.java, event_started_at=2025-04-18T14:27:04.859892, hook_id=35732032-fb17-4e20-a90d-fd8ba32f45dc, hook_logs=[], logs=[], key=AFTER_METHOD, custom_metadata={}, event_ended_at=2025-04-18T14:27:04.887032, test_location=DemoTestngSDK/src/test/java/app/android/AndroidTest.java}]}
14:27:04.899 [tearDown@0] INFO  c.b.v2.module.TestHubModule - sendTestFrameworkEvent: event=com.browserstack.v2.eventBus.Event@38544162, response=success: true

14:27:05.821 [main] INFO  com.browserstack.testOps.Listener - logCreated: CLI is active
14:27:05.821 [main] INFO  com.browserstack.testOps.Listener - logCreated: CLI is active
14:27:05.821 [main] INFO  com.browserstack.testOps.Listener - logCreated: CLI is active
14:27:05.821 [main] INFO  com.browserstack.testOps.Listener - logCreated: CLI is active
14:27:05.821 [main] INFO  com.browserstack.testOps.Listener - logCreated: CLI is active
14:27:05.853 [Thread-1] INFO  com.browserstack.testOps.Listener - onComplete: CLI is active
14:27:05.855 [Thread-1] INFO  com.browserstack.v2.SdkCLI - stop: cli stop triggered
14:27:20.947 [Thread-1] DEBUG com.browserstack.v2.SdkCLI - stop-bin-session=success: true

14:27:20.956 [Thread-1] INFO  com.browserstack.v2.SdkCLI - stop: shutting down CLI
14:27:22.320 [Thread-1] INFO  c.browserstack.utils.UtilityMethods - Visit https://observability.browserstack.com/builds/1rg00j305zbq3qjboepkmfptdoxcsfzzkpqnqzc1 to view build report, insights, and many more debugging information all at one place!
14:27:22.320 [Thread-1] INFO  c.b.config.BrowserStackConfig - INFO
14:27:22.320 [Thread-1] INFO  c.browserstack.utils.UtilityMethods - View build on BrowserStack dashboard: 
14:27:22.320 [Thread-1] INFO  c.b.config.BrowserStackConfig - INFO
14:27:22.322 [Thread-1] INFO  c.browserstack.BrowserStackJavaAgent - SDK run ended for id: 17efce43-92e2-4323-9408-8b9f00d036b3, testhub id: 1rg00j305zbq3qjboepkmfptdoxcsfzzkpqnqzc1
14:27:22.322 [Thread-1] INFO  c.b.config.BrowserStackConfig - INFO
14:28:47.340 [main] INFO  c.browserstack.BrowserStackJavaAgent - Selenium version detected - 4.6.0
14:28:47.340 [main] INFO  c.browserstack.BrowserStackJavaAgent - Appium version detected - 8.2.1
14:28:47.418 [main] DEBUG c.b.config.BrowserStackConfig - Cli Config passed - {basedir=/Users/nithyamani/Desktop/TechProjects/Demo/DemoTestngSDK, browserstack.config=browserstack-android.yml, user.dir=/Users/nithyamani/Desktop/TechProjects/Demo/DemoTestngSDK, localrepository=/Users/nithyamani/.m2/repository}
14:28:47.418 [main] INFO  c.browserstack.utils.UtilityMethods - BrowserStack Yml Detected : /Users/nithyamani/Desktop/TechProjects/Demo/DemoTestngSDK/browserstack-android.yml
14:28:47.442 [main] INFO  c.b.config.BrowserStackConfig - Detected Framework testng
14:28:47.588 [main] INFO  c.browserstack.BrowserStackJavaAgent - uploading app ./src/test/resources/WikipediaSample.apk to browserstack
14:28:51.905 [main] DEBUG com.browserstack.v2.SdkCliUtils - File /Users/nithyamani/.browserstack already exist
14:28:51.909 [main] DEBUG com.browserstack.v2.SdkCliUtils - Current CLI Path Found: /Users/nithyamani/.browserstack/cli/binary-macos-x64
14:28:53.255 [main] DEBUG com.browserstack.v2.SdkCliUtils - Resolved binary path: /Users/nithyamani/.browserstack/cli/binary-macos-x64
14:28:53.290 [main] INFO  c.browserstack.BrowserStackJavaAgent - app upload response: {"app_url":"bs:\/\/ab4ef2728d55a1407af120d11574fed602946647"}
14:28:53.290 [main] INFO  c.browserstack.BrowserStackJavaAgent - Using app: [-bs://ab4ef2728d55a1407af120d11574fed602946647]
14:28:53.290 [main] INFO  c.browserstack.BrowserStackJavaAgent - Framework set to testng
14:28:53.292 [main] INFO  c.browserstack.BrowserStackJavaAgent - SDK run started with id: 37b6a38f-b211-4ea6-a80e-34754ac77f2a
14:28:53.292 [main] INFO  c.b.config.BrowserStackConfig - INFO
14:28:53.299 [main] DEBUG com.browserstack.v2.SdkCLI - startMain: main-process starting
14:28:53.300 [main] INFO  com.browserstack.v2.SdkCLI - spawning command='/Users/nithyamani/.browserstack/cli/binary-macos-x64' 'sdk' 'tcp'
14:28:54.251 [ForkJoinPool.commonPool-worker-1] INFO  com.browserstack.v2.SdkCLI - loadCLIParams: start binSessionId=a95feff7-4969-4f8e-9171-5e36eb19f5b0 listenAddress=127.0.0.1:5400
14:28:54.251 [main] DEBUG com.browserstack.v2.SdkCLI - startMain: main-process started
14:28:54.251 [main] DEBUG com.browserstack.v2.SdkCLI - startMain: main-process connecting {port=5400, listen=127.0.0.1:5400, id=a95feff7-4969-4f8e-9171-5e36eb19f5b0}
14:28:54.251 [main] INFO  c.browserstack.utils.UtilityMethods - BrowserStack Yml Detected : /Users/nithyamani/Desktop/TechProjects/Demo/DemoTestngSDK/browserstack-android.yml
14:28:54.260 [main] DEBUG com.browserstack.v2.SdkCliUtils - File /Users/nithyamani/.browserstack already exist
14:29:05.888 [main] DEBUG com.browserstack.v2.SdkCLI - start-bin-session=bin_session_id: "a95feff7-4969-4f8e-9171-5e36eb19f5b0"
config: "{\"userName\":\"nithyamani3\",\"accessKey\":\"zQxNpUZ5pLuExoGFY68v\",\"projectName\":\"Demo SDK Appium Android\",\"buildName\":\"browserstack-testng-appium-suite 2.6.0\",\"buildIdentifier\":\"#3\",\"framework\":\"testng\",\"source\":\"testng:appium-sample-sdk:v1.0\",\"app\":\"bs://ab4ef2728d55a1407af120d11574fed602946647\",\"platforms\":[{\"deviceName\":\"Samsung Galaxy S21\",\"osVersion\":11,\"platformName\":\"android\"}],\"parallelsPerPlatform\":1,\"appProfiling\":true,\"browserstackLocal\":false,\"appiumVersion\":\"2.6.0\",\"debug\":false,\"networkLogs\":true,\"consoleLogs\":\"errors\",\"interactiveDebugging\":true,\"percy\":true,\"percyCaptureMode\":\"auto\",\"testOrchestrationOptions\":{\"retryTestsOnFailure\":{\"enabled\":true,\"maxRetries\":2}},\"testObservability\":true,\"accessibility\":false,\"browserstackAutomation\":true,\"selfHeal\":false,\"disableAutoCaptureLogs\":false,\"testhub\":true,\"testContextOptions\":{\"skipSessionStatus\":false,\"skipSessionName\":false},\"browserStackLocalOptions\":{\"key\":\"zQxNpUZ5pLuExoGFY68v\",\"skipBinaryInitialisation\":false}}"
testhub {
  jwt: "eyJhbGciOiJIUzI1NiJ9.eyJpc3MiOiJicm93c2Vyc3RhY2tfb2IiLCJzdWIiOiIzNzE0MzA4IiwiZ3JvdXBfaWQiOjM2NjcxMTYsInVzZXJfaWQiOjM3MTQzMDgsImJ1aWxkX2hhc2hlZF9pZCI6InVhZTlmZWdnNmdzdGxrbnRmNmF1ZnRsZGplazhwOGk1dG9mbnk3aGgiLCJwcm9qZWN0X25hbWUiOiJEZW1vIFNESyBBcHBpdW0gQW5kcm9pZCIsImhvb2tfYXNfdGVzdCI6IjEiLCJidWlsZF9uYW1lIjoiYnJvd3NlcnN0YWNrLXRlc3RuZy1hcHBpdW0tc3VpdGUiLCJwcm9kdWN0X21hcCI6IntcIm9ic2VydmFiaWxpdHlcIjp0cnVlLFwib3JpZ2luRnJvbVByb2R1Y3RNYXBcIjpcIkFwcEF1dG9tYXRlXCIsXCJic3RhY2tBdXRvbWF0aW9uXCI6dHJ1ZSxcInByb2R1Y3RGaWx0ZXJTb3VyY2VcIjp0cnVlLFwiY2FkXCI6dHJ1ZSxcImFjY2Vzc2liaWxpdHlBdXRvRW5hYmxlZFwiOnRydWUsXCJhcHBfYXV0b21hdGVcIjp0cnVlfSIsImdycl9yZWdpb24iOiIiLCJpc19sb3dfdm9sdW1lIjpmYWxzZSwic2lnbmluZ19rZXlfaGFzaCI6IjM3YzExMzFlNGIyZTc0M2M3NjZlMWQ3MGJmNWYyYjU3ZGM2OWIxOTVkMzAwZTMyYWU4ZDAyMzEyMGE0YTZkOTciLCJpYXQiOjE3NDQ5NjY3MzUsImV4cCI6MTc0NTMxMjMzNX0.RXPemUcmHwusKUwGdKBsBjSdGh8a0OOmX9u148KJGKo"
  build_hashed_id: "uae9fegg6gstlkntf6auftldjek8p8i5tofny7hh"
  testhub_events: true
}
observability {
  success: true
  options {
  }
}
session_framework: "selenium"

14:29:05.897 [main] DEBUG com.browserstack.v2.SdkCLI - startChild: child-process connecting
14:29:06.176 [main] DEBUG com.browserstack.v2.SdkCLI - connect-bin-session=bin_session_id: "a95feff7-4969-4f8e-9171-5e36eb19f5b0"
config: "{\"userName\":\"nithyamani3\",\"accessKey\":\"zQxNpUZ5pLuExoGFY68v\",\"projectName\":\"Demo SDK Appium Android\",\"buildName\":\"browserstack-testng-appium-suite 2.6.0\",\"buildIdentifier\":\"#3\",\"framework\":\"testng\",\"source\":\"testng:appium-sample-sdk:v1.0\",\"app\":\"bs://ab4ef2728d55a1407af120d11574fed602946647\",\"platforms\":[{\"deviceName\":\"Samsung Galaxy S21\",\"osVersion\":11,\"platformName\":\"android\"}],\"parallelsPerPlatform\":1,\"appProfiling\":true,\"browserstackLocal\":false,\"appiumVersion\":\"2.6.0\",\"debug\":false,\"networkLogs\":true,\"consoleLogs\":\"errors\",\"interactiveDebugging\":true,\"percy\":true,\"percyCaptureMode\":\"auto\",\"testOrchestrationOptions\":{\"retryTestsOnFailure\":{\"enabled\":true,\"maxRetries\":2}},\"testObservability\":true,\"accessibility\":false,\"browserstackAutomation\":true,\"selfHeal\":false,\"disableAutoCaptureLogs\":false,\"testhub\":true,\"testContextOptions\":{\"skipSessionStatus\":false,\"skipSessionName\":false},\"browserStackLocalOptions\":{\"key\":\"zQxNpUZ5pLuExoGFY68v\",\"skipBinaryInitialisation\":false},\"hubUrl\":\"https://hub-aps.browserstack.com/wd/hub\"}"
testhub {
  jwt: "eyJhbGciOiJIUzI1NiJ9.eyJpc3MiOiJicm93c2Vyc3RhY2tfb2IiLCJzdWIiOiIzNzE0MzA4IiwiZ3JvdXBfaWQiOjM2NjcxMTYsInVzZXJfaWQiOjM3MTQzMDgsImJ1aWxkX2hhc2hlZF9pZCI6InVhZTlmZWdnNmdzdGxrbnRmNmF1ZnRsZGplazhwOGk1dG9mbnk3aGgiLCJwcm9qZWN0X25hbWUiOiJEZW1vIFNESyBBcHBpdW0gQW5kcm9pZCIsImhvb2tfYXNfdGVzdCI6IjEiLCJidWlsZF9uYW1lIjoiYnJvd3NlcnN0YWNrLXRlc3RuZy1hcHBpdW0tc3VpdGUiLCJwcm9kdWN0X21hcCI6IntcIm9ic2VydmFiaWxpdHlcIjp0cnVlLFwib3JpZ2luRnJvbVByb2R1Y3RNYXBcIjpcIkFwcEF1dG9tYXRlXCIsXCJic3RhY2tBdXRvbWF0aW9uXCI6dHJ1ZSxcInByb2R1Y3RGaWx0ZXJTb3VyY2VcIjp0cnVlLFwiY2FkXCI6dHJ1ZSxcImFjY2Vzc2liaWxpdHlBdXRvRW5hYmxlZFwiOnRydWUsXCJhcHBfYXV0b21hdGVcIjp0cnVlfSIsImdycl9yZWdpb24iOiIiLCJpc19sb3dfdm9sdW1lIjpmYWxzZSwic2lnbmluZ19rZXlfaGFzaCI6IjM3YzExMzFlNGIyZTc0M2M3NjZlMWQ3MGJmNWYyYjU3ZGM2OWIxOTVkMzAwZTMyYWU4ZDAyMzEyMGE0YTZkOTciLCJpYXQiOjE3NDQ5NjY3MzUsImV4cCI6MTc0NTMxMjMzNX0.RXPemUcmHwusKUwGdKBsBjSdGh8a0OOmX9u148KJGKo"
  build_hashed_id: "uae9fegg6gstlkntf6auftldjek8p8i5tofny7hh"
  testhub_events: true
}
observability {
  success: true
  options {
  }
}
percy {
  success: true
  percy_capture_mode: "auto"
  percy_build_id: "39936531"
}
session_framework: "selenium"
test_orchestration {
  retry_tests_on_failure {
    enabled: true
    max_retries: 2
  }
}

14:29:06.178 [main] INFO  com.browserstack.v2.SdkCLI - loadBinResponse: Loading modules as per LoadBinResponse=bin_session_id: "a95feff7-4969-4f8e-9171-5e36eb19f5b0"
config: "{\"userName\":\"nithyamani3\",\"accessKey\":\"zQxNpUZ5pLuExoGFY68v\",\"projectName\":\"Demo SDK Appium Android\",\"buildName\":\"browserstack-testng-appium-suite 2.6.0\",\"buildIdentifier\":\"#3\",\"framework\":\"testng\",\"source\":\"testng:appium-sample-sdk:v1.0\",\"app\":\"bs://ab4ef2728d55a1407af120d11574fed602946647\",\"platforms\":[{\"deviceName\":\"Samsung Galaxy S21\",\"osVersion\":11,\"platformName\":\"android\"}],\"parallelsPerPlatform\":1,\"appProfiling\":true,\"browserstackLocal\":false,\"appiumVersion\":\"2.6.0\",\"debug\":false,\"networkLogs\":true,\"consoleLogs\":\"errors\",\"interactiveDebugging\":true,\"percy\":true,\"percyCaptureMode\":\"auto\",\"testOrchestrationOptions\":{\"retryTestsOnFailure\":{\"enabled\":true,\"maxRetries\":2}},\"testObservability\":true,\"accessibility\":false,\"browserstackAutomation\":true,\"selfHeal\":false,\"disableAutoCaptureLogs\":false,\"testhub\":true,\"testContextOptions\":{\"skipSessionStatus\":false,\"skipSessionName\":false},\"browserStackLocalOptions\":{\"key\":\"zQxNpUZ5pLuExoGFY68v\",\"skipBinaryInitialisation\":false},\"hubUrl\":\"https://hub-aps.browserstack.com/wd/hub\"}"
testhub {
  jwt: "eyJhbGciOiJIUzI1NiJ9.eyJpc3MiOiJicm93c2Vyc3RhY2tfb2IiLCJzdWIiOiIzNzE0MzA4IiwiZ3JvdXBfaWQiOjM2NjcxMTYsInVzZXJfaWQiOjM3MTQzMDgsImJ1aWxkX2hhc2hlZF9pZCI6InVhZTlmZWdnNmdzdGxrbnRmNmF1ZnRsZGplazhwOGk1dG9mbnk3aGgiLCJwcm9qZWN0X25hbWUiOiJEZW1vIFNESyBBcHBpdW0gQW5kcm9pZCIsImhvb2tfYXNfdGVzdCI6IjEiLCJidWlsZF9uYW1lIjoiYnJvd3NlcnN0YWNrLXRlc3RuZy1hcHBpdW0tc3VpdGUiLCJwcm9kdWN0X21hcCI6IntcIm9ic2VydmFiaWxpdHlcIjp0cnVlLFwib3JpZ2luRnJvbVByb2R1Y3RNYXBcIjpcIkFwcEF1dG9tYXRlXCIsXCJic3RhY2tBdXRvbWF0aW9uXCI6dHJ1ZSxcInByb2R1Y3RGaWx0ZXJTb3VyY2VcIjp0cnVlLFwiY2FkXCI6dHJ1ZSxcImFjY2Vzc2liaWxpdHlBdXRvRW5hYmxlZFwiOnRydWUsXCJhcHBfYXV0b21hdGVcIjp0cnVlfSIsImdycl9yZWdpb24iOiIiLCJpc19sb3dfdm9sdW1lIjpmYWxzZSwic2lnbmluZ19rZXlfaGFzaCI6IjM3YzExMzFlNGIyZTc0M2M3NjZlMWQ3MGJmNWYyYjU3ZGM2OWIxOTVkMzAwZTMyYWU4ZDAyMzEyMGE0YTZkOTciLCJpYXQiOjE3NDQ5NjY3MzUsImV4cCI6MTc0NTMxMjMzNX0.RXPemUcmHwusKUwGdKBsBjSdGh8a0OOmX9u148KJGKo"
  build_hashed_id: "uae9fegg6gstlkntf6auftldjek8p8i5tofny7hh"
  testhub_events: true
}
observability {
  success: true
  options {
  }
}
percy {
  success: true
  percy_capture_mode: "auto"
  percy_build_id: "39936531"
}
session_framework: "selenium"
test_orchestration {
  retry_tests_on_failure {
    enabled: true
    max_retries: 2
  }
}

14:29:06.185 [main] DEBUG com.browserstack.v2.SdkCLI - loadBinResponse: configured module=WebdriverModule & a95feff7-4969-4f8e-9171-5e36eb19f5b0
14:29:06.185 [main] DEBUG com.browserstack.v2.SdkCLI - loadBinResponse: configured module=ObservabilityModule & a95feff7-4969-4f8e-9171-5e36eb19f5b0
14:29:06.185 [main] DEBUG com.browserstack.v2.SdkCLI - loadBinResponse: configured module=TestHubModule & a95feff7-4969-4f8e-9171-5e36eb19f5b0
14:29:06.185 [main] DEBUG com.browserstack.v2.SdkCLI - loadBinResponse: configured module=PercyModule & a95feff7-4969-4f8e-9171-5e36eb19f5b0
14:29:06.187 [main] INFO  com.browserstack.v2.SdkCLI - startChild: child-process connected
14:29:06.191 [main] INFO  com.browserstack.v2.SdkCLI - startMain: main-process connected
14:29:08.303 [main] INFO  c.browserstack.BrowserStackJavaAgent - Project and debug logs are captured by default. To disable, set disableAutoCaptureLogs: true in config.
14:29:08.311 [main] INFO  com.browserstack.testOps.Listener - onStart: CLI is active
14:29:08.551 [main] DEBUG com.browserstack.v2.SdkCLI - Setting up testng framework
14:29:08.552 [main] DEBUG com.browserstack.v2.SdkCLI - Setting up selenium framework
14:29:08.699 [main] INFO  com.browserstack.testOps.Listener - logCreated: CLI is active
14:29:08.699 [main] INFO  com.browserstack.testOps.Listener - logCreated: CLI is active
14:29:08.701 [main] INFO  com.browserstack.testOps.Listener - logCreated: CLI is active
14:29:08.701 [main] INFO  com.browserstack.testOps.Listener - logCreated: CLI is active
14:29:08.701 [main] INFO  com.browserstack.testOps.Listener - logCreated: CLI is active
14:29:08.701 [main] INFO  com.browserstack.testOps.Listener - logCreated: CLI is active
14:29:08.701 [main] INFO  com.browserstack.testOps.Listener - logCreated: CLI is active
14:29:08.702 [main] INFO  com.browserstack.testOps.Listener - logCreated: CLI is active
14:29:08.702 [main] INFO  com.browserstack.testOps.Listener - logCreated: CLI is active
14:29:08.702 [main] INFO  com.browserstack.testOps.Listener - logCreated: CLI is active
14:29:08.704 [main] INFO  com.browserstack.testOps.Listener - logCreated: CLI is active
14:29:08.704 [main] INFO  com.browserstack.testOps.Listener - logCreated: CLI is active
14:29:08.704 [main] INFO  com.browserstack.testOps.Listener - logCreated: CLI is active
14:29:08.704 [main] INFO  com.browserstack.testOps.Listener - logCreated: CLI is active
14:29:08.704 [main] INFO  com.browserstack.testOps.Listener - logCreated: CLI is active
14:29:08.726 [TestNG-tests-1] INFO  c.b.v2.framework.TestNgFramework - trackTestNgTest: saved instance contextId=-507621420 target=AndroidTest-0@0 instances=[-507621420]
14:29:08.726 [TestNG-tests-1] INFO  c.b.v2.framework.TestNgFramework - trackEvent: found instance, testFrameworkState=TestFrameworkState.INIT_TEST hookState=HookState.PRE instance=-507621420
14:29:08.726 [TestNG-tests-1] INFO  c.b.v2.framework.TestNgFramework - trackEvent: loaded instance, testFrameworkState=TestFrameworkState.INIT_TEST hookState=HookState.PRE instance=-507621420
14:29:08.737 [AndroidTest-0@0] INFO  c.b.v2.framework.TestNgFramework - trackEvent: found instance, testFrameworkState=TestFrameworkState.BEFORE_METHOD hookState=HookState.PRE instance=-507621420
14:29:08.738 [AndroidTest-0@0] INFO  c.b.v2.framework.TestNgFramework - trackEvent: loaded common test data, testFrameworkState=TestFrameworkState.BEFORE_METHOD hookState=HookState.PRE instance=-507621420
14:29:08.738 [AndroidTest-0@0] INFO  c.b.v2.framework.TestNgFramework - trackEvent: track hook events
14:29:08.779 [AndroidTest-0@0] INFO  c.b.v2.framework.TestNgFramework - args CHECK = [TestResult name=setUp status=STARTED method=AndroidBaseTest.setUp()[pri:0, instance:app.android.AndroidTest@858d8b4] output={null}]
14:29:08.780 [AndroidTest-0@0] INFO  c.b.v2.framework.TestNgFramework - Hook Started in PRE key = BEFORE_METHOD & hook = {hook_name=setUp, hook_result=pending, test_file_path=DemoTestngSDK/src/test/java/app/android/AndroidTest.java, event_started_at=2025-04-18T14:29:08.780594, hook_id=da1effb4-846d-452b-b791-b6ee61869be5, hook_logs=[], key=BEFORE_METHOD, custom_metadata={}, test_location=DemoTestngSDK/src/test/java/app/android/AndroidTest.java}  and args = [[TestResult name=setUp status=STARTED method=AndroidBaseTest.setUp()[pri:0, instance:app.android.AndroidTest@858d8b4] output={null}], AndroidBaseTest.setUp()[pri:0, instance:app.android.AndroidTest@858d8b4]]
14:29:08.780 [AndroidTest-0@0] INFO  c.b.v2.framework.TestNgFramework - trackHookEvents: hook state=BEFORE_METHOD.HookState.PRE , hooks started={BEFORE_METHOD=[{hook_name=setUp, hook_result=pending, test_file_path=DemoTestngSDK/src/test/java/app/android/AndroidTest.java, event_started_at=2025-04-18T14:29:08.780594, hook_id=da1effb4-846d-452b-b791-b6ee61869be5, hook_logs=[], key=BEFORE_METHOD, custom_metadata={}, test_location=DemoTestngSDK/src/test/java/app/android/AndroidTest.java}]} , hooks finished={BEFORE_METHOD=[]}
14:29:08.794 [AndroidTest-0@0] INFO  c.b.v2.module.TestHubModule - sendTestFrameworkEvent: event=com.browserstack.v2.eventBus.Event@4ec478a6, response=success: true

14:29:08.845 [setUp@0] INFO  c.b.v2.framework.TestNgFramework - trackEvent: found instance, testFrameworkState=TestFrameworkState.LOG hookState=HookState.PRE instance=-507621420
14:29:08.845 [setUp@0] INFO  c.b.v2.framework.TestNgFramework - trackEvent: load log entries
14:29:08.856 [setUp@0] INFO  c.b.v2.module.TestHubModule - sendLogCreatedEvent: event=com.browserstack.v2.eventBus.Event@28bc5d02, response=success: true

14:29:08.857 [setUp@0] INFO  c.b.v2.module.TestHubModule - sendLogCreatedEvent: event=com.browserstack.v2.eventBus.Event@28bc5d02
14:29:09.008 [setUp@0] INFO  c.b.v2.framework.SeleniumFramework - trackSeleniumTest: saved instance contextId=831427963 target=10959:54 instances=[831427963]
14:29:09.008 [setUp@0] INFO  c.b.v2.module.WebdriverModule - onBeforeDriverCreate: event=com.browserstack.v2.eventBus.Event@6122c26e
14:29:09.051 [setUp@0] INFO  c.b.v2.module.WebdriverModule - beforeCommandExecute: event=com.browserstack.v2.eventBus.Event@b4544bb
14:29:09.054 [setUp@0] INFO  c.browserstack.v2.module.PercyModule - onPreExecute: event=com.browserstack.v2.eventBus.Event@b4544bb {hook=PRE, instance=com.browserstack.v2.instance.AutomationFrameworkInstance@427bcb75, frameworkState=EXECUTE, arguments=[Ljava.lang.Object;@490aad6f, command=[null, newSession {capabilities=[{appium:app=bs://ab4ef2728d55a1407af120d11574fed602946647, bstack:options={userName=nithyamani3, accessKey=zQxNpUZ5pLuExoGFY68v, projectName=Demo SDK Appium Android, buildName=browserstack-testng-appium-suite 2.6.0, buildIdentifier=#3, source=testng:appium-sample-sdk:v1.0, appProfiling=true, appiumVersion=2.6.0, debug=false, networkLogs=true, consoleLogs=errors, interactiveDebugging=true, osVersion=11, platformName=android, hostName=NithyaMani-X7PQL3QXY5, browserstackSDK=TestNG-javaagent/1.32.2, buildProductMap={observability=true, accessibility=false, percy=true, automate=false, app_automate=true}, deviceName=Samsung Galaxy S21, useW3C=true, accessibilityOptions={}, testhubBuildUuid=uae9fegg6gstlkntf6auftldjek8p8i5tofny7hh}}], desiredCapabilities=Capabilities {appium:app: bs://ab4ef2728d55a1407af120..., bstack:options: {accessKey: zQxNpUZ5pLuExoGFY68v, accessibilityOptions: {}, appProfiling: true, appiumVersion: 2.6.0, browserstackSDK: TestNG-javaagent/1.32.2, buildIdentifier: #3, buildName: browserstack-testng-appium-..., buildProductMap: {accessibility: false, app_automate: true, automate: false, observability: true, percy: true}, consoleLogs: errors, debug: false, deviceName: Samsung Galaxy S21, hostName: NithyaMani-X7PQL3QXY5, interactiveDebugging: true, networkLogs: true, osVersion: 11, platformName: android, projectName: Demo SDK Appium Android, source: testng:appium-sample-sdk:v1.0, testhubBuildUuid: uae9fegg6gstlkntf6auftldjek..., useW3C: true, userName: nithyamani3}}}]}
14:29:33.097 [setUp@0] INFO  c.b.v2.module.WebdriverModule - afterCommandExecute: event=com.browserstack.v2.eventBus.Event@294c1f92
14:29:33.108 [setUp@0] INFO  c.b.v2.framework.SeleniumFramework - trackSeleniumTest: saved instance contextId=831427963 target=10959:54 instances=[831427963]
14:29:33.108 [setUp@0] INFO  c.b.v2.module.WebdriverModule - onDriverCreated: event=com.browserstack.v2.eventBus.Event@40831921
14:29:33.108 [setUp@0] INFO  c.b.v2.module.WebdriverModule - Found session id=880a4be72549136a9d643d9f6c2ab30a8e92eabc for instance=com.browserstack.v2.instance.AutomationFrameworkInstance@427bcb75
14:29:33.109 [setUp@0] INFO  c.b.v2.module.WebdriverModule - Driver added successfully to automationFramework
14:29:33.125 [setUp@0] INFO  c.b.v2.framework.TestNgFramework - trackEvent: found instance, testFrameworkState=TestFrameworkState.BEFORE_METHOD hookState=HookState.POST instance=-507621420
14:29:33.126 [setUp@0] INFO  c.b.v2.framework.TestNgFramework - trackEvent: loaded common test data, testFrameworkState=TestFrameworkState.BEFORE_METHOD hookState=HookState.POST instance=-507621420
14:29:33.126 [setUp@0] INFO  c.b.v2.framework.TestNgFramework - trackEvent: track hook events
14:29:33.138 [setUp@0] INFO  c.b.v2.framework.TestNgFramework - args CHECK = [TestResult name=setUp status=SUCCESS method=AndroidBaseTest.setUp()[pri:0, instance:app.android.AndroidTest@858d8b4] output={null}]
14:29:33.139 [setUp@0] INFO  c.b.v2.framework.TestNgFramework - Hook List in Post [{hook_name=setUp, hook_result=pending, test_file_path=DemoTestngSDK/src/test/java/app/android/AndroidTest.java, event_started_at=2025-04-18T14:29:08.780594, hook_id=da1effb4-846d-452b-b791-b6ee61869be5, hook_logs=[], key=BEFORE_METHOD, custom_metadata={}, test_location=DemoTestngSDK/src/test/java/app/android/AndroidTest.java}] and args = [[TestResult name=setUp status=SUCCESS method=AndroidBaseTest.setUp()[pri:0, instance:app.android.AndroidTest@858d8b4] output={null}], AndroidBaseTest.setUp()[pri:0, instance:app.android.AndroidTest@858d8b4]]
14:29:33.139 [setUp@0] INFO  c.b.v2.framework.TestNgFramework - Processing HookLevel attachments from directory: /Users/nithyamani/.browserstack/UploadedAttachments-54/HookLevel
14:29:33.139 [setUp@0] INFO  c.b.v2.framework.TestNgFramework - Checking hookLevelFiles: []
14:29:33.139 [setUp@0] INFO  c.b.v2.framework.TestNgFramework - checking Paths of files = /Users/nithyamani/.browserstack/UploadedAttachments-54/HookLevel/BuildLevelHookEvent and abs path = /Users/nithyamani/.browserstack/UploadedAttachments-54/HookLevel/BuildLevelHookEvent 
14:29:33.139 [setUp@0] INFO  c.b.v2.framework.TestNgFramework - Processing BuildLevelHookEvent attachments from directory: /Users/nithyamani/.browserstack/UploadedAttachments-54/HookLevel/BuildLevelHookEvent
14:29:33.139 [setUp@0] INFO  c.b.v2.framework.TestNgFramework - Processing TestLevel attachments eventLogs: []
14:29:33.139 [setUp@0] INFO  c.b.v2.framework.TestNgFramework - sendLogCreatedEvent: No Log Events to send
14:29:33.139 [setUp@0] INFO  c.b.v2.framework.TestNgFramework - trackHookEvents: hook state=BEFORE_METHOD.HookState.POST , hooks started={BEFORE_METHOD=[]} , hooks finished={BEFORE_METHOD=[{hook_name=setUp, hook_result=passed, test_file_path=DemoTestngSDK/src/test/java/app/android/AndroidTest.java, event_started_at=2025-04-18T14:29:08.780594, hook_id=da1effb4-846d-452b-b791-b6ee61869be5, hook_logs=[], logs=[], key=BEFORE_METHOD, custom_metadata={}, event_ended_at=2025-04-18T14:29:33.139106, test_location=DemoTestngSDK/src/test/java/app/android/AndroidTest.java}]}
14:29:33.145 [setUp@0] INFO  c.b.v2.module.TestHubModule - sendTestFrameworkEvent: event=com.browserstack.v2.eventBus.Event@4b6018ea, response=success: true

14:29:33.149 [setUp@0] INFO  c.b.v2.framework.TestNgFramework - trackEvent: found instance, testFrameworkState=TestFrameworkState.TEST hookState=HookState.PRE instance=-507621420
14:29:33.161 [setUp@0] INFO  c.b.v2.framework.TestNgFramework - trackEvent: loaded initial test data to instance, testFrameworkState=TestFrameworkState.TEST hookState=HookState.PRE instance=-507621420
14:29:33.162 [setUp@0] INFO  c.b.v2.module.WebdriverModule - onBeforeTest: event=com.browserstack.v2.eventBus.Event@68518aec
14:29:33.167 [setUp@0] INFO  c.b.v2.module.TestHubModule - sendTestFrameworkEvent: event=com.browserstack.v2.eventBus.Event@68518aec, response=success: true

14:29:33.169 [setUp@0] INFO  c.b.v2.module.ObservabilityModule - onBeforeTest: event={instance=com.browserstack.v2.instance.TestFrameworkInstance@1876584a, testFrameworkState=TestFrameworkState.TEST, testInstance=com.browserstack.v2.instance.TestFrameworkInstance@1876584a, hookState=HookState.PRE}
14:29:33.169 [setUp@0] INFO  c.b.v2.module.ObservabilityModule - performO11ySync: Performing O11y Sync
14:29:33.205 [wikiAppTest@0] INFO  c.b.v2.module.WebdriverModule - beforeCommandExecute: event=com.browserstack.v2.eventBus.Event@e5c5da2
14:29:33.205 [wikiAppTest@0] INFO  c.browserstack.v2.module.PercyModule - onPreExecute: event=com.browserstack.v2.eventBus.Event@e5c5da2 {hook=PRE, instance=com.browserstack.v2.instance.AutomationFrameworkInstance@427bcb75, frameworkState=EXECUTE, arguments=[Ljava.lang.Object;@7d0ede60, command=[880a4be72549136a9d643d9f6c2ab30a8e92eabc, findElement {using=accessibility id, value=Search Wikipedia}]}
14:29:34.623 [wikiAppTest@0] INFO  c.b.v2.module.WebdriverModule - afterCommandExecute: event=com.browserstack.v2.eventBus.Event@c6ea46c
14:29:34.634 [wikiAppTest@0] INFO  c.b.v2.module.WebdriverModule - beforeCommandExecute: event=com.browserstack.v2.eventBus.Event@64b918b3
14:29:34.634 [wikiAppTest@0] INFO  c.browserstack.v2.module.PercyModule - onPreExecute: event=com.browserstack.v2.eventBus.Event@64b918b3 {hook=PRE, instance=com.browserstack.v2.instance.AutomationFrameworkInstance@427bcb75, frameworkState=EXECUTE, arguments=[Ljava.lang.Object;@538f74dd, command=[880a4be72549136a9d643d9f6c2ab30a8e92eabc, isElementDisplayed {id=00000000-0000-002e-ffff-ffff00000036}]}
14:29:34.713 [wikiAppTest@0] INFO  c.b.v2.module.WebdriverModule - afterCommandExecute: event=com.browserstack.v2.eventBus.Event@6e7c1b82
14:29:34.723 [wikiAppTest@0] INFO  c.b.v2.module.WebdriverModule - beforeCommandExecute: event=com.browserstack.v2.eventBus.Event@78f8e57c
14:29:34.724 [wikiAppTest@0] INFO  c.browserstack.v2.module.PercyModule - onPreExecute: event=com.browserstack.v2.eventBus.Event@78f8e57c {hook=PRE, instance=com.browserstack.v2.instance.AutomationFrameworkInstance@427bcb75, frameworkState=EXECUTE, arguments=[Ljava.lang.Object;@16f4f5c, command=[880a4be72549136a9d643d9f6c2ab30a8e92eabc, isElementEnabled {id=00000000-0000-002e-ffff-ffff00000036}]}
14:29:34.800 [wikiAppTest@0] INFO  c.b.v2.module.WebdriverModule - afterCommandExecute: event=com.browserstack.v2.eventBus.Event@f41e4f8
14:29:34.809 [wikiAppTest@0] INFO  c.b.v2.module.WebdriverModule - beforeCommandExecute: event=com.browserstack.v2.eventBus.Event@2e2e12f1
14:29:34.810 [wikiAppTest@0] INFO  c.browserstack.v2.module.PercyModule - onPreExecute: event=com.browserstack.v2.eventBus.Event@2e2e12f1 {hook=PRE, instance=com.browserstack.v2.instance.AutomationFrameworkInstance@427bcb75, frameworkState=EXECUTE, arguments=[Ljava.lang.Object;@5540adc7, command=[880a4be72549136a9d643d9f6c2ab30a8e92eabc, clickElement {id=00000000-0000-002e-ffff-ffff00000036}]}
14:29:34.937 [wikiAppTest@0] INFO  c.b.v2.module.WebdriverModule - afterCommandExecute: event=com.browserstack.v2.eventBus.Event@5d0fbe70
14:29:34.941 [wikiAppTest@0] INFO  c.b.v2.module.WebdriverModule - beforeCommandExecute: event=com.browserstack.v2.eventBus.Event@66a4dcf1
14:29:34.941 [wikiAppTest@0] INFO  c.browserstack.v2.module.PercyModule - onPreExecute: event=com.browserstack.v2.eventBus.Event@66a4dcf1 {hook=PRE, instance=com.browserstack.v2.instance.AutomationFrameworkInstance@427bcb75, frameworkState=EXECUTE, arguments=[Ljava.lang.Object;@4678126b, command=[880a4be72549136a9d643d9f6c2ab30a8e92eabc, findElement {using=id, value=org.wikipedia.alpha:id/search_src_text}]}
14:29:35.107 [wikiAppTest@0] INFO  c.b.v2.module.WebdriverModule - afterCommandExecute: event=com.browserstack.v2.eventBus.Event@4b2ed777
14:29:35.624 [wikiAppTest@0] INFO  c.b.v2.module.WebdriverModule - beforeCommandExecute: event=com.browserstack.v2.eventBus.Event@2abf6987
14:29:35.625 [wikiAppTest@0] INFO  c.browserstack.v2.module.PercyModule - onPreExecute: event=com.browserstack.v2.eventBus.Event@2abf6987 {hook=PRE, instance=com.browserstack.v2.instance.AutomationFrameworkInstance@427bcb75, frameworkState=EXECUTE, arguments=[Ljava.lang.Object;@5ba8290a, command=[880a4be72549136a9d643d9f6c2ab30a8e92eabc, findElement {using=id, value=org.wikipedia.alpha:id/search_src_text}]}
14:29:35.838 [wikiAppTest@0] INFO  c.b.v2.module.WebdriverModule - afterCommandExecute: event=com.browserstack.v2.eventBus.Event@4a4d94f8
14:29:35.848 [wikiAppTest@0] INFO  c.b.v2.module.WebdriverModule - beforeCommandExecute: event=com.browserstack.v2.eventBus.Event@5a552d81
14:29:35.849 [wikiAppTest@0] INFO  c.browserstack.v2.module.PercyModule - onPreExecute: event=com.browserstack.v2.eventBus.Event@5a552d81 {hook=PRE, instance=com.browserstack.v2.instance.AutomationFrameworkInstance@427bcb75, frameworkState=EXECUTE, arguments=[Ljava.lang.Object;@179cbc80, command=[880a4be72549136a9d643d9f6c2ab30a8e92eabc, isElementDisplayed {id=00000000-0000-002e-ffff-ffff000000a2}]}
14:29:35.887 [wikiAppTest@0] INFO  c.b.v2.module.WebdriverModule - afterCommandExecute: event=com.browserstack.v2.eventBus.Event@315000df
14:29:35.894 [wikiAppTest@0] INFO  c.b.v2.module.WebdriverModule - beforeCommandExecute: event=com.browserstack.v2.eventBus.Event@2cf62b39
14:29:35.897 [wikiAppTest@0] INFO  c.browserstack.v2.module.PercyModule - onPreExecute: event=com.browserstack.v2.eventBus.Event@2cf62b39 {hook=PRE, instance=com.browserstack.v2.instance.AutomationFrameworkInstance@427bcb75, frameworkState=EXECUTE, arguments=[Ljava.lang.Object;@5e7cea9b, command=[880a4be72549136a9d643d9f6c2ab30a8e92eabc, isElementEnabled {id=00000000-0000-002e-ffff-ffff000000a2}]}
14:29:35.943 [wikiAppTest@0] INFO  c.b.v2.module.WebdriverModule - afterCommandExecute: event=com.browserstack.v2.eventBus.Event@6f9b5f73
14:29:36.049 [wikiAppTest@0] INFO  c.b.v2.framework.TestNgFramework - trackEvent: found instance, testFrameworkState=TestFrameworkState.LOG hookState=HookState.PRE instance=-507621420
14:29:36.049 [wikiAppTest@0] INFO  c.b.v2.framework.TestNgFramework - trackEvent: load log entries
14:29:36.059 [wikiAppTest@0] INFO  c.b.v2.module.TestHubModule - sendLogCreatedEvent: event=com.browserstack.v2.eventBus.Event@6fe8522a, response=success: true

14:29:36.060 [wikiAppTest@0] INFO  c.b.v2.module.TestHubModule - sendLogCreatedEvent: event=com.browserstack.v2.eventBus.Event@6fe8522a
14:29:36.076 [wikiAppTest@0] INFO  c.b.v2.framework.TestNgFramework - trackEvent: found instance, testFrameworkState=TestFrameworkState.LOG hookState=HookState.PRE instance=-507621420
14:29:36.076 [wikiAppTest@0] INFO  c.b.v2.framework.TestNgFramework - trackEvent: load log entries
14:29:36.095 [wikiAppTest@0] INFO  c.b.v2.module.TestHubModule - sendLogCreatedEvent: event=com.browserstack.v2.eventBus.Event@7a6b63fd, response=success: true

14:29:36.095 [wikiAppTest@0] INFO  c.b.v2.module.TestHubModule - sendLogCreatedEvent: event=com.browserstack.v2.eventBus.Event@7a6b63fd
14:29:36.099 [wikiAppTest@0] INFO  c.b.v2.module.WebdriverModule - beforeCommandExecute: event=com.browserstack.v2.eventBus.Event@1032250b
14:29:36.099 [wikiAppTest@0] INFO  c.browserstack.v2.module.PercyModule - onPreExecute: event=com.browserstack.v2.eventBus.Event@1032250b {hook=PRE, instance=com.browserstack.v2.instance.AutomationFrameworkInstance@427bcb75, frameworkState=EXECUTE, arguments=[Ljava.lang.Object;@47831463, command=[880a4be72549136a9d643d9f6c2ab30a8e92eabc, sendKeysToElement {id=00000000-0000-002e-ffff-ffff000000a2, value=[Ljava.lang.CharSequence;@27bcd0d9}]}
14:29:36.790 [wikiAppTest@0] INFO  c.b.v2.module.WebdriverModule - afterCommandExecute: event=com.browserstack.v2.eventBus.Event@60bacc8a
14:29:41.807 [wikiAppTest@0] INFO  c.b.v2.module.WebdriverModule - beforeCommandExecute: event=com.browserstack.v2.eventBus.Event@60677f65
14:29:41.808 [wikiAppTest@0] INFO  c.browserstack.v2.module.PercyModule - onPreExecute: event=com.browserstack.v2.eventBus.Event@60677f65 {hook=PRE, instance=com.browserstack.v2.instance.AutomationFrameworkInstance@427bcb75, frameworkState=EXECUTE, arguments=[Ljava.lang.Object;@aa68066, command=[880a4be72549136a9d643d9f6c2ab30a8e92eabc, findElements {using=class name, value=android.widget.TextView}]}
14:29:42.001 [wikiAppTest@0] INFO  c.b.v2.module.WebdriverModule - afterCommandExecute: event=com.browserstack.v2.eventBus.Event@58d99aa7
14:29:42.022 [wikiAppTest@0] INFO  c.b.v2.framework.TestNgFramework - trackEvent: found instance, testFrameworkState=TestFrameworkState.LOG_REPORT hookState=HookState.PRE instance=-507621420
14:29:42.022 [wikiAppTest@0] INFO  c.b.v2.framework.TestNgFramework - trackEvent: found instance, testFrameworkState=TestFrameworkState.LOG_REPORT hookState=HookState.POST instance=-507621420
14:29:42.022 [wikiAppTest@0] INFO  c.b.v2.framework.TestNgFramework - trackEvent: load test results
14:29:42.024 [wikiAppTest@0] INFO  c.b.v2.framework.TestNgFramework - trackEvent: found instance, testFrameworkState=TestFrameworkState.TEST hookState=HookState.POST instance=-507621420
14:29:42.024 [wikiAppTest@0] INFO  c.b.v2.module.WebdriverModule - onAfterTest: event=com.browserstack.v2.eventBus.Event@d9e807f
14:29:42.404 [wikiAppTest@0] ERROR c.b.utils.SeleniumMethodUtils - Done for sessionid 880a4be72549136a9d643d9f6c2ab30a8e92eabc
14:29:42.801 [wikiAppTest@0] INFO  c.b.v2.module.TestHubModule - onAfterTest: event={com.browserstack.v2.eventBus.Event@d9e807f}
14:29:42.881 [wikiAppTest@0] INFO  c.b.v2.module.TestHubModule - sendTestSessionEvent: event=com.browserstack.v2.eventBus.Event@d9e807f, response=success: true

14:29:42.888 [wikiAppTest@0] INFO  c.b.v2.module.TestHubModule - sendTestFrameworkEvent: event=com.browserstack.v2.eventBus.Event@d9e807f, response=success: true

14:29:42.889 [wikiAppTest@0] INFO  c.browserstack.v2.module.PercyModule - onPostExecute: event=com.browserstack.v2.eventBus.Event@d9e807f
14:29:42.889 [wikiAppTest@0] INFO  c.b.v2.framework.TestNgFramework - trackEvent: found instance, testFrameworkState=TestFrameworkState.LOG_REPORT hookState=HookState.PRE instance=-507621420
14:29:42.889 [wikiAppTest@0] INFO  c.b.v2.framework.TestNgFramework - trackEvent: found instance, testFrameworkState=TestFrameworkState.LOG_REPORT hookState=HookState.POST instance=-507621420
14:29:42.889 [wikiAppTest@0] INFO  c.b.v2.framework.TestNgFramework - trackEvent: load test results
14:29:42.889 [wikiAppTest@0] INFO  c.b.v2.framework.TestNgFramework - trackEvent: found instance, testFrameworkState=TestFrameworkState.TEST hookState=HookState.POST instance=-507621420
14:29:42.889 [wikiAppTest@0] INFO  c.b.v2.module.WebdriverModule - onAfterTest: event=com.browserstack.v2.eventBus.Event@1687898a
14:29:43.206 [wikiAppTest@0] ERROR c.b.utils.SeleniumMethodUtils - Done for sessionid 880a4be72549136a9d643d9f6c2ab30a8e92eabc
14:29:43.520 [wikiAppTest@0] INFO  c.b.v2.module.TestHubModule - onAfterTest: event={com.browserstack.v2.eventBus.Event@1687898a}
14:29:43.529 [wikiAppTest@0] INFO  c.b.v2.module.TestHubModule - sendTestFrameworkEvent: event=com.browserstack.v2.eventBus.Event@1687898a, response=success: true

14:29:43.531 [wikiAppTest@0] INFO  c.browserstack.v2.module.PercyModule - onPostExecute: event=com.browserstack.v2.eventBus.Event@1687898a
14:29:43.532 [wikiAppTest@0] INFO  c.b.v2.framework.TestNgFramework - trackEvent: found instance, testFrameworkState=TestFrameworkState.AFTER_METHOD hookState=HookState.PRE instance=-507621420
14:29:43.532 [wikiAppTest@0] INFO  c.b.v2.framework.TestNgFramework - trackEvent: track hook events
14:29:43.550 [wikiAppTest@0] INFO  c.b.v2.framework.TestNgFramework - args CHECK = [TestResult name=tearDown status=STARTED method=AndroidBaseTest.tearDown()[pri:0, instance:app.android.AndroidTest@858d8b4] output={null}]
14:29:43.550 [wikiAppTest@0] INFO  c.b.v2.framework.TestNgFramework - Hook Started in PRE key = AFTER_METHOD & hook = {hook_name=tearDown, hook_result=pending, test_file_path=DemoTestngSDK/src/test/java/app/android/AndroidTest.java, event_started_at=2025-04-18T14:29:43.550275, hook_id=5a171d1d-4291-42ed-9ef8-f533760765cf, hook_logs=[], key=AFTER_METHOD, custom_metadata={}, test_location=DemoTestngSDK/src/test/java/app/android/AndroidTest.java}  and args = [[TestResult name=tearDown status=STARTED method=AndroidBaseTest.tearDown()[pri:0, instance:app.android.AndroidTest@858d8b4] output={null}], AndroidBaseTest.tearDown()[pri:0, instance:app.android.AndroidTest@858d8b4]]
14:29:43.550 [wikiAppTest@0] INFO  c.b.v2.framework.TestNgFramework - trackHookEvents: hook state=AFTER_METHOD.HookState.PRE , hooks started={BEFORE_METHOD=[], AFTER_METHOD=[{hook_name=tearDown, hook_result=pending, test_file_path=DemoTestngSDK/src/test/java/app/android/AndroidTest.java, event_started_at=2025-04-18T14:29:43.550275, hook_id=5a171d1d-4291-42ed-9ef8-f533760765cf, hook_logs=[], key=AFTER_METHOD, custom_metadata={}, test_location=DemoTestngSDK/src/test/java/app/android/AndroidTest.java}]} , hooks finished={BEFORE_METHOD=[{hook_name=setUp, hook_result=passed, test_file_path=DemoTestngSDK/src/test/java/app/android/AndroidTest.java, event_started_at=2025-04-18T14:29:08.780594, hook_id=da1effb4-846d-452b-b791-b6ee61869be5, hook_logs=[], logs=[], key=BEFORE_METHOD, custom_metadata={}, event_ended_at=2025-04-18T14:29:33.139106, test_location=DemoTestngSDK/src/test/java/app/android/AndroidTest.java}], AFTER_METHOD=[]}
14:29:43.555 [wikiAppTest@0] INFO  c.b.v2.module.TestHubModule - sendTestFrameworkEvent: event=com.browserstack.v2.eventBus.Event@60f7a341, response=success: true

14:29:43.557 [tearDown@0] INFO  c.b.v2.module.WebdriverModule - onDriverQuit: event=com.browserstack.v2.eventBus.Event@1079b6f9
14:29:43.628 [tearDown@0] INFO  c.b.v2.framework.TestNgFramework - trackEvent: found instance, testFrameworkState=TestFrameworkState.LOG hookState=HookState.PRE instance=-507621420
14:29:43.628 [tearDown@0] INFO  c.b.v2.framework.TestNgFramework - trackEvent: load log entries
14:29:43.633 [tearDown@0] INFO  c.b.v2.module.TestHubModule - sendLogCreatedEvent: event=com.browserstack.v2.eventBus.Event@18838751, response=success: true

14:29:43.633 [tearDown@0] INFO  c.b.v2.module.TestHubModule - sendLogCreatedEvent: event=com.browserstack.v2.eventBus.Event@18838751
14:29:43.652 [tearDown@0] INFO  c.b.v2.framework.TestNgFramework - trackEvent: found instance, testFrameworkState=TestFrameworkState.LOG hookState=HookState.PRE instance=-507621420
14:29:43.652 [tearDown@0] INFO  c.b.v2.framework.TestNgFramework - trackEvent: load log entries
14:29:43.659 [tearDown@0] INFO  c.b.v2.module.TestHubModule - sendLogCreatedEvent: event=com.browserstack.v2.eventBus.Event@411b7e7a, response=success: true

14:29:43.659 [tearDown@0] INFO  c.b.v2.module.TestHubModule - sendLogCreatedEvent: event=com.browserstack.v2.eventBus.Event@411b7e7a
14:29:43.664 [tearDown@0] INFO  c.b.v2.module.WebdriverModule - beforeCommandExecute: event=com.browserstack.v2.eventBus.Event@383a6c21
14:29:43.664 [tearDown@0] INFO  c.browserstack.v2.module.PercyModule - onPreExecute: event=com.browserstack.v2.eventBus.Event@383a6c21 {hook=PRE, instance=com.browserstack.v2.instance.AutomationFrameworkInstance@427bcb75, frameworkState=EXECUTE, arguments=[Ljava.lang.Object;@1ec9323f, command=[880a4be72549136a9d643d9f6c2ab30a8e92eabc, quit {}]}
14:29:43.665 [tearDown@0] INFO  c.b.v2.module.WebdriverModule - beforeCommandExecute: event=com.browserstack.v2.eventBus.Event@165beada
14:29:43.665 [tearDown@0] INFO  c.browserstack.v2.module.PercyModule - onPreExecute: event=com.browserstack.v2.eventBus.Event@165beada {hook=PRE, instance=com.browserstack.v2.instance.AutomationFrameworkInstance@427bcb75, frameworkState=EXECUTE, arguments=[Ljava.lang.Object;@7d6bc754, command=[880a4be72549136a9d643d9f6c2ab30a8e92eabc, quit {}]}
14:29:44.897 [tearDown@0] INFO  c.b.v2.module.WebdriverModule - afterCommandExecute: event=com.browserstack.v2.eventBus.Event@54decf65
14:29:44.897 [tearDown@0] INFO  c.b.v2.module.WebdriverModule - afterCommandExecute: event=com.browserstack.v2.eventBus.Event@5c624bd8
14:29:44.897 [tearDown@0] INFO  c.b.v2.framework.TestNgFramework - trackEvent: found instance, testFrameworkState=TestFrameworkState.AFTER_METHOD hookState=HookState.POST instance=-507621420
14:29:44.898 [tearDown@0] INFO  c.b.v2.framework.TestNgFramework - trackEvent: track hook events
14:29:44.932 [tearDown@0] INFO  c.b.v2.framework.TestNgFramework - args CHECK = [TestResult name=tearDown status=SUCCESS method=AndroidBaseTest.tearDown()[pri:0, instance:app.android.AndroidTest@858d8b4] output={null}]
14:29:44.932 [tearDown@0] INFO  c.b.v2.framework.TestNgFramework - Hook List in Post [{hook_name=tearDown, hook_result=pending, test_file_path=DemoTestngSDK/src/test/java/app/android/AndroidTest.java, event_started_at=2025-04-18T14:29:43.550275, hook_id=5a171d1d-4291-42ed-9ef8-f533760765cf, hook_logs=[], key=AFTER_METHOD, custom_metadata={}, test_location=DemoTestngSDK/src/test/java/app/android/AndroidTest.java}] and args = [[TestResult name=tearDown status=SUCCESS method=AndroidBaseTest.tearDown()[pri:0, instance:app.android.AndroidTest@858d8b4] output={null}], AndroidBaseTest.tearDown()[pri:0, instance:app.android.AndroidTest@858d8b4]]
14:29:44.932 [tearDown@0] INFO  c.b.v2.framework.TestNgFramework - Processing HookLevel attachments from directory: /Users/nithyamani/.browserstack/UploadedAttachments-54/HookLevel
14:29:44.932 [tearDown@0] INFO  c.b.v2.framework.TestNgFramework - Checking hookLevelFiles: []
14:29:44.932 [tearDown@0] INFO  c.b.v2.framework.TestNgFramework - checking Paths of files = /Users/nithyamani/.browserstack/UploadedAttachments-54/HookLevel/BuildLevelHookEvent and abs path = /Users/nithyamani/.browserstack/UploadedAttachments-54/HookLevel/BuildLevelHookEvent 
14:29:44.933 [tearDown@0] INFO  c.b.v2.framework.TestNgFramework - Processing BuildLevelHookEvent attachments from directory: /Users/nithyamani/.browserstack/UploadedAttachments-54/HookLevel/BuildLevelHookEvent
14:29:44.933 [tearDown@0] INFO  c.b.v2.framework.TestNgFramework - Processing TestLevel attachments eventLogs: []
14:29:44.933 [tearDown@0] INFO  c.b.v2.framework.TestNgFramework - sendLogCreatedEvent: No Log Events to send
14:29:44.933 [tearDown@0] INFO  c.b.v2.framework.TestNgFramework - trackHookEvents: hook state=AFTER_METHOD.HookState.POST , hooks started={BEFORE_METHOD=[], AFTER_METHOD=[]} , hooks finished={BEFORE_METHOD=[{hook_name=setUp, hook_result=passed, test_file_path=DemoTestngSDK/src/test/java/app/android/AndroidTest.java, event_started_at=2025-04-18T14:29:08.780594, hook_id=da1effb4-846d-452b-b791-b6ee61869be5, hook_logs=[], logs=[], key=BEFORE_METHOD, custom_metadata={}, event_ended_at=2025-04-18T14:29:33.139106, test_location=DemoTestngSDK/src/test/java/app/android/AndroidTest.java}], AFTER_METHOD=[{hook_name=tearDown, hook_result=passed, test_file_path=DemoTestngSDK/src/test/java/app/android/AndroidTest.java, event_started_at=2025-04-18T14:29:43.550275, hook_id=5a171d1d-4291-42ed-9ef8-f533760765cf, hook_logs=[], logs=[], key=AFTER_METHOD, custom_metadata={}, event_ended_at=2025-04-18T14:29:44.932680, test_location=DemoTestngSDK/src/test/java/app/android/AndroidTest.java}]}
14:29:44.945 [tearDown@0] INFO  c.b.v2.module.TestHubModule - sendTestFrameworkEvent: event=com.browserstack.v2.eventBus.Event@58ba2829, response=success: true

14:29:44.948 [tearDown@0] INFO  c.b.v2.framework.TestNgFramework - trackTestNgTest: saved instance contextId=-507621420 target=AndroidTest-0@0 instances=[-507621420]
14:29:44.948 [tearDown@0] INFO  c.b.v2.framework.TestNgFramework - trackEvent: found instance, testFrameworkState=TestFrameworkState.BEFORE_METHOD hookState=HookState.PRE instance=-507621420
14:29:44.949 [tearDown@0] INFO  c.b.v2.framework.TestNgFramework - trackEvent: loaded common test data, testFrameworkState=TestFrameworkState.BEFORE_METHOD hookState=HookState.PRE instance=-507621420
14:29:44.949 [tearDown@0] INFO  c.b.v2.framework.TestNgFramework - trackEvent: track hook events
14:29:44.963 [tearDown@0] INFO  c.b.v2.framework.TestNgFramework - args CHECK = [TestResult name=setUp status=STARTED method=AndroidBaseTest.setUp()[pri:0, instance:app.android.AndroidTest@858d8b4] output={null}]
14:29:44.963 [tearDown@0] INFO  c.b.v2.framework.TestNgFramework - Hook Started in PRE key = BEFORE_METHOD & hook = {hook_name=setUp, hook_result=pending, test_file_path=DemoTestngSDK/src/test/java/app/android/AndroidTest.java, event_started_at=2025-04-18T14:29:44.963630, hook_id=098f6c53-aaaa-4464-87f9-cf1c1e27081d, hook_logs=[], key=BEFORE_METHOD, custom_metadata={}, test_location=DemoTestngSDK/src/test/java/app/android/AndroidTest.java}  and args = [[TestResult name=setUp status=STARTED method=AndroidBaseTest.setUp()[pri:0, instance:app.android.AndroidTest@858d8b4] output={null}], AndroidBaseTest.setUp()[pri:0, instance:app.android.AndroidTest@858d8b4]]
14:29:44.963 [tearDown@0] INFO  c.b.v2.framework.TestNgFramework - trackHookEvents: hook state=BEFORE_METHOD.HookState.PRE , hooks started={BEFORE_METHOD=[{hook_name=setUp, hook_result=pending, test_file_path=DemoTestngSDK/src/test/java/app/android/AndroidTest.java, event_started_at=2025-04-18T14:29:44.963630, hook_id=098f6c53-aaaa-4464-87f9-cf1c1e27081d, hook_logs=[], key=BEFORE_METHOD, custom_metadata={}, test_location=DemoTestngSDK/src/test/java/app/android/AndroidTest.java}]} , hooks finished={BEFORE_METHOD=[]}
14:29:44.970 [tearDown@0] INFO  c.b.v2.module.TestHubModule - sendTestFrameworkEvent: event=com.browserstack.v2.eventBus.Event@b275d23, response=success: true

14:29:44.973 [setUp@0] INFO  c.b.v2.framework.SeleniumFramework - trackSeleniumTest: saved instance contextId=831427963 target=10959:54 instances=[831427963]
14:29:44.973 [setUp@0] INFO  c.b.v2.module.WebdriverModule - onBeforeDriverCreate: event=com.browserstack.v2.eventBus.Event@70581bea
14:29:44.985 [setUp@0] INFO  c.b.v2.module.WebdriverModule - beforeCommandExecute: event=com.browserstack.v2.eventBus.Event@1d1fb7f1
14:29:44.985 [setUp@0] INFO  c.browserstack.v2.module.PercyModule - onPreExecute: event=com.browserstack.v2.eventBus.Event@1d1fb7f1 {hook=PRE, instance=com.browserstack.v2.instance.AutomationFrameworkInstance@d6b5226, frameworkState=EXECUTE, arguments=[Ljava.lang.Object;@73466a02, command=[null, newSession {capabilities=[{appium:app=bs://ab4ef2728d55a1407af120d11574fed602946647, bstack:options={userName=nithyamani3, accessKey=zQxNpUZ5pLuExoGFY68v, projectName=Demo SDK Appium Android, buildName=browserstack-testng-appium-suite 2.6.0, buildIdentifier=#3, source=testng:appium-sample-sdk:v1.0, appProfiling=true, appiumVersion=2.6.0, debug=false, networkLogs=true, consoleLogs=errors, interactiveDebugging=true, osVersion=11, platformName=android, hostName=NithyaMani-X7PQL3QXY5, browserstackSDK=TestNG-javaagent/1.32.2, buildProductMap={observability=true, accessibility=false, percy=true, automate=false, app_automate=true}, deviceName=Samsung Galaxy S21, useW3C=true, accessibilityOptions={}, testhubBuildUuid=uae9fegg6gstlkntf6auftldjek8p8i5tofny7hh}}], desiredCapabilities=Capabilities {appium:app: bs://ab4ef2728d55a1407af120..., bstack:options: {accessKey: zQxNpUZ5pLuExoGFY68v, accessibilityOptions: {}, appProfiling: true, appiumVersion: 2.6.0, browserstackSDK: TestNG-javaagent/1.32.2, buildIdentifier: #3, buildName: browserstack-testng-appium-..., buildProductMap: {accessibility: false, app_automate: true, automate: false, observability: true, percy: true}, consoleLogs: errors, debug: false, deviceName: Samsung Galaxy S21, hostName: NithyaMani-X7PQL3QXY5, interactiveDebugging: true, networkLogs: true, osVersion: 11, platformName: android, projectName: Demo SDK Appium Android, source: testng:appium-sample-sdk:v1.0, testhubBuildUuid: uae9fegg6gstlkntf6auftldjek..., useW3C: true, userName: nithyamani3}}}]}
14:30:06.301 [setUp@0] INFO  c.b.v2.module.WebdriverModule - afterCommandExecute: event=com.browserstack.v2.eventBus.Event@812b0a7
14:30:06.302 [setUp@0] INFO  c.b.v2.framework.SeleniumFramework - trackSeleniumTest: saved instance contextId=831427963 target=10959:54 instances=[831427963]
14:30:06.302 [setUp@0] INFO  c.b.v2.module.WebdriverModule - onDriverCreated: event=com.browserstack.v2.eventBus.Event@53382613
14:30:06.303 [setUp@0] INFO  c.b.v2.module.WebdriverModule - Found session id=2864b473304dbc28673f2850d259c51afa601217 for instance=com.browserstack.v2.instance.AutomationFrameworkInstance@d6b5226
14:30:06.304 [setUp@0] INFO  c.b.v2.module.WebdriverModule - Driver added successfully to automationFramework
14:30:06.326 [setUp@0] INFO  c.b.v2.framework.TestNgFramework - trackEvent: found instance, testFrameworkState=TestFrameworkState.BEFORE_METHOD hookState=HookState.POST instance=-507621420
14:30:06.326 [setUp@0] INFO  c.b.v2.framework.TestNgFramework - trackEvent: loaded common test data, testFrameworkState=TestFrameworkState.BEFORE_METHOD hookState=HookState.POST instance=-507621420
14:30:06.326 [setUp@0] INFO  c.b.v2.framework.TestNgFramework - trackEvent: track hook events
14:30:06.360 [setUp@0] INFO  c.b.v2.framework.TestNgFramework - args CHECK = [TestResult name=setUp status=SUCCESS method=AndroidBaseTest.setUp()[pri:0, instance:app.android.AndroidTest@858d8b4] output={null}]
14:30:06.361 [setUp@0] INFO  c.b.v2.framework.TestNgFramework - Hook List in Post [{hook_name=setUp, hook_result=pending, test_file_path=DemoTestngSDK/src/test/java/app/android/AndroidTest.java, event_started_at=2025-04-18T14:29:44.963630, hook_id=098f6c53-aaaa-4464-87f9-cf1c1e27081d, hook_logs=[], key=BEFORE_METHOD, custom_metadata={}, test_location=DemoTestngSDK/src/test/java/app/android/AndroidTest.java}] and args = [[TestResult name=setUp status=SUCCESS method=AndroidBaseTest.setUp()[pri:0, instance:app.android.AndroidTest@858d8b4] output={null}], AndroidBaseTest.setUp()[pri:0, instance:app.android.AndroidTest@858d8b4]]
14:30:06.361 [setUp@0] INFO  c.b.v2.framework.TestNgFramework - Processing HookLevel attachments from directory: /Users/nithyamani/.browserstack/UploadedAttachments-54/HookLevel
14:30:06.361 [setUp@0] INFO  c.b.v2.framework.TestNgFramework - Checking hookLevelFiles: []
14:30:06.361 [setUp@0] INFO  c.b.v2.framework.TestNgFramework - checking Paths of files = /Users/nithyamani/.browserstack/UploadedAttachments-54/HookLevel/BuildLevelHookEvent and abs path = /Users/nithyamani/.browserstack/UploadedAttachments-54/HookLevel/BuildLevelHookEvent 
14:30:06.361 [setUp@0] INFO  c.b.v2.framework.TestNgFramework - Processing BuildLevelHookEvent attachments from directory: /Users/nithyamani/.browserstack/UploadedAttachments-54/HookLevel/BuildLevelHookEvent
14:30:06.361 [setUp@0] INFO  c.b.v2.framework.TestNgFramework - Processing TestLevel attachments eventLogs: []
14:30:06.361 [setUp@0] INFO  c.b.v2.framework.TestNgFramework - sendLogCreatedEvent: No Log Events to send
14:30:06.361 [setUp@0] INFO  c.b.v2.framework.TestNgFramework - trackHookEvents: hook state=BEFORE_METHOD.HookState.POST , hooks started={BEFORE_METHOD=[]} , hooks finished={BEFORE_METHOD=[{hook_name=setUp, hook_result=passed, test_file_path=DemoTestngSDK/src/test/java/app/android/AndroidTest.java, event_started_at=2025-04-18T14:29:44.963630, hook_id=098f6c53-aaaa-4464-87f9-cf1c1e27081d, hook_logs=[], logs=[], key=BEFORE_METHOD, custom_metadata={}, event_ended_at=2025-04-18T14:30:06.361224, test_location=DemoTestngSDK/src/test/java/app/android/AndroidTest.java}]}
14:30:06.368 [setUp@0] INFO  c.b.v2.module.TestHubModule - sendTestFrameworkEvent: event=com.browserstack.v2.eventBus.Event@622f765, response=success: true

14:30:06.371 [setUp@0] INFO  c.b.v2.framework.TestNgFramework - trackEvent: found instance, testFrameworkState=TestFrameworkState.TEST hookState=HookState.PRE instance=-507621420
14:30:06.432 [setUp@0] INFO  c.b.v2.framework.TestNgFramework - trackEvent: loaded initial test data to instance, testFrameworkState=TestFrameworkState.TEST hookState=HookState.PRE instance=-507621420
14:30:06.432 [setUp@0] INFO  c.b.v2.module.WebdriverModule - onBeforeTest: event=com.browserstack.v2.eventBus.Event@3b3f3350
14:30:06.445 [setUp@0] INFO  c.b.v2.module.TestHubModule - sendTestFrameworkEvent: event=com.browserstack.v2.eventBus.Event@3b3f3350, response=success: true

14:30:06.447 [setUp@0] INFO  c.b.v2.module.ObservabilityModule - onBeforeTest: event={instance=com.browserstack.v2.instance.TestFrameworkInstance@f28ed2, testFrameworkState=TestFrameworkState.TEST, testInstance=com.browserstack.v2.instance.TestFrameworkInstance@f28ed2, hookState=HookState.PRE}
14:30:06.447 [setUp@0] INFO  c.b.v2.module.ObservabilityModule - performO11ySync: Performing O11y Sync
14:30:06.473 [wikiAppTest@0] INFO  c.b.v2.module.WebdriverModule - beforeCommandExecute: event=com.browserstack.v2.eventBus.Event@4b3e0e02
14:30:06.473 [wikiAppTest@0] INFO  c.browserstack.v2.module.PercyModule - onPreExecute: event=com.browserstack.v2.eventBus.Event@4b3e0e02 {hook=PRE, instance=com.browserstack.v2.instance.AutomationFrameworkInstance@d6b5226, frameworkState=EXECUTE, arguments=[Ljava.lang.Object;@3acc9ed7, command=[2864b473304dbc28673f2850d259c51afa601217, findElement {using=accessibility id, value=Search Wikipedia}]}
14:30:07.297 [wikiAppTest@0] INFO  c.b.v2.module.WebdriverModule - afterCommandExecute: event=com.browserstack.v2.eventBus.Event@24cf2d2a
14:30:07.301 [wikiAppTest@0] INFO  c.b.v2.module.WebdriverModule - beforeCommandExecute: event=com.browserstack.v2.eventBus.Event@682b9a6d
14:30:07.301 [wikiAppTest@0] INFO  c.browserstack.v2.module.PercyModule - onPreExecute: event=com.browserstack.v2.eventBus.Event@682b9a6d {hook=PRE, instance=com.browserstack.v2.instance.AutomationFrameworkInstance@d6b5226, frameworkState=EXECUTE, arguments=[Ljava.lang.Object;@615af157, command=[2864b473304dbc28673f2850d259c51afa601217, isElementDisplayed {id=00000000-0000-01ca-ffff-ffff00000036}]}
14:30:07.999 [wikiAppTest@0] INFO  c.b.v2.module.WebdriverModule - afterCommandExecute: event=com.browserstack.v2.eventBus.Event@3c21362b
14:30:08.004 [wikiAppTest@0] INFO  c.b.v2.module.WebdriverModule - beforeCommandExecute: event=com.browserstack.v2.eventBus.Event@38541c06
14:30:08.004 [wikiAppTest@0] INFO  c.browserstack.v2.module.PercyModule - onPreExecute: event=com.browserstack.v2.eventBus.Event@38541c06 {hook=PRE, instance=com.browserstack.v2.instance.AutomationFrameworkInstance@d6b5226, frameworkState=EXECUTE, arguments=[Ljava.lang.Object;@eb29212, command=[2864b473304dbc28673f2850d259c51afa601217, isElementEnabled {id=00000000-0000-01ca-ffff-ffff00000036}]}
14:30:08.104 [wikiAppTest@0] INFO  c.b.v2.module.WebdriverModule - afterCommandExecute: event=com.browserstack.v2.eventBus.Event@3b177d81
14:30:08.108 [wikiAppTest@0] INFO  c.b.v2.module.WebdriverModule - beforeCommandExecute: event=com.browserstack.v2.eventBus.Event@6f571b6b
14:30:08.108 [wikiAppTest@0] INFO  c.browserstack.v2.module.PercyModule - onPreExecute: event=com.browserstack.v2.eventBus.Event@6f571b6b {hook=PRE, instance=com.browserstack.v2.instance.AutomationFrameworkInstance@d6b5226, frameworkState=EXECUTE, arguments=[Ljava.lang.Object;@756f2691, command=[2864b473304dbc28673f2850d259c51afa601217, clickElement {id=00000000-0000-01ca-ffff-ffff00000036}]}
14:30:08.257 [wikiAppTest@0] INFO  c.b.v2.module.WebdriverModule - afterCommandExecute: event=com.browserstack.v2.eventBus.Event@26cdf7d5
14:30:08.259 [wikiAppTest@0] INFO  c.b.v2.module.WebdriverModule - beforeCommandExecute: event=com.browserstack.v2.eventBus.Event@173b2263
14:30:08.259 [wikiAppTest@0] INFO  c.browserstack.v2.module.PercyModule - onPreExecute: event=com.browserstack.v2.eventBus.Event@173b2263 {hook=PRE, instance=com.browserstack.v2.instance.AutomationFrameworkInstance@d6b5226, frameworkState=EXECUTE, arguments=[Ljava.lang.Object;@27a36adf, command=[2864b473304dbc28673f2850d259c51afa601217, findElement {using=id, value=org.wikipedia.alpha:id/search_src_text}]}
14:30:08.429 [wikiAppTest@0] INFO  c.b.v2.module.WebdriverModule - afterCommandExecute: event=com.browserstack.v2.eventBus.Event@4bd31bbe
14:30:08.932 [wikiAppTest@0] INFO  c.b.v2.module.WebdriverModule - beforeCommandExecute: event=com.browserstack.v2.eventBus.Event@61c59c08
14:30:08.932 [wikiAppTest@0] INFO  c.browserstack.v2.module.PercyModule - onPreExecute: event=com.browserstack.v2.eventBus.Event@61c59c08 {hook=PRE, instance=com.browserstack.v2.instance.AutomationFrameworkInstance@d6b5226, frameworkState=EXECUTE, arguments=[Ljava.lang.Object;@5307e20f, command=[2864b473304dbc28673f2850d259c51afa601217, findElement {using=id, value=org.wikipedia.alpha:id/search_src_text}]}
14:30:09.280 [wikiAppTest@0] INFO  c.b.v2.module.WebdriverModule - afterCommandExecute: event=com.browserstack.v2.eventBus.Event@1a686cf2
14:30:09.282 [wikiAppTest@0] INFO  c.b.v2.module.WebdriverModule - beforeCommandExecute: event=com.browserstack.v2.eventBus.Event@3125b99b
14:30:09.282 [wikiAppTest@0] INFO  c.browserstack.v2.module.PercyModule - onPreExecute: event=com.browserstack.v2.eventBus.Event@3125b99b {hook=PRE, instance=com.browserstack.v2.instance.AutomationFrameworkInstance@d6b5226, frameworkState=EXECUTE, arguments=[Ljava.lang.Object;@645d3407, command=[2864b473304dbc28673f2850d259c51afa601217, isElementDisplayed {id=00000000-0000-01ca-ffff-ffff000000a2}]}
14:30:09.323 [wikiAppTest@0] INFO  c.b.v2.module.WebdriverModule - afterCommandExecute: event=com.browserstack.v2.eventBus.Event@3d8bdb82
14:30:09.325 [wikiAppTest@0] INFO  c.b.v2.module.WebdriverModule - beforeCommandExecute: event=com.browserstack.v2.eventBus.Event@6043b85
14:30:09.325 [wikiAppTest@0] INFO  c.browserstack.v2.module.PercyModule - onPreExecute: event=com.browserstack.v2.eventBus.Event@6043b85 {hook=PRE, instance=com.browserstack.v2.instance.AutomationFrameworkInstance@d6b5226, frameworkState=EXECUTE, arguments=[Ljava.lang.Object;@bf4da4e, command=[2864b473304dbc28673f2850d259c51afa601217, isElementEnabled {id=00000000-0000-01ca-ffff-ffff000000a2}]}
14:30:09.367 [wikiAppTest@0] INFO  c.b.v2.module.WebdriverModule - afterCommandExecute: event=com.browserstack.v2.eventBus.Event@68c05779
14:30:09.400 [wikiAppTest@0] INFO  c.b.v2.framework.TestNgFramework - trackEvent: found instance, testFrameworkState=TestFrameworkState.LOG hookState=HookState.PRE instance=-507621420
14:30:09.400 [wikiAppTest@0] INFO  c.b.v2.framework.TestNgFramework - trackEvent: load log entries
14:30:09.407 [wikiAppTest@0] INFO  c.b.v2.module.TestHubModule - sendLogCreatedEvent: event=com.browserstack.v2.eventBus.Event@5d898939, response=success: true

14:30:09.408 [wikiAppTest@0] INFO  c.b.v2.module.TestHubModule - sendLogCreatedEvent: event=com.browserstack.v2.eventBus.Event@5d898939
14:30:09.425 [wikiAppTest@0] INFO  c.b.v2.framework.TestNgFramework - trackEvent: found instance, testFrameworkState=TestFrameworkState.LOG hookState=HookState.PRE instance=-507621420
14:30:09.425 [wikiAppTest@0] INFO  c.b.v2.framework.TestNgFramework - trackEvent: load log entries
14:30:09.429 [wikiAppTest@0] INFO  c.b.v2.module.TestHubModule - sendLogCreatedEvent: event=com.browserstack.v2.eventBus.Event@771f7694, response=success: true

14:30:09.429 [wikiAppTest@0] INFO  c.b.v2.module.TestHubModule - sendLogCreatedEvent: event=com.browserstack.v2.eventBus.Event@771f7694
14:30:09.433 [wikiAppTest@0] INFO  c.b.v2.module.WebdriverModule - beforeCommandExecute: event=com.browserstack.v2.eventBus.Event@229c4f29
14:30:09.433 [wikiAppTest@0] INFO  c.browserstack.v2.module.PercyModule - onPreExecute: event=com.browserstack.v2.eventBus.Event@229c4f29 {hook=PRE, instance=com.browserstack.v2.instance.AutomationFrameworkInstance@d6b5226, frameworkState=EXECUTE, arguments=[Ljava.lang.Object;@20dcd8c1, command=[2864b473304dbc28673f2850d259c51afa601217, sendKeysToElement {id=00000000-0000-01ca-ffff-ffff000000a2, value=[Ljava.lang.CharSequence;@3874e9ed}]}
14:30:10.144 [wikiAppTest@0] INFO  c.b.v2.module.WebdriverModule - afterCommandExecute: event=com.browserstack.v2.eventBus.Event@26b8fe5a
14:30:15.162 [wikiAppTest@0] INFO  c.b.v2.module.WebdriverModule - beforeCommandExecute: event=com.browserstack.v2.eventBus.Event@4d069b60
14:30:15.162 [wikiAppTest@0] INFO  c.browserstack.v2.module.PercyModule - onPreExecute: event=com.browserstack.v2.eventBus.Event@4d069b60 {hook=PRE, instance=com.browserstack.v2.instance.AutomationFrameworkInstance@d6b5226, frameworkState=EXECUTE, arguments=[Ljava.lang.Object;@d923a0a, command=[2864b473304dbc28673f2850d259c51afa601217, findElements {using=class name, value=android.widget.TextView}]}
14:30:15.230 [wikiAppTest@0] INFO  c.b.v2.module.WebdriverModule - afterCommandExecute: event=com.browserstack.v2.eventBus.Event@79ed0b2a
14:30:15.232 [wikiAppTest@0] INFO  c.b.v2.framework.TestNgFramework - trackEvent: found instance, testFrameworkState=TestFrameworkState.LOG_REPORT hookState=HookState.PRE instance=-507621420
14:30:15.232 [wikiAppTest@0] INFO  c.b.v2.framework.TestNgFramework - trackEvent: found instance, testFrameworkState=TestFrameworkState.LOG_REPORT hookState=HookState.POST instance=-507621420
14:30:15.232 [wikiAppTest@0] INFO  c.b.v2.framework.TestNgFramework - trackEvent: load test results
14:30:15.232 [wikiAppTest@0] INFO  c.b.v2.framework.TestNgFramework - trackEvent: found instance, testFrameworkState=TestFrameworkState.TEST hookState=HookState.POST instance=-507621420
14:30:15.232 [wikiAppTest@0] INFO  c.b.v2.module.WebdriverModule - onAfterTest: event=com.browserstack.v2.eventBus.Event@58c1c19f
14:30:15.630 [wikiAppTest@0] ERROR c.b.utils.SeleniumMethodUtils - Done for sessionid 2864b473304dbc28673f2850d259c51afa601217
14:30:16.042 [wikiAppTest@0] INFO  c.b.v2.module.TestHubModule - onAfterTest: event={com.browserstack.v2.eventBus.Event@58c1c19f}
14:30:16.068 [wikiAppTest@0] INFO  c.b.v2.module.TestHubModule - sendTestSessionEvent: event=com.browserstack.v2.eventBus.Event@58c1c19f, response=success: true

14:30:16.087 [wikiAppTest@0] INFO  c.b.v2.module.TestHubModule - sendTestFrameworkEvent: event=com.browserstack.v2.eventBus.Event@58c1c19f, response=success: true

14:30:16.089 [wikiAppTest@0] INFO  c.browserstack.v2.module.PercyModule - onPostExecute: event=com.browserstack.v2.eventBus.Event@58c1c19f
14:30:16.089 [wikiAppTest@0] INFO  c.b.v2.framework.TestNgFramework - trackEvent: found instance, testFrameworkState=TestFrameworkState.LOG_REPORT hookState=HookState.PRE instance=-507621420
14:30:16.089 [wikiAppTest@0] INFO  c.b.v2.framework.TestNgFramework - trackEvent: found instance, testFrameworkState=TestFrameworkState.LOG_REPORT hookState=HookState.POST instance=-507621420
14:30:16.089 [wikiAppTest@0] INFO  c.b.v2.framework.TestNgFramework - trackEvent: load test results
14:30:16.090 [wikiAppTest@0] INFO  c.b.v2.framework.TestNgFramework - trackEvent: found instance, testFrameworkState=TestFrameworkState.TEST hookState=HookState.POST instance=-507621420
14:30:16.090 [wikiAppTest@0] INFO  c.b.v2.module.WebdriverModule - onAfterTest: event=com.browserstack.v2.eventBus.Event@5837e20b
14:30:16.406 [wikiAppTest@0] ERROR c.b.utils.SeleniumMethodUtils - Done for sessionid 2864b473304dbc28673f2850d259c51afa601217
14:30:16.730 [wikiAppTest@0] INFO  c.b.v2.module.TestHubModule - onAfterTest: event={com.browserstack.v2.eventBus.Event@5837e20b}
14:30:16.761 [wikiAppTest@0] INFO  c.b.v2.module.TestHubModule - sendTestFrameworkEvent: event=com.browserstack.v2.eventBus.Event@5837e20b, response=success: true

14:30:16.764 [wikiAppTest@0] INFO  c.browserstack.v2.module.PercyModule - onPostExecute: event=com.browserstack.v2.eventBus.Event@5837e20b
14:30:16.765 [wikiAppTest@0] INFO  c.b.v2.framework.TestNgFramework - trackEvent: found instance, testFrameworkState=TestFrameworkState.AFTER_METHOD hookState=HookState.PRE instance=-507621420
14:30:16.765 [wikiAppTest@0] INFO  c.b.v2.framework.TestNgFramework - trackEvent: track hook events
14:30:16.782 [wikiAppTest@0] INFO  c.b.v2.framework.TestNgFramework - args CHECK = [TestResult name=tearDown status=STARTED method=AndroidBaseTest.tearDown()[pri:0, instance:app.android.AndroidTest@858d8b4] output={null}]
14:30:16.782 [wikiAppTest@0] INFO  c.b.v2.framework.TestNgFramework - Hook Started in PRE key = AFTER_METHOD & hook = {hook_name=tearDown, hook_result=pending, test_file_path=DemoTestngSDK/src/test/java/app/android/AndroidTest.java, event_started_at=2025-04-18T14:30:16.782869, hook_id=b8f80dba-6e31-4850-8ad2-57e5e5e2f918, hook_logs=[], key=AFTER_METHOD, custom_metadata={}, test_location=DemoTestngSDK/src/test/java/app/android/AndroidTest.java}  and args = [[TestResult name=tearDown status=STARTED method=AndroidBaseTest.tearDown()[pri:0, instance:app.android.AndroidTest@858d8b4] output={null}], AndroidBaseTest.tearDown()[pri:0, instance:app.android.AndroidTest@858d8b4]]
14:30:16.782 [wikiAppTest@0] INFO  c.b.v2.framework.TestNgFramework - trackHookEvents: hook state=AFTER_METHOD.HookState.PRE , hooks started={BEFORE_METHOD=[], AFTER_METHOD=[{hook_name=tearDown, hook_result=pending, test_file_path=DemoTestngSDK/src/test/java/app/android/AndroidTest.java, event_started_at=2025-04-18T14:30:16.782869, hook_id=b8f80dba-6e31-4850-8ad2-57e5e5e2f918, hook_logs=[], key=AFTER_METHOD, custom_metadata={}, test_location=DemoTestngSDK/src/test/java/app/android/AndroidTest.java}]} , hooks finished={BEFORE_METHOD=[{hook_name=setUp, hook_result=passed, test_file_path=DemoTestngSDK/src/test/java/app/android/AndroidTest.java, event_started_at=2025-04-18T14:29:44.963630, hook_id=098f6c53-aaaa-4464-87f9-cf1c1e27081d, hook_logs=[], logs=[], key=BEFORE_METHOD, custom_metadata={}, event_ended_at=2025-04-18T14:30:06.361224, test_location=DemoTestngSDK/src/test/java/app/android/AndroidTest.java}], AFTER_METHOD=[]}
14:30:16.793 [wikiAppTest@0] INFO  c.b.v2.module.TestHubModule - sendTestFrameworkEvent: event=com.browserstack.v2.eventBus.Event@64fccdf9, response=success: true

14:30:16.795 [tearDown@0] INFO  c.b.v2.module.WebdriverModule - onDriverQuit: event=com.browserstack.v2.eventBus.Event@dc78363
14:30:16.817 [tearDown@0] INFO  c.b.v2.framework.TestNgFramework - trackEvent: found instance, testFrameworkState=TestFrameworkState.LOG hookState=HookState.PRE instance=-507621420
14:30:16.817 [tearDown@0] INFO  c.b.v2.framework.TestNgFramework - trackEvent: load log entries
14:30:16.825 [tearDown@0] INFO  c.b.v2.module.TestHubModule - sendLogCreatedEvent: event=com.browserstack.v2.eventBus.Event@733e7ef, response=success: true

14:30:16.825 [tearDown@0] INFO  c.b.v2.module.TestHubModule - sendLogCreatedEvent: event=com.browserstack.v2.eventBus.Event@733e7ef
14:30:16.839 [tearDown@0] INFO  c.b.v2.framework.TestNgFramework - trackEvent: found instance, testFrameworkState=TestFrameworkState.LOG hookState=HookState.PRE instance=-507621420
14:30:16.839 [tearDown@0] INFO  c.b.v2.framework.TestNgFramework - trackEvent: load log entries
14:30:16.843 [tearDown@0] INFO  c.b.v2.module.TestHubModule - sendLogCreatedEvent: event=com.browserstack.v2.eventBus.Event@6fce52ae, response=success: true

14:30:16.843 [tearDown@0] INFO  c.b.v2.module.TestHubModule - sendLogCreatedEvent: event=com.browserstack.v2.eventBus.Event@6fce52ae
14:30:16.846 [tearDown@0] INFO  c.b.v2.module.WebdriverModule - beforeCommandExecute: event=com.browserstack.v2.eventBus.Event@6301ae5c
14:30:16.846 [tearDown@0] INFO  c.browserstack.v2.module.PercyModule - onPreExecute: event=com.browserstack.v2.eventBus.Event@6301ae5c {hook=PRE, instance=com.browserstack.v2.instance.AutomationFrameworkInstance@d6b5226, frameworkState=EXECUTE, arguments=[Ljava.lang.Object;@407ef733, command=[2864b473304dbc28673f2850d259c51afa601217, quit {}]}
14:30:16.846 [tearDown@0] INFO  c.b.v2.module.WebdriverModule - beforeCommandExecute: event=com.browserstack.v2.eventBus.Event@6ecef6ae
14:30:16.846 [tearDown@0] INFO  c.browserstack.v2.module.PercyModule - onPreExecute: event=com.browserstack.v2.eventBus.Event@6ecef6ae {hook=PRE, instance=com.browserstack.v2.instance.AutomationFrameworkInstance@d6b5226, frameworkState=EXECUTE, arguments=[Ljava.lang.Object;@d3c665, command=[2864b473304dbc28673f2850d259c51afa601217, quit {}]}
14:30:18.066 [tearDown@0] INFO  c.b.v2.module.WebdriverModule - afterCommandExecute: event=com.browserstack.v2.eventBus.Event@37a36e23
14:30:18.066 [tearDown@0] INFO  c.b.v2.module.WebdriverModule - afterCommandExecute: event=com.browserstack.v2.eventBus.Event@355ad86f
14:30:18.066 [tearDown@0] INFO  c.b.v2.framework.TestNgFramework - trackEvent: found instance, testFrameworkState=TestFrameworkState.AFTER_METHOD hookState=HookState.POST instance=-507621420
14:30:18.066 [tearDown@0] INFO  c.b.v2.framework.TestNgFramework - trackEvent: track hook events
14:30:18.087 [tearDown@0] INFO  c.b.v2.framework.TestNgFramework - args CHECK = [TestResult name=tearDown status=SUCCESS method=AndroidBaseTest.tearDown()[pri:0, instance:app.android.AndroidTest@858d8b4] output={null}]
14:30:18.087 [tearDown@0] INFO  c.b.v2.framework.TestNgFramework - Hook List in Post [{hook_name=tearDown, hook_result=pending, test_file_path=DemoTestngSDK/src/test/java/app/android/AndroidTest.java, event_started_at=2025-04-18T14:30:16.782869, hook_id=b8f80dba-6e31-4850-8ad2-57e5e5e2f918, hook_logs=[], key=AFTER_METHOD, custom_metadata={}, test_location=DemoTestngSDK/src/test/java/app/android/AndroidTest.java}] and args = [[TestResult name=tearDown status=SUCCESS method=AndroidBaseTest.tearDown()[pri:0, instance:app.android.AndroidTest@858d8b4] output={null}], AndroidBaseTest.tearDown()[pri:0, instance:app.android.AndroidTest@858d8b4]]
14:30:18.087 [tearDown@0] INFO  c.b.v2.framework.TestNgFramework - Processing HookLevel attachments from directory: /Users/nithyamani/.browserstack/UploadedAttachments-54/HookLevel
14:30:18.087 [tearDown@0] INFO  c.b.v2.framework.TestNgFramework - Checking hookLevelFiles: []
14:30:18.089 [tearDown@0] INFO  c.b.v2.framework.TestNgFramework - checking Paths of files = /Users/nithyamani/.browserstack/UploadedAttachments-54/HookLevel/BuildLevelHookEvent and abs path = /Users/nithyamani/.browserstack/UploadedAttachments-54/HookLevel/BuildLevelHookEvent 
14:30:18.089 [tearDown@0] INFO  c.b.v2.framework.TestNgFramework - Processing BuildLevelHookEvent attachments from directory: /Users/nithyamani/.browserstack/UploadedAttachments-54/HookLevel/BuildLevelHookEvent
14:30:18.089 [tearDown@0] INFO  c.b.v2.framework.TestNgFramework - Processing TestLevel attachments eventLogs: []
14:30:18.089 [tearDown@0] INFO  c.b.v2.framework.TestNgFramework - sendLogCreatedEvent: No Log Events to send
14:30:18.089 [tearDown@0] INFO  c.b.v2.framework.TestNgFramework - trackHookEvents: hook state=AFTER_METHOD.HookState.POST , hooks started={BEFORE_METHOD=[], AFTER_METHOD=[]} , hooks finished={BEFORE_METHOD=[{hook_name=setUp, hook_result=passed, test_file_path=DemoTestngSDK/src/test/java/app/android/AndroidTest.java, event_started_at=2025-04-18T14:29:44.963630, hook_id=098f6c53-aaaa-4464-87f9-cf1c1e27081d, hook_logs=[], logs=[], key=BEFORE_METHOD, custom_metadata={}, event_ended_at=2025-04-18T14:30:06.361224, test_location=DemoTestngSDK/src/test/java/app/android/AndroidTest.java}], AFTER_METHOD=[{hook_name=tearDown, hook_result=passed, test_file_path=DemoTestngSDK/src/test/java/app/android/AndroidTest.java, event_started_at=2025-04-18T14:30:16.782869, hook_id=b8f80dba-6e31-4850-8ad2-57e5e5e2f918, hook_logs=[], logs=[], key=AFTER_METHOD, custom_metadata={}, event_ended_at=2025-04-18T14:30:18.087352, test_location=DemoTestngSDK/src/test/java/app/android/AndroidTest.java}]}
14:30:18.102 [tearDown@0] INFO  c.b.v2.module.TestHubModule - sendTestFrameworkEvent: event=com.browserstack.v2.eventBus.Event@7dc2a0f5, response=success: true

14:30:18.105 [tearDown@0] INFO  c.b.v2.framework.TestNgFramework - trackTestNgTest: saved instance contextId=-507621420 target=AndroidTest-0@0 instances=[-507621420]
14:30:18.105 [tearDown@0] INFO  c.b.v2.framework.TestNgFramework - trackEvent: found instance, testFrameworkState=TestFrameworkState.BEFORE_METHOD hookState=HookState.PRE instance=-507621420
14:30:18.105 [tearDown@0] INFO  c.b.v2.framework.TestNgFramework - trackEvent: loaded common test data, testFrameworkState=TestFrameworkState.BEFORE_METHOD hookState=HookState.PRE instance=-507621420
14:30:18.105 [tearDown@0] INFO  c.b.v2.framework.TestNgFramework - trackEvent: track hook events
14:30:18.117 [tearDown@0] INFO  c.b.v2.framework.TestNgFramework - args CHECK = [TestResult name=setUp status=STARTED method=AndroidBaseTest.setUp()[pri:0, instance:app.android.AndroidTest@858d8b4] output={null}]
14:30:18.117 [tearDown@0] INFO  c.b.v2.framework.TestNgFramework - Hook Started in PRE key = BEFORE_METHOD & hook = {hook_name=setUp, hook_result=pending, test_file_path=DemoTestngSDK/src/test/java/app/android/AndroidTest.java, event_started_at=2025-04-18T14:30:18.117741, hook_id=d3f7fe07-56c1-4055-b2b5-c7a2a3046f17, hook_logs=[], key=BEFORE_METHOD, custom_metadata={}, test_location=DemoTestngSDK/src/test/java/app/android/AndroidTest.java}  and args = [[TestResult name=setUp status=STARTED method=AndroidBaseTest.setUp()[pri:0, instance:app.android.AndroidTest@858d8b4] output={null}], AndroidBaseTest.setUp()[pri:0, instance:app.android.AndroidTest@858d8b4]]
14:30:18.117 [tearDown@0] INFO  c.b.v2.framework.TestNgFramework - trackHookEvents: hook state=BEFORE_METHOD.HookState.PRE , hooks started={BEFORE_METHOD=[{hook_name=setUp, hook_result=pending, test_file_path=DemoTestngSDK/src/test/java/app/android/AndroidTest.java, event_started_at=2025-04-18T14:30:18.117741, hook_id=d3f7fe07-56c1-4055-b2b5-c7a2a3046f17, hook_logs=[], key=BEFORE_METHOD, custom_metadata={}, test_location=DemoTestngSDK/src/test/java/app/android/AndroidTest.java}]} , hooks finished={BEFORE_METHOD=[]}
14:30:18.120 [tearDown@0] INFO  c.b.v2.module.TestHubModule - sendTestFrameworkEvent: event=com.browserstack.v2.eventBus.Event@1af0e0c, response=success: true

14:30:18.122 [setUp@0] INFO  c.b.v2.framework.SeleniumFramework - trackSeleniumTest: saved instance contextId=831427963 target=10959:54 instances=[831427963]
14:30:18.122 [setUp@0] INFO  c.b.v2.module.WebdriverModule - onBeforeDriverCreate: event=com.browserstack.v2.eventBus.Event@7f759e5b
14:30:18.136 [setUp@0] INFO  c.b.v2.module.WebdriverModule - beforeCommandExecute: event=com.browserstack.v2.eventBus.Event@1ebcf71
14:30:18.136 [setUp@0] INFO  c.browserstack.v2.module.PercyModule - onPreExecute: event=com.browserstack.v2.eventBus.Event@1ebcf71 {hook=PRE, instance=com.browserstack.v2.instance.AutomationFrameworkInstance@27b9991e, frameworkState=EXECUTE, arguments=[Ljava.lang.Object;@124000ce, command=[null, newSession {capabilities=[{appium:app=bs://ab4ef2728d55a1407af120d11574fed602946647, bstack:options={userName=nithyamani3, accessKey=zQxNpUZ5pLuExoGFY68v, projectName=Demo SDK Appium Android, buildName=browserstack-testng-appium-suite 2.6.0, buildIdentifier=#3, source=testng:appium-sample-sdk:v1.0, appProfiling=true, appiumVersion=2.6.0, debug=false, networkLogs=true, consoleLogs=errors, interactiveDebugging=true, osVersion=11, platformName=android, hostName=NithyaMani-X7PQL3QXY5, browserstackSDK=TestNG-javaagent/1.32.2, buildProductMap={observability=true, accessibility=false, percy=true, automate=false, app_automate=true}, deviceName=Samsung Galaxy S21, useW3C=true, accessibilityOptions={}, testhubBuildUuid=uae9fegg6gstlkntf6auftldjek8p8i5tofny7hh}}], desiredCapabilities=Capabilities {appium:app: bs://ab4ef2728d55a1407af120..., bstack:options: {accessKey: zQxNpUZ5pLuExoGFY68v, accessibilityOptions: {}, appProfiling: true, appiumVersion: 2.6.0, browserstackSDK: TestNG-javaagent/1.32.2, buildIdentifier: #3, buildName: browserstack-testng-appium-..., buildProductMap: {accessibility: false, app_automate: true, automate: false, observability: true, percy: true}, consoleLogs: errors, debug: false, deviceName: Samsung Galaxy S21, hostName: NithyaMani-X7PQL3QXY5, interactiveDebugging: true, networkLogs: true, osVersion: 11, platformName: android, projectName: Demo SDK Appium Android, source: testng:appium-sample-sdk:v1.0, testhubBuildUuid: uae9fegg6gstlkntf6auftldjek..., useW3C: true, userName: nithyamani3}}}]}
14:30:43.923 [setUp@0] INFO  c.b.v2.module.WebdriverModule - afterCommandExecute: event=com.browserstack.v2.eventBus.Event@6ed10323
14:30:43.924 [setUp@0] INFO  c.b.v2.framework.SeleniumFramework - trackSeleniumTest: saved instance contextId=831427963 target=10959:54 instances=[831427963]
14:30:43.924 [setUp@0] INFO  c.b.v2.module.WebdriverModule - onDriverCreated: event=com.browserstack.v2.eventBus.Event@526069ff
14:30:43.924 [setUp@0] INFO  c.b.v2.module.WebdriverModule - Found session id=5f4f8b240d8f56afff1f75646bb8aa338e9c9627 for instance=com.browserstack.v2.instance.AutomationFrameworkInstance@27b9991e
14:30:43.925 [setUp@0] INFO  c.b.v2.module.WebdriverModule - Driver added successfully to automationFramework
14:30:43.944 [setUp@0] INFO  c.b.v2.framework.TestNgFramework - trackEvent: found instance, testFrameworkState=TestFrameworkState.BEFORE_METHOD hookState=HookState.POST instance=-507621420
14:30:43.944 [setUp@0] INFO  c.b.v2.framework.TestNgFramework - trackEvent: loaded common test data, testFrameworkState=TestFrameworkState.BEFORE_METHOD hookState=HookState.POST instance=-507621420
14:30:43.944 [setUp@0] INFO  c.b.v2.framework.TestNgFramework - trackEvent: track hook events
14:30:43.980 [setUp@0] INFO  c.b.v2.framework.TestNgFramework - args CHECK = [TestResult name=setUp status=SUCCESS method=AndroidBaseTest.setUp()[pri:0, instance:app.android.AndroidTest@858d8b4] output={null}]
14:30:43.980 [setUp@0] INFO  c.b.v2.framework.TestNgFramework - Hook List in Post [{hook_name=setUp, hook_result=pending, test_file_path=DemoTestngSDK/src/test/java/app/android/AndroidTest.java, event_started_at=2025-04-18T14:30:18.117741, hook_id=d3f7fe07-56c1-4055-b2b5-c7a2a3046f17, hook_logs=[], key=BEFORE_METHOD, custom_metadata={}, test_location=DemoTestngSDK/src/test/java/app/android/AndroidTest.java}] and args = [[TestResult name=setUp status=SUCCESS method=AndroidBaseTest.setUp()[pri:0, instance:app.android.AndroidTest@858d8b4] output={null}], AndroidBaseTest.setUp()[pri:0, instance:app.android.AndroidTest@858d8b4]]
14:30:43.981 [setUp@0] INFO  c.b.v2.framework.TestNgFramework - Processing HookLevel attachments from directory: /Users/nithyamani/.browserstack/UploadedAttachments-54/HookLevel
14:30:43.981 [setUp@0] INFO  c.b.v2.framework.TestNgFramework - Checking hookLevelFiles: []
14:30:43.981 [setUp@0] INFO  c.b.v2.framework.TestNgFramework - checking Paths of files = /Users/nithyamani/.browserstack/UploadedAttachments-54/HookLevel/BuildLevelHookEvent and abs path = /Users/nithyamani/.browserstack/UploadedAttachments-54/HookLevel/BuildLevelHookEvent 
14:30:43.981 [setUp@0] INFO  c.b.v2.framework.TestNgFramework - Processing BuildLevelHookEvent attachments from directory: /Users/nithyamani/.browserstack/UploadedAttachments-54/HookLevel/BuildLevelHookEvent
14:30:43.981 [setUp@0] INFO  c.b.v2.framework.TestNgFramework - Processing TestLevel attachments eventLogs: []
14:30:43.981 [setUp@0] INFO  c.b.v2.framework.TestNgFramework - sendLogCreatedEvent: No Log Events to send
14:30:43.981 [setUp@0] INFO  c.b.v2.framework.TestNgFramework - trackHookEvents: hook state=BEFORE_METHOD.HookState.POST , hooks started={BEFORE_METHOD=[]} , hooks finished={BEFORE_METHOD=[{hook_name=setUp, hook_result=passed, test_file_path=DemoTestngSDK/src/test/java/app/android/AndroidTest.java, event_started_at=2025-04-18T14:30:18.117741, hook_id=d3f7fe07-56c1-4055-b2b5-c7a2a3046f17, hook_logs=[], logs=[], key=BEFORE_METHOD, custom_metadata={}, event_ended_at=2025-04-18T14:30:43.981036, test_location=DemoTestngSDK/src/test/java/app/android/AndroidTest.java}]}
14:30:43.984 [setUp@0] INFO  c.b.v2.module.TestHubModule - sendTestFrameworkEvent: event=com.browserstack.v2.eventBus.Event@7f819e7f, response=success: true

14:30:43.986 [setUp@0] INFO  c.b.v2.framework.TestNgFramework - trackEvent: found instance, testFrameworkState=TestFrameworkState.TEST hookState=HookState.PRE instance=-507621420
14:30:43.996 [setUp@0] INFO  c.b.v2.framework.TestNgFramework - trackEvent: loaded initial test data to instance, testFrameworkState=TestFrameworkState.TEST hookState=HookState.PRE instance=-507621420
14:30:43.996 [setUp@0] INFO  c.b.v2.module.WebdriverModule - onBeforeTest: event=com.browserstack.v2.eventBus.Event@1e1d0234
14:30:43.999 [setUp@0] INFO  c.b.v2.module.TestHubModule - sendTestFrameworkEvent: event=com.browserstack.v2.eventBus.Event@1e1d0234, response=success: true

14:30:44.000 [setUp@0] INFO  c.b.v2.module.ObservabilityModule - onBeforeTest: event={instance=com.browserstack.v2.instance.TestFrameworkInstance@45a759f1, testFrameworkState=TestFrameworkState.TEST, testInstance=com.browserstack.v2.instance.TestFrameworkInstance@45a759f1, hookState=HookState.PRE}
14:30:44.000 [setUp@0] INFO  c.b.v2.module.ObservabilityModule - performO11ySync: Performing O11y Sync
14:30:44.017 [wikiAppTest@0] INFO  c.b.v2.module.WebdriverModule - beforeCommandExecute: event=com.browserstack.v2.eventBus.Event@5bbffe4
14:30:44.017 [wikiAppTest@0] INFO  c.browserstack.v2.module.PercyModule - onPreExecute: event=com.browserstack.v2.eventBus.Event@5bbffe4 {hook=PRE, instance=com.browserstack.v2.instance.AutomationFrameworkInstance@27b9991e, frameworkState=EXECUTE, arguments=[Ljava.lang.Object;@569e2d77, command=[5f4f8b240d8f56afff1f75646bb8aa338e9c9627, findElement {using=accessibility id, value=Search Wikipedia}]}
14:30:44.647 [wikiAppTest@0] INFO  c.b.v2.module.WebdriverModule - afterCommandExecute: event=com.browserstack.v2.eventBus.Event@7f52f1b0
14:30:44.655 [wikiAppTest@0] INFO  c.b.v2.module.WebdriverModule - beforeCommandExecute: event=com.browserstack.v2.eventBus.Event@530a0db9
14:30:44.656 [wikiAppTest@0] INFO  c.browserstack.v2.module.PercyModule - onPreExecute: event=com.browserstack.v2.eventBus.Event@530a0db9 {hook=PRE, instance=com.browserstack.v2.instance.AutomationFrameworkInstance@27b9991e, frameworkState=EXECUTE, arguments=[Ljava.lang.Object;@6ba73c7a, command=[5f4f8b240d8f56afff1f75646bb8aa338e9c9627, isElementDisplayed {id=00000000-0000-00aa-ffff-ffff00000036}]}
14:30:45.418 [wikiAppTest@0] INFO  c.b.v2.module.WebdriverModule - afterCommandExecute: event=com.browserstack.v2.eventBus.Event@3909fcf
14:30:45.426 [wikiAppTest@0] INFO  c.b.v2.module.WebdriverModule - beforeCommandExecute: event=com.browserstack.v2.eventBus.Event@4fda52e9
14:30:45.426 [wikiAppTest@0] INFO  c.browserstack.v2.module.PercyModule - onPreExecute: event=com.browserstack.v2.eventBus.Event@4fda52e9 {hook=PRE, instance=com.browserstack.v2.instance.AutomationFrameworkInstance@27b9991e, frameworkState=EXECUTE, arguments=[Ljava.lang.Object;@1dccf384, command=[5f4f8b240d8f56afff1f75646bb8aa338e9c9627, isElementEnabled {id=00000000-0000-00aa-ffff-ffff00000036}]}
14:30:45.469 [wikiAppTest@0] INFO  c.b.v2.module.WebdriverModule - afterCommandExecute: event=com.browserstack.v2.eventBus.Event@1aa57915
14:30:45.475 [wikiAppTest@0] INFO  c.b.v2.module.WebdriverModule - beforeCommandExecute: event=com.browserstack.v2.eventBus.Event@3cb8a674
14:30:45.475 [wikiAppTest@0] INFO  c.browserstack.v2.module.PercyModule - onPreExecute: event=com.browserstack.v2.eventBus.Event@3cb8a674 {hook=PRE, instance=com.browserstack.v2.instance.AutomationFrameworkInstance@27b9991e, frameworkState=EXECUTE, arguments=[Ljava.lang.Object;@469222b4, command=[5f4f8b240d8f56afff1f75646bb8aa338e9c9627, clickElement {id=00000000-0000-00aa-ffff-ffff00000036}]}
14:30:45.610 [wikiAppTest@0] INFO  c.b.v2.module.WebdriverModule - afterCommandExecute: event=com.browserstack.v2.eventBus.Event@8922c74
14:30:45.618 [wikiAppTest@0] INFO  c.b.v2.module.WebdriverModule - beforeCommandExecute: event=com.browserstack.v2.eventBus.Event@5a0bd1a3
14:30:45.619 [wikiAppTest@0] INFO  c.browserstack.v2.module.PercyModule - onPreExecute: event=com.browserstack.v2.eventBus.Event@5a0bd1a3 {hook=PRE, instance=com.browserstack.v2.instance.AutomationFrameworkInstance@27b9991e, frameworkState=EXECUTE, arguments=[Ljava.lang.Object;@1cb8283c, command=[5f4f8b240d8f56afff1f75646bb8aa338e9c9627, findElement {using=id, value=org.wikipedia.alpha:id/search_src_text}]}
14:30:46.568 [wikiAppTest@0] INFO  c.b.v2.module.WebdriverModule - afterCommandExecute: event=com.browserstack.v2.eventBus.Event@539986bf
14:30:46.577 [wikiAppTest@0] INFO  c.b.v2.module.WebdriverModule - beforeCommandExecute: event=com.browserstack.v2.eventBus.Event@15da409a
14:30:46.577 [wikiAppTest@0] INFO  c.browserstack.v2.module.PercyModule - onPreExecute: event=com.browserstack.v2.eventBus.Event@15da409a {hook=PRE, instance=com.browserstack.v2.instance.AutomationFrameworkInstance@27b9991e, frameworkState=EXECUTE, arguments=[Ljava.lang.Object;@74bfb7d1, command=[5f4f8b240d8f56afff1f75646bb8aa338e9c9627, isElementDisplayed {id=00000000-0000-00aa-ffff-ffff000000a2}]}
14:30:46.641 [wikiAppTest@0] INFO  c.b.v2.module.WebdriverModule - afterCommandExecute: event=com.browserstack.v2.eventBus.Event@6b0c7b87
14:30:46.650 [wikiAppTest@0] INFO  c.b.v2.module.WebdriverModule - beforeCommandExecute: event=com.browserstack.v2.eventBus.Event@2298f031
14:30:46.650 [wikiAppTest@0] INFO  c.browserstack.v2.module.PercyModule - onPreExecute: event=com.browserstack.v2.eventBus.Event@2298f031 {hook=PRE, instance=com.browserstack.v2.instance.AutomationFrameworkInstance@27b9991e, frameworkState=EXECUTE, arguments=[Ljava.lang.Object;@2b90ca8c, command=[5f4f8b240d8f56afff1f75646bb8aa338e9c9627, isElementEnabled {id=00000000-0000-00aa-ffff-ffff000000a2}]}
14:30:46.699 [wikiAppTest@0] INFO  c.b.v2.module.WebdriverModule - afterCommandExecute: event=com.browserstack.v2.eventBus.Event@23c85c3a
14:30:46.768 [wikiAppTest@0] INFO  c.b.v2.framework.TestNgFramework - trackEvent: found instance, testFrameworkState=TestFrameworkState.LOG hookState=HookState.PRE instance=-507621420
14:30:46.768 [wikiAppTest@0] INFO  c.b.v2.framework.TestNgFramework - trackEvent: load log entries
14:30:46.778 [wikiAppTest@0] INFO  c.b.v2.module.TestHubModule - sendLogCreatedEvent: event=com.browserstack.v2.eventBus.Event@7d67f1e0, response=success: true

14:30:46.779 [wikiAppTest@0] INFO  c.b.v2.module.TestHubModule - sendLogCreatedEvent: event=com.browserstack.v2.eventBus.Event@7d67f1e0
14:30:46.804 [wikiAppTest@0] INFO  c.b.v2.framework.TestNgFramework - trackEvent: found instance, testFrameworkState=TestFrameworkState.LOG hookState=HookState.PRE instance=-507621420
14:30:46.804 [wikiAppTest@0] INFO  c.b.v2.framework.TestNgFramework - trackEvent: load log entries
14:30:46.807 [wikiAppTest@0] INFO  c.b.v2.module.TestHubModule - sendLogCreatedEvent: event=com.browserstack.v2.eventBus.Event@795dd1e5, response=success: true

14:30:46.807 [wikiAppTest@0] INFO  c.b.v2.module.TestHubModule - sendLogCreatedEvent: event=com.browserstack.v2.eventBus.Event@795dd1e5
14:30:46.835 [wikiAppTest@0] INFO  c.b.v2.module.WebdriverModule - beforeCommandExecute: event=com.browserstack.v2.eventBus.Event@1a064ad3
14:30:46.835 [wikiAppTest@0] INFO  c.browserstack.v2.module.PercyModule - onPreExecute: event=com.browserstack.v2.eventBus.Event@1a064ad3 {hook=PRE, instance=com.browserstack.v2.instance.AutomationFrameworkInstance@27b9991e, frameworkState=EXECUTE, arguments=[Ljava.lang.Object;@8f13d35, command=[5f4f8b240d8f56afff1f75646bb8aa338e9c9627, sendKeysToElement {id=00000000-0000-00aa-ffff-ffff000000a2, value=[Ljava.lang.CharSequence;@fb1fac4}]}
14:30:47.609 [wikiAppTest@0] INFO  c.b.v2.module.WebdriverModule - afterCommandExecute: event=com.browserstack.v2.eventBus.Event@2eb7501c
14:30:52.626 [wikiAppTest@0] INFO  c.b.v2.module.WebdriverModule - beforeCommandExecute: event=com.browserstack.v2.eventBus.Event@299813b9
14:30:52.627 [wikiAppTest@0] INFO  c.browserstack.v2.module.PercyModule - onPreExecute: event=com.browserstack.v2.eventBus.Event@299813b9 {hook=PRE, instance=com.browserstack.v2.instance.AutomationFrameworkInstance@27b9991e, frameworkState=EXECUTE, arguments=[Ljava.lang.Object;@10a09f2d, command=[5f4f8b240d8f56afff1f75646bb8aa338e9c9627, findElements {using=class name, value=android.widget.TextView}]}
14:30:52.728 [wikiAppTest@0] INFO  c.b.v2.module.WebdriverModule - afterCommandExecute: event=com.browserstack.v2.eventBus.Event@7f0377a0
14:30:52.734 [wikiAppTest@0] INFO  c.b.v2.framework.TestNgFramework - trackEvent: found instance, testFrameworkState=TestFrameworkState.LOG_REPORT hookState=HookState.PRE instance=-507621420
14:30:52.735 [wikiAppTest@0] INFO  c.b.v2.framework.TestNgFramework - trackEvent: found instance, testFrameworkState=TestFrameworkState.LOG_REPORT hookState=HookState.POST instance=-507621420
14:30:52.735 [wikiAppTest@0] INFO  c.b.v2.framework.TestNgFramework - trackEvent: load test results
14:30:52.736 [wikiAppTest@0] INFO  c.b.v2.framework.TestNgFramework - trackEvent: found instance, testFrameworkState=TestFrameworkState.TEST hookState=HookState.POST instance=-507621420
14:30:52.736 [wikiAppTest@0] INFO  c.b.v2.module.WebdriverModule - onAfterTest: event=com.browserstack.v2.eventBus.Event@87fcf41
14:30:53.139 [wikiAppTest@0] ERROR c.b.utils.SeleniumMethodUtils - Done for sessionid 5f4f8b240d8f56afff1f75646bb8aa338e9c9627
14:30:53.517 [wikiAppTest@0] INFO  c.b.v2.module.TestHubModule - onAfterTest: event={com.browserstack.v2.eventBus.Event@87fcf41}
14:30:53.531 [wikiAppTest@0] INFO  c.b.v2.module.TestHubModule - sendTestSessionEvent: event=com.browserstack.v2.eventBus.Event@87fcf41, response=success: true

14:30:53.541 [wikiAppTest@0] INFO  c.b.v2.module.TestHubModule - sendTestFrameworkEvent: event=com.browserstack.v2.eventBus.Event@87fcf41, response=success: true

14:30:53.542 [wikiAppTest@0] INFO  c.browserstack.v2.module.PercyModule - onPostExecute: event=com.browserstack.v2.eventBus.Event@87fcf41
14:30:53.543 [wikiAppTest@0] INFO  c.b.v2.framework.TestNgFramework - trackEvent: found instance, testFrameworkState=TestFrameworkState.AFTER_METHOD hookState=HookState.PRE instance=-507621420
14:30:53.543 [wikiAppTest@0] INFO  c.b.v2.framework.TestNgFramework - trackEvent: track hook events
14:30:53.560 [wikiAppTest@0] INFO  c.b.v2.framework.TestNgFramework - args CHECK = [TestResult name=tearDown status=STARTED method=AndroidBaseTest.tearDown()[pri:0, instance:app.android.AndroidTest@858d8b4] output={null}]
14:30:53.560 [wikiAppTest@0] INFO  c.b.v2.framework.TestNgFramework - Hook Started in PRE key = AFTER_METHOD & hook = {hook_name=tearDown, hook_result=pending, test_file_path=DemoTestngSDK/src/test/java/app/android/AndroidTest.java, event_started_at=2025-04-18T14:30:53.560523, hook_id=95e63ceb-b9ef-4e6d-bc24-89aefeaa41ac, hook_logs=[], key=AFTER_METHOD, custom_metadata={}, test_location=DemoTestngSDK/src/test/java/app/android/AndroidTest.java}  and args = [[TestResult name=tearDown status=STARTED method=AndroidBaseTest.tearDown()[pri:0, instance:app.android.AndroidTest@858d8b4] output={null}], AndroidBaseTest.tearDown()[pri:0, instance:app.android.AndroidTest@858d8b4]]
14:30:53.560 [wikiAppTest@0] INFO  c.b.v2.framework.TestNgFramework - trackHookEvents: hook state=AFTER_METHOD.HookState.PRE , hooks started={BEFORE_METHOD=[], AFTER_METHOD=[{hook_name=tearDown, hook_result=pending, test_file_path=DemoTestngSDK/src/test/java/app/android/AndroidTest.java, event_started_at=2025-04-18T14:30:53.560523, hook_id=95e63ceb-b9ef-4e6d-bc24-89aefeaa41ac, hook_logs=[], key=AFTER_METHOD, custom_metadata={}, test_location=DemoTestngSDK/src/test/java/app/android/AndroidTest.java}]} , hooks finished={BEFORE_METHOD=[{hook_name=setUp, hook_result=passed, test_file_path=DemoTestngSDK/src/test/java/app/android/AndroidTest.java, event_started_at=2025-04-18T14:30:18.117741, hook_id=d3f7fe07-56c1-4055-b2b5-c7a2a3046f17, hook_logs=[], logs=[], key=BEFORE_METHOD, custom_metadata={}, event_ended_at=2025-04-18T14:30:43.981036, test_location=DemoTestngSDK/src/test/java/app/android/AndroidTest.java}], AFTER_METHOD=[]}
14:30:53.566 [wikiAppTest@0] INFO  c.b.v2.module.TestHubModule - sendTestFrameworkEvent: event=com.browserstack.v2.eventBus.Event@52115e1a, response=success: true

14:30:53.568 [tearDown@0] INFO  c.b.v2.module.WebdriverModule - onDriverQuit: event=com.browserstack.v2.eventBus.Event@63a65251
14:30:53.595 [tearDown@0] INFO  c.b.v2.framework.TestNgFramework - trackEvent: found instance, testFrameworkState=TestFrameworkState.LOG hookState=HookState.PRE instance=-507621420
14:30:53.595 [tearDown@0] INFO  c.b.v2.framework.TestNgFramework - trackEvent: load log entries
14:30:53.597 [tearDown@0] INFO  c.b.v2.module.TestHubModule - sendLogCreatedEvent: event=com.browserstack.v2.eventBus.Event@628861fb, response=success: true

14:30:53.597 [tearDown@0] INFO  c.b.v2.module.TestHubModule - sendLogCreatedEvent: event=com.browserstack.v2.eventBus.Event@628861fb
14:30:53.621 [tearDown@0] INFO  c.b.v2.framework.TestNgFramework - trackEvent: found instance, testFrameworkState=TestFrameworkState.LOG hookState=HookState.PRE instance=-507621420
14:30:53.621 [tearDown@0] INFO  c.b.v2.framework.TestNgFramework - trackEvent: load log entries
14:30:53.624 [tearDown@0] INFO  c.b.v2.module.TestHubModule - sendLogCreatedEvent: event=com.browserstack.v2.eventBus.Event@7a87e4ed, response=success: true

14:30:53.624 [tearDown@0] INFO  c.b.v2.module.TestHubModule - sendLogCreatedEvent: event=com.browserstack.v2.eventBus.Event@7a87e4ed
14:30:53.628 [tearDown@0] INFO  c.b.v2.module.WebdriverModule - beforeCommandExecute: event=com.browserstack.v2.eventBus.Event@633897c
14:30:53.628 [tearDown@0] INFO  c.browserstack.v2.module.PercyModule - onPreExecute: event=com.browserstack.v2.eventBus.Event@633897c {hook=PRE, instance=com.browserstack.v2.instance.AutomationFrameworkInstance@27b9991e, frameworkState=EXECUTE, arguments=[Ljava.lang.Object;@577a87d0, command=[5f4f8b240d8f56afff1f75646bb8aa338e9c9627, quit {}]}
14:30:53.629 [tearDown@0] INFO  c.b.v2.module.WebdriverModule - beforeCommandExecute: event=com.browserstack.v2.eventBus.Event@3bfde85b
14:30:53.629 [tearDown@0] INFO  c.browserstack.v2.module.PercyModule - onPreExecute: event=com.browserstack.v2.eventBus.Event@3bfde85b {hook=PRE, instance=com.browserstack.v2.instance.AutomationFrameworkInstance@27b9991e, frameworkState=EXECUTE, arguments=[Ljava.lang.Object;@211ffe31, command=[5f4f8b240d8f56afff1f75646bb8aa338e9c9627, quit {}]}
14:30:55.140 [tearDown@0] INFO  c.b.v2.module.WebdriverModule - afterCommandExecute: event=com.browserstack.v2.eventBus.Event@22d8a9c5
14:30:55.140 [tearDown@0] INFO  c.b.v2.module.WebdriverModule - afterCommandExecute: event=com.browserstack.v2.eventBus.Event@15ce6274
14:30:55.141 [tearDown@0] INFO  c.b.v2.framework.TestNgFramework - trackEvent: found instance, testFrameworkState=TestFrameworkState.AFTER_METHOD hookState=HookState.POST instance=-507621420
14:30:55.141 [tearDown@0] INFO  c.b.v2.framework.TestNgFramework - trackEvent: track hook events
14:30:55.171 [tearDown@0] INFO  c.b.v2.framework.TestNgFramework - args CHECK = [TestResult name=tearDown status=SUCCESS method=AndroidBaseTest.tearDown()[pri:0, instance:app.android.AndroidTest@858d8b4] output={null}]
14:30:55.172 [tearDown@0] INFO  c.b.v2.framework.TestNgFramework - Hook List in Post [{hook_name=tearDown, hook_result=pending, test_file_path=DemoTestngSDK/src/test/java/app/android/AndroidTest.java, event_started_at=2025-04-18T14:30:53.560523, hook_id=95e63ceb-b9ef-4e6d-bc24-89aefeaa41ac, hook_logs=[], key=AFTER_METHOD, custom_metadata={}, test_location=DemoTestngSDK/src/test/java/app/android/AndroidTest.java}] and args = [[TestResult name=tearDown status=SUCCESS method=AndroidBaseTest.tearDown()[pri:0, instance:app.android.AndroidTest@858d8b4] output={null}], AndroidBaseTest.tearDown()[pri:0, instance:app.android.AndroidTest@858d8b4]]
14:30:55.172 [tearDown@0] INFO  c.b.v2.framework.TestNgFramework - Processing HookLevel attachments from directory: /Users/nithyamani/.browserstack/UploadedAttachments-54/HookLevel
14:30:55.172 [tearDown@0] INFO  c.b.v2.framework.TestNgFramework - Checking hookLevelFiles: []
14:30:55.173 [tearDown@0] INFO  c.b.v2.framework.TestNgFramework - checking Paths of files = /Users/nithyamani/.browserstack/UploadedAttachments-54/HookLevel/BuildLevelHookEvent and abs path = /Users/nithyamani/.browserstack/UploadedAttachments-54/HookLevel/BuildLevelHookEvent 
14:30:55.173 [tearDown@0] INFO  c.b.v2.framework.TestNgFramework - Processing BuildLevelHookEvent attachments from directory: /Users/nithyamani/.browserstack/UploadedAttachments-54/HookLevel/BuildLevelHookEvent
14:30:55.173 [tearDown@0] INFO  c.b.v2.framework.TestNgFramework - Processing TestLevel attachments eventLogs: []
14:30:55.173 [tearDown@0] INFO  c.b.v2.framework.TestNgFramework - sendLogCreatedEvent: No Log Events to send
14:30:55.173 [tearDown@0] INFO  c.b.v2.framework.TestNgFramework - trackHookEvents: hook state=AFTER_METHOD.HookState.POST , hooks started={BEFORE_METHOD=[], AFTER_METHOD=[]} , hooks finished={BEFORE_METHOD=[{hook_name=setUp, hook_result=passed, test_file_path=DemoTestngSDK/src/test/java/app/android/AndroidTest.java, event_started_at=2025-04-18T14:30:18.117741, hook_id=d3f7fe07-56c1-4055-b2b5-c7a2a3046f17, hook_logs=[], logs=[], key=BEFORE_METHOD, custom_metadata={}, event_ended_at=2025-04-18T14:30:43.981036, test_location=DemoTestngSDK/src/test/java/app/android/AndroidTest.java}], AFTER_METHOD=[{hook_name=tearDown, hook_result=passed, test_file_path=DemoTestngSDK/src/test/java/app/android/AndroidTest.java, event_started_at=2025-04-18T14:30:53.560523, hook_id=95e63ceb-b9ef-4e6d-bc24-89aefeaa41ac, hook_logs=[], logs=[], key=AFTER_METHOD, custom_metadata={}, event_ended_at=2025-04-18T14:30:55.172232, test_location=DemoTestngSDK/src/test/java/app/android/AndroidTest.java}]}
14:30:55.181 [tearDown@0] INFO  c.b.v2.module.TestHubModule - sendTestFrameworkEvent: event=com.browserstack.v2.eventBus.Event@1edf7bc9, response=success: true

14:30:55.548 [main] INFO  com.browserstack.testOps.Listener - logCreated: CLI is active
14:30:55.548 [main] INFO  com.browserstack.testOps.Listener - logCreated: CLI is active
14:30:55.548 [main] INFO  com.browserstack.testOps.Listener - logCreated: CLI is active
14:30:55.548 [main] INFO  com.browserstack.testOps.Listener - logCreated: CLI is active
14:30:55.548 [main] INFO  com.browserstack.testOps.Listener - logCreated: CLI is active
14:30:55.583 [Thread-1] INFO  com.browserstack.testOps.Listener - onComplete: CLI is active
14:30:55.585 [Thread-1] INFO  com.browserstack.v2.SdkCLI - stop: cli stop triggered
14:31:09.834 [Thread-1] DEBUG com.browserstack.v2.SdkCLI - stop-bin-session=success: true
automate_buildlink: "https://app-automate.browserstack.com/dashboard/v2/builds/90c3c4704725833da6f3c022ad15fd149389c276"
hashed_id: "90c3c4704725833da6f3c022ad15fd149389c276"

14:31:09.848 [Thread-1] INFO  com.browserstack.v2.SdkCLI - stop: shutting down CLI
14:31:11.577 [Thread-1] INFO  c.browserstack.utils.UtilityMethods - Visit https://observability.browserstack.com/builds/uae9fegg6gstlkntf6auftldjek8p8i5tofny7hh to view build report, insights, and many more debugging information all at one place!
14:31:11.577 [Thread-1] INFO  c.b.config.BrowserStackConfig - INFO
14:31:11.577 [Thread-1] INFO  c.browserstack.utils.UtilityMethods - View build on BrowserStack dashboard: https://app-automate.browserstack.com/dashboard/v2/builds/90c3c4704725833da6f3c022ad15fd149389c276
14:31:11.577 [Thread-1] INFO  c.b.config.BrowserStackConfig - INFO
14:31:11.584 [Thread-1] INFO  c.browserstack.BrowserStackJavaAgent - SDK run ended for id: 37b6a38f-b211-4ea6-a80e-34754ac77f2a, testhub id: uae9fegg6gstlkntf6auftldjek8p8i5tofny7hh
14:31:11.584 [Thread-1] INFO  c.b.config.BrowserStackConfig - INFO
20:18:09.915 [main] INFO  c.browserstack.BrowserStackJavaAgent - Selenium version detected - 4.6.0
20:18:09.915 [main] INFO  c.browserstack.BrowserStackJavaAgent - Appium version detected - 8.2.1
20:18:10.009 [main] DEBUG c.b.config.BrowserStackConfig - Cli Config passed - {basedir=/Users/nithyamani/Desktop/TechProjects/Demo/DemoTestngSDK, browserstack.config=browserstack-android.yml, user.dir=/Users/nithyamani/Desktop/TechProjects/Demo/DemoTestngSDK, localrepository=/Users/nithyamani/.m2/repository}
20:18:10.009 [main] INFO  c.browserstack.utils.UtilityMethods - BrowserStack Yml Detected : /Users/nithyamani/Desktop/TechProjects/Demo/DemoTestngSDK/browserstack-android.yml
20:18:10.042 [main] INFO  c.b.config.BrowserStackConfig - Detected Framework testng
20:18:10.207 [main] INFO  c.browserstack.BrowserStackJavaAgent - uploading app ./src/test/resources/WikipediaSample.apk to browserstack
20:18:15.239 [main] DEBUG com.browserstack.v2.SdkCliUtils - File /Users/nithyamani/.browserstack already exist
20:18:15.245 [main] DEBUG com.browserstack.v2.SdkCliUtils - Current CLI Path Found: /Users/nithyamani/.browserstack/cli/binary-macos-x64
20:18:20.758 [main] DEBUG com.browserstack.v2.SdkCliUtils - Need to update binary, current binary version: 0
20:18:20.760 [main] DEBUG com.browserstack.v2.SdkCliUtils - Downloading SDK binary from: https://sdk-assets.browserstack.com/binary-macos-arm64-1.3.0.zip
20:18:23.506 [main] DEBUG com.browserstack.v2.SdkCliUtils - Files successfully extracted to: /Users/nithyamani/.browserstack/cli
20:18:23.516 [main] DEBUG com.browserstack.v2.SdkCliUtils - Resolved binary path: /Users/nithyamani/.browserstack/cli/binary-macos-arm64
20:18:23.530 [main] INFO  c.browserstack.BrowserStackJavaAgent - app upload response: {"app_url":"bs:\/\/ab4ef2728d55a1407af120d11574fed602946647"}
20:18:23.530 [main] INFO  c.browserstack.BrowserStackJavaAgent - Using app: [-bs://ab4ef2728d55a1407af120d11574fed602946647]
20:18:23.530 [main] INFO  c.browserstack.BrowserStackJavaAgent - Framework set to testng
20:18:23.531 [main] INFO  c.browserstack.BrowserStackJavaAgent - SDK run started with id: 48dd09b9-b128-4e71-9847-b076dea4c627
20:18:23.531 [main] INFO  c.b.config.BrowserStackConfig - INFO
20:18:23.537 [main] DEBUG com.browserstack.v2.SdkCLI - startMain: main-process starting
20:18:23.537 [main] INFO  com.browserstack.v2.SdkCLI - spawning command='/Users/nithyamani/.browserstack/cli/binary-macos-arm64' 'sdk' 'tcp'
20:18:25.212 [ForkJoinPool.commonPool-worker-1] INFO  com.browserstack.v2.SdkCLI - loadCLIParams: start binSessionId=ca79ff4b-ee99-4f11-b31c-b89df391290a listenAddress=127.0.0.1:5400
20:18:25.212 [main] DEBUG com.browserstack.v2.SdkCLI - startMain: main-process started
20:18:25.212 [main] DEBUG com.browserstack.v2.SdkCLI - startMain: main-process connecting {port=5400, listen=127.0.0.1:5400, id=ca79ff4b-ee99-4f11-b31c-b89df391290a}
20:18:25.213 [main] INFO  c.browserstack.utils.UtilityMethods - BrowserStack Yml Detected : /Users/nithyamani/Desktop/TechProjects/Demo/DemoTestngSDK/browserstack-android.yml
20:18:25.222 [main] DEBUG com.browserstack.v2.SdkCliUtils - File /Users/nithyamani/.browserstack already exist
20:18:38.595 [main] DEBUG com.browserstack.v2.SdkCLI - start-bin-session=bin_session_id: "ca79ff4b-ee99-4f11-b31c-b89df391290a"
config: "{\"userName\":\"nithyamani3\",\"accessKey\":\"zQxNpUZ5pLuExoGFY68v\",\"projectName\":\"Demo SDK Appium Android\",\"buildName\":\"browserstack-testng-appium-suite 2.6.0\",\"buildIdentifier\":\"#4\",\"framework\":\"testng\",\"source\":\"testng:appium-sample-sdk:v1.0\",\"app\":\"bs://ab4ef2728d55a1407af120d11574fed602946647\",\"platforms\":[{\"deviceName\":\"Samsung Galaxy S21\",\"osVersion\":11,\"platformName\":\"android\"}],\"parallelsPerPlatform\":1,\"appProfiling\":true,\"browserstackLocal\":false,\"appiumVersion\":\"2.6.0\",\"debug\":false,\"networkLogs\":true,\"consoleLogs\":\"errors\",\"interactiveDebugging\":true,\"percy\":true,\"percyCaptureMode\":\"auto\",\"testOrchestrationOptions\":{\"retryTestsOnFailure\":{\"enabled\":true,\"maxRetries\":2}},\"testObservability\":true,\"accessibility\":false,\"browserstackAutomation\":true,\"selfHeal\":false,\"disableAutoCaptureLogs\":false,\"testhub\":true,\"testContextOptions\":{\"skipSessionStatus\":false,\"skipSessionName\":false},\"browserStackLocalOptions\":{\"key\":\"zQxNpUZ5pLuExoGFY68v\",\"skipBinaryInitialisation\":false}}"
testhub {
  jwt: "eyJhbGciOiJIUzI1NiJ9.eyJpc3MiOiJicm93c2Vyc3RhY2tfb2IiLCJzdWIiOiIzNzE0MzA4IiwiZ3JvdXBfaWQiOjM2NjcxMTYsInVzZXJfaWQiOjM3MTQzMDgsImJ1aWxkX2hhc2hlZF9pZCI6IjRoY2F6cWxybGQzaGxsbnB1Z2ZzdTVpamFtZmVwdzZsam10YmxmbW8iLCJwcm9qZWN0X25hbWUiOiJEZW1vIFNESyBBcHBpdW0gQW5kcm9pZCIsImhvb2tfYXNfdGVzdCI6IjEiLCJidWlsZF9uYW1lIjoiYnJvd3NlcnN0YWNrLXRlc3RuZy1hcHBpdW0tc3VpdGUiLCJwcm9kdWN0X21hcCI6IntcIm9ic2VydmFiaWxpdHlcIjp0cnVlLFwib3JpZ2luRnJvbVByb2R1Y3RNYXBcIjpcIkFwcEF1dG9tYXRlXCIsXCJic3RhY2tBdXRvbWF0aW9uXCI6dHJ1ZSxcInByb2R1Y3RGaWx0ZXJTb3VyY2VcIjp0cnVlLFwiY2FkXCI6dHJ1ZSxcImFjY2Vzc2liaWxpdHlBdXRvRW5hYmxlZFwiOnRydWUsXCJhcHBfYXV0b21hdGVcIjp0cnVlfSIsImdycl9yZWdpb24iOiIiLCJpc19sb3dfdm9sdW1lIjpmYWxzZSwic2lnbmluZ19rZXlfaGFzaCI6IjM3YzExMzFlNGIyZTc0M2M3NjZlMWQ3MGJmNWYyYjU3ZGM2OWIxOTVkMzAwZTMyYWU4ZDAyMzEyMGE0YTZkOTciLCJpYXQiOjE3NDQ5ODc3MDYsImV4cCI6MTc0NTMzMzMwNn0.-mZewcZ8-PbpayoFWhBFKyBx9AhTxeD2IMT_6pHoAYI"
  build_hashed_id: "4hcazqlrld3hllnpugfsu5ijamfepw6ljmtblfmo"
  testhub_events: true
}
observability {
  success: true
  options {
  }
}
session_framework: "selenium"

20:18:38.608 [main] DEBUG com.browserstack.v2.SdkCLI - startChild: child-process connecting
20:18:38.820 [main] DEBUG com.browserstack.v2.SdkCLI - connect-bin-session=bin_session_id: "ca79ff4b-ee99-4f11-b31c-b89df391290a"
config: "{\"userName\":\"nithyamani3\",\"accessKey\":\"zQxNpUZ5pLuExoGFY68v\",\"projectName\":\"Demo SDK Appium Android\",\"buildName\":\"browserstack-testng-appium-suite 2.6.0\",\"buildIdentifier\":\"#4\",\"framework\":\"testng\",\"source\":\"testng:appium-sample-sdk:v1.0\",\"app\":\"bs://ab4ef2728d55a1407af120d11574fed602946647\",\"platforms\":[{\"deviceName\":\"Samsung Galaxy S21\",\"osVersion\":11,\"platformName\":\"android\"}],\"parallelsPerPlatform\":1,\"appProfiling\":true,\"browserstackLocal\":false,\"appiumVersion\":\"2.6.0\",\"debug\":false,\"networkLogs\":true,\"consoleLogs\":\"errors\",\"interactiveDebugging\":true,\"percy\":true,\"percyCaptureMode\":\"auto\",\"testOrchestrationOptions\":{\"retryTestsOnFailure\":{\"enabled\":true,\"maxRetries\":2}},\"testObservability\":true,\"accessibility\":false,\"browserstackAutomation\":true,\"selfHeal\":false,\"disableAutoCaptureLogs\":false,\"testhub\":true,\"testContextOptions\":{\"skipSessionStatus\":false,\"skipSessionName\":false},\"browserStackLocalOptions\":{\"key\":\"zQxNpUZ5pLuExoGFY68v\",\"skipBinaryInitialisation\":false},\"hubUrl\":\"https://hub-aps.browserstack.com/wd/hub\"}"
testhub {
  jwt: "eyJhbGciOiJIUzI1NiJ9.eyJpc3MiOiJicm93c2Vyc3RhY2tfb2IiLCJzdWIiOiIzNzE0MzA4IiwiZ3JvdXBfaWQiOjM2NjcxMTYsInVzZXJfaWQiOjM3MTQzMDgsImJ1aWxkX2hhc2hlZF9pZCI6IjRoY2F6cWxybGQzaGxsbnB1Z2ZzdTVpamFtZmVwdzZsam10YmxmbW8iLCJwcm9qZWN0X25hbWUiOiJEZW1vIFNESyBBcHBpdW0gQW5kcm9pZCIsImhvb2tfYXNfdGVzdCI6IjEiLCJidWlsZF9uYW1lIjoiYnJvd3NlcnN0YWNrLXRlc3RuZy1hcHBpdW0tc3VpdGUiLCJwcm9kdWN0X21hcCI6IntcIm9ic2VydmFiaWxpdHlcIjp0cnVlLFwib3JpZ2luRnJvbVByb2R1Y3RNYXBcIjpcIkFwcEF1dG9tYXRlXCIsXCJic3RhY2tBdXRvbWF0aW9uXCI6dHJ1ZSxcInByb2R1Y3RGaWx0ZXJTb3VyY2VcIjp0cnVlLFwiY2FkXCI6dHJ1ZSxcImFjY2Vzc2liaWxpdHlBdXRvRW5hYmxlZFwiOnRydWUsXCJhcHBfYXV0b21hdGVcIjp0cnVlfSIsImdycl9yZWdpb24iOiIiLCJpc19sb3dfdm9sdW1lIjpmYWxzZSwic2lnbmluZ19rZXlfaGFzaCI6IjM3YzExMzFlNGIyZTc0M2M3NjZlMWQ3MGJmNWYyYjU3ZGM2OWIxOTVkMzAwZTMyYWU4ZDAyMzEyMGE0YTZkOTciLCJpYXQiOjE3NDQ5ODc3MDYsImV4cCI6MTc0NTMzMzMwNn0.-mZewcZ8-PbpayoFWhBFKyBx9AhTxeD2IMT_6pHoAYI"
  build_hashed_id: "4hcazqlrld3hllnpugfsu5ijamfepw6ljmtblfmo"
  testhub_events: true
}
observability {
  success: true
  options {
  }
}
percy {
  success: true
  percy_capture_mode: "auto"
  percy_build_id: "39940600"
}
session_framework: "selenium"
test_orchestration {
  retry_tests_on_failure {
    enabled: true
    max_retries: 2
  }
}

20:18:38.824 [main] INFO  com.browserstack.v2.SdkCLI - loadBinResponse: Loading modules as per LoadBinResponse=bin_session_id: "ca79ff4b-ee99-4f11-b31c-b89df391290a"
config: "{\"userName\":\"nithyamani3\",\"accessKey\":\"zQxNpUZ5pLuExoGFY68v\",\"projectName\":\"Demo SDK Appium Android\",\"buildName\":\"browserstack-testng-appium-suite 2.6.0\",\"buildIdentifier\":\"#4\",\"framework\":\"testng\",\"source\":\"testng:appium-sample-sdk:v1.0\",\"app\":\"bs://ab4ef2728d55a1407af120d11574fed602946647\",\"platforms\":[{\"deviceName\":\"Samsung Galaxy S21\",\"osVersion\":11,\"platformName\":\"android\"}],\"parallelsPerPlatform\":1,\"appProfiling\":true,\"browserstackLocal\":false,\"appiumVersion\":\"2.6.0\",\"debug\":false,\"networkLogs\":true,\"consoleLogs\":\"errors\",\"interactiveDebugging\":true,\"percy\":true,\"percyCaptureMode\":\"auto\",\"testOrchestrationOptions\":{\"retryTestsOnFailure\":{\"enabled\":true,\"maxRetries\":2}},\"testObservability\":true,\"accessibility\":false,\"browserstackAutomation\":true,\"selfHeal\":false,\"disableAutoCaptureLogs\":false,\"testhub\":true,\"testContextOptions\":{\"skipSessionStatus\":false,\"skipSessionName\":false},\"browserStackLocalOptions\":{\"key\":\"zQxNpUZ5pLuExoGFY68v\",\"skipBinaryInitialisation\":false},\"hubUrl\":\"https://hub-aps.browserstack.com/wd/hub\"}"
testhub {
  jwt: "eyJhbGciOiJIUzI1NiJ9.eyJpc3MiOiJicm93c2Vyc3RhY2tfb2IiLCJzdWIiOiIzNzE0MzA4IiwiZ3JvdXBfaWQiOjM2NjcxMTYsInVzZXJfaWQiOjM3MTQzMDgsImJ1aWxkX2hhc2hlZF9pZCI6IjRoY2F6cWxybGQzaGxsbnB1Z2ZzdTVpamFtZmVwdzZsam10YmxmbW8iLCJwcm9qZWN0X25hbWUiOiJEZW1vIFNESyBBcHBpdW0gQW5kcm9pZCIsImhvb2tfYXNfdGVzdCI6IjEiLCJidWlsZF9uYW1lIjoiYnJvd3NlcnN0YWNrLXRlc3RuZy1hcHBpdW0tc3VpdGUiLCJwcm9kdWN0X21hcCI6IntcIm9ic2VydmFiaWxpdHlcIjp0cnVlLFwib3JpZ2luRnJvbVByb2R1Y3RNYXBcIjpcIkFwcEF1dG9tYXRlXCIsXCJic3RhY2tBdXRvbWF0aW9uXCI6dHJ1ZSxcInByb2R1Y3RGaWx0ZXJTb3VyY2VcIjp0cnVlLFwiY2FkXCI6dHJ1ZSxcImFjY2Vzc2liaWxpdHlBdXRvRW5hYmxlZFwiOnRydWUsXCJhcHBfYXV0b21hdGVcIjp0cnVlfSIsImdycl9yZWdpb24iOiIiLCJpc19sb3dfdm9sdW1lIjpmYWxzZSwic2lnbmluZ19rZXlfaGFzaCI6IjM3YzExMzFlNGIyZTc0M2M3NjZlMWQ3MGJmNWYyYjU3ZGM2OWIxOTVkMzAwZTMyYWU4ZDAyMzEyMGE0YTZkOTciLCJpYXQiOjE3NDQ5ODc3MDYsImV4cCI6MTc0NTMzMzMwNn0.-mZewcZ8-PbpayoFWhBFKyBx9AhTxeD2IMT_6pHoAYI"
  build_hashed_id: "4hcazqlrld3hllnpugfsu5ijamfepw6ljmtblfmo"
  testhub_events: true
}
observability {
  success: true
  options {
  }
}
percy {
  success: true
  percy_capture_mode: "auto"
  percy_build_id: "39940600"
}
session_framework: "selenium"
test_orchestration {
  retry_tests_on_failure {
    enabled: true
    max_retries: 2
  }
}

20:18:38.837 [main] DEBUG com.browserstack.v2.SdkCLI - loadBinResponse: configured module=WebdriverModule & ca79ff4b-ee99-4f11-b31c-b89df391290a
20:18:38.837 [main] DEBUG com.browserstack.v2.SdkCLI - loadBinResponse: configured module=ObservabilityModule & ca79ff4b-ee99-4f11-b31c-b89df391290a
20:18:38.837 [main] DEBUG com.browserstack.v2.SdkCLI - loadBinResponse: configured module=TestHubModule & ca79ff4b-ee99-4f11-b31c-b89df391290a
20:18:38.837 [main] DEBUG com.browserstack.v2.SdkCLI - loadBinResponse: configured module=PercyModule & ca79ff4b-ee99-4f11-b31c-b89df391290a
20:18:38.841 [main] INFO  com.browserstack.v2.SdkCLI - startChild: child-process connected
20:18:38.846 [main] INFO  com.browserstack.v2.SdkCLI - startMain: main-process connected
20:18:41.018 [main] INFO  c.browserstack.BrowserStackJavaAgent - Project and debug logs are captured by default. To disable, set disableAutoCaptureLogs: true in config.
20:18:41.031 [main] INFO  com.browserstack.testOps.Listener - onStart: CLI is active
20:18:41.286 [main] DEBUG com.browserstack.v2.SdkCLI - Setting up testng framework
20:18:41.287 [main] DEBUG com.browserstack.v2.SdkCLI - Setting up selenium framework
20:18:41.404 [main] INFO  com.browserstack.testOps.Listener - logCreated: CLI is active
20:18:41.404 [main] INFO  com.browserstack.testOps.Listener - logCreated: CLI is active
20:18:41.406 [main] INFO  com.browserstack.testOps.Listener - logCreated: CLI is active
20:18:41.406 [main] INFO  com.browserstack.testOps.Listener - logCreated: CLI is active
20:18:41.406 [main] INFO  com.browserstack.testOps.Listener - logCreated: CLI is active
20:18:41.406 [main] INFO  com.browserstack.testOps.Listener - logCreated: CLI is active
20:18:41.407 [main] INFO  com.browserstack.testOps.Listener - logCreated: CLI is active
20:18:41.407 [main] INFO  com.browserstack.testOps.Listener - logCreated: CLI is active
20:18:41.407 [main] INFO  com.browserstack.testOps.Listener - logCreated: CLI is active
20:18:41.407 [main] INFO  com.browserstack.testOps.Listener - logCreated: CLI is active
20:18:41.414 [main] INFO  com.browserstack.testOps.Listener - logCreated: CLI is active
20:18:41.414 [main] INFO  com.browserstack.testOps.Listener - logCreated: CLI is active
20:18:41.414 [main] INFO  com.browserstack.testOps.Listener - logCreated: CLI is active
20:18:41.414 [main] INFO  com.browserstack.testOps.Listener - logCreated: CLI is active
20:18:41.414 [main] INFO  com.browserstack.testOps.Listener - logCreated: CLI is active
20:18:41.434 [TestNG-tests-1] INFO  c.b.v2.framework.TestNgFramework - trackTestNgTest: saved instance contextId=-507621420 target=AndroidTest-0@0 instances=[-507621420]
20:18:41.434 [TestNG-tests-1] INFO  c.b.v2.framework.TestNgFramework - trackEvent: found instance, testFrameworkState=TestFrameworkState.INIT_TEST hookState=HookState.PRE instance=-507621420
20:18:41.434 [TestNG-tests-1] INFO  c.b.v2.framework.TestNgFramework - trackEvent: loaded instance, testFrameworkState=TestFrameworkState.INIT_TEST hookState=HookState.PRE instance=-507621420
20:18:41.444 [AndroidTest-0@0] INFO  c.b.v2.framework.TestNgFramework - trackEvent: found instance, testFrameworkState=TestFrameworkState.BEFORE_METHOD hookState=HookState.PRE instance=-507621420
20:18:41.444 [AndroidTest-0@0] INFO  c.b.v2.framework.TestNgFramework - trackEvent: loaded common test data, testFrameworkState=TestFrameworkState.BEFORE_METHOD hookState=HookState.PRE instance=-507621420
20:18:41.445 [AndroidTest-0@0] INFO  c.b.v2.framework.TestNgFramework - trackEvent: track hook events
20:18:41.482 [AndroidTest-0@0] INFO  c.b.v2.framework.TestNgFramework - args CHECK = [TestResult name=setUp status=STARTED method=AndroidBaseTest.setUp()[pri:0, instance:app.android.AndroidTest@dc79225] output={null}]
20:18:41.483 [AndroidTest-0@0] INFO  c.b.v2.framework.TestNgFramework - Hook Started in PRE key = BEFORE_METHOD & hook = {hook_name=setUp, hook_result=pending, test_file_path=DemoTestngSDK/src/test/java/app/android/AndroidTest.java, event_started_at=2025-04-18T20:18:41.483780, hook_id=a4101e2f-5036-45a6-aa27-680097d284cb, hook_logs=[], key=BEFORE_METHOD, custom_metadata={}, test_location=DemoTestngSDK/src/test/java/app/android/AndroidTest.java}  and args = [[TestResult name=setUp status=STARTED method=AndroidBaseTest.setUp()[pri:0, instance:app.android.AndroidTest@dc79225] output={null}], AndroidBaseTest.setUp()[pri:0, instance:app.android.AndroidTest@dc79225]]
20:18:41.484 [AndroidTest-0@0] INFO  c.b.v2.framework.TestNgFramework - trackHookEvents: hook state=BEFORE_METHOD.HookState.PRE , hooks started={BEFORE_METHOD=[{hook_name=setUp, hook_result=pending, test_file_path=DemoTestngSDK/src/test/java/app/android/AndroidTest.java, event_started_at=2025-04-18T20:18:41.483780, hook_id=a4101e2f-5036-45a6-aa27-680097d284cb, hook_logs=[], key=BEFORE_METHOD, custom_metadata={}, test_location=DemoTestngSDK/src/test/java/app/android/AndroidTest.java}]} , hooks finished={BEFORE_METHOD=[]}
20:18:41.491 [AndroidTest-0@0] INFO  c.b.v2.module.TestHubModule - sendTestFrameworkEvent: event=com.browserstack.v2.eventBus.Event@1064b36a, response=success: true

20:18:41.542 [setUp@0] INFO  c.b.v2.framework.TestNgFramework - trackEvent: found instance, testFrameworkState=TestFrameworkState.LOG hookState=HookState.PRE instance=-507621420
20:18:41.542 [setUp@0] INFO  c.b.v2.framework.TestNgFramework - trackEvent: load log entries
20:18:41.548 [setUp@0] INFO  c.b.v2.module.TestHubModule - sendLogCreatedEvent: event=com.browserstack.v2.eventBus.Event@20952a89, response=success: true

20:18:41.549 [setUp@0] INFO  c.b.v2.module.TestHubModule - sendLogCreatedEvent: event=com.browserstack.v2.eventBus.Event@20952a89
20:18:41.700 [setUp@0] INFO  c.b.v2.framework.SeleniumFramework - trackSeleniumTest: saved instance contextId=-722282457 target=26822:56 instances=[-722282457]
20:18:41.701 [setUp@0] INFO  c.b.v2.module.WebdriverModule - onBeforeDriverCreate: event=com.browserstack.v2.eventBus.Event@3b450fbc
20:18:41.740 [setUp@0] INFO  c.b.v2.module.WebdriverModule - beforeCommandExecute: event=com.browserstack.v2.eventBus.Event@6b8b4c7c
20:18:41.743 [setUp@0] INFO  c.browserstack.v2.module.PercyModule - onPreExecute: event=com.browserstack.v2.eventBus.Event@6b8b4c7c {hook=PRE, instance=com.browserstack.v2.instance.AutomationFrameworkInstance@9b7d938, frameworkState=EXECUTE, arguments=[Ljava.lang.Object;@4a6e6bc2, command=[null, newSession {capabilities=[{appium:app=bs://ab4ef2728d55a1407af120d11574fed602946647, bstack:options={userName=nithyamani3, accessKey=zQxNpUZ5pLuExoGFY68v, projectName=Demo SDK Appium Android, buildName=browserstack-testng-appium-suite 2.6.0, buildIdentifier=#4, source=testng:appium-sample-sdk:v1.0, appProfiling=true, appiumVersion=2.6.0, debug=false, networkLogs=true, consoleLogs=errors, interactiveDebugging=true, osVersion=11, platformName=android, hostName=NithyaMani-X7PQL3QXY5, browserstackSDK=TestNG-javaagent/1.32.2, buildProductMap={observability=true, accessibility=false, percy=true, automate=false, app_automate=true}, deviceName=Samsung Galaxy S21, useW3C=true, accessibilityOptions={}, testhubBuildUuid=4hcazqlrld3hllnpugfsu5ijamfepw6ljmtblfmo}}], desiredCapabilities=Capabilities {appium:app: bs://ab4ef2728d55a1407af120..., bstack:options: {accessKey: zQxNpUZ5pLuExoGFY68v, accessibilityOptions: {}, appProfiling: true, appiumVersion: 2.6.0, browserstackSDK: TestNG-javaagent/1.32.2, buildIdentifier: #4, buildName: browserstack-testng-appium-..., buildProductMap: {accessibility: false, app_automate: true, automate: false, observability: true, percy: true}, consoleLogs: errors, debug: false, deviceName: Samsung Galaxy S21, hostName: NithyaMani-X7PQL3QXY5, interactiveDebugging: true, networkLogs: true, osVersion: 11, platformName: android, projectName: Demo SDK Appium Android, source: testng:appium-sample-sdk:v1.0, testhubBuildUuid: 4hcazqlrld3hllnpugfsu5ijamf..., useW3C: true, userName: nithyamani3}}}]}
20:18:59.976 [setUp@0] INFO  c.b.v2.module.WebdriverModule - afterCommandExecute: event=com.browserstack.v2.eventBus.Event@6516ccca
20:18:59.985 [setUp@0] INFO  c.b.v2.framework.SeleniumFramework - trackSeleniumTest: saved instance contextId=-722282457 target=26822:56 instances=[-722282457]
20:18:59.985 [setUp@0] INFO  c.b.v2.module.WebdriverModule - onDriverCreated: event=com.browserstack.v2.eventBus.Event@10405b85
20:18:59.985 [setUp@0] INFO  c.b.v2.module.WebdriverModule - Found session id=7d44f8e6eed94f1c65b0fb52c7cfdde25c329d92 for instance=com.browserstack.v2.instance.AutomationFrameworkInstance@9b7d938
20:18:59.986 [setUp@0] INFO  c.b.v2.module.WebdriverModule - Driver added successfully to automationFramework
20:18:59.997 [setUp@0] INFO  c.b.v2.framework.TestNgFramework - trackEvent: found instance, testFrameworkState=TestFrameworkState.BEFORE_METHOD hookState=HookState.POST instance=-507621420
20:18:59.997 [setUp@0] INFO  c.b.v2.framework.TestNgFramework - trackEvent: loaded common test data, testFrameworkState=TestFrameworkState.BEFORE_METHOD hookState=HookState.POST instance=-507621420
20:18:59.997 [setUp@0] INFO  c.b.v2.framework.TestNgFramework - trackEvent: track hook events
20:19:00.016 [setUp@0] INFO  c.b.v2.framework.TestNgFramework - args CHECK = [TestResult name=setUp status=SUCCESS method=AndroidBaseTest.setUp()[pri:0, instance:app.android.AndroidTest@dc79225] output={null}]
20:19:00.016 [setUp@0] INFO  c.b.v2.framework.TestNgFramework - Hook List in Post [{hook_name=setUp, hook_result=pending, test_file_path=DemoTestngSDK/src/test/java/app/android/AndroidTest.java, event_started_at=2025-04-18T20:18:41.483780, hook_id=a4101e2f-5036-45a6-aa27-680097d284cb, hook_logs=[], key=BEFORE_METHOD, custom_metadata={}, test_location=DemoTestngSDK/src/test/java/app/android/AndroidTest.java}] and args = [[TestResult name=setUp status=SUCCESS method=AndroidBaseTest.setUp()[pri:0, instance:app.android.AndroidTest@dc79225] output={null}], AndroidBaseTest.setUp()[pri:0, instance:app.android.AndroidTest@dc79225]]
20:19:00.016 [setUp@0] INFO  c.b.v2.framework.TestNgFramework - Processing HookLevel attachments from directory: /Users/nithyamani/.browserstack/UploadedAttachments-56/HookLevel
20:19:00.016 [setUp@0] INFO  c.b.v2.framework.TestNgFramework - Checking hookLevelFiles: []
20:19:00.016 [setUp@0] INFO  c.b.v2.framework.TestNgFramework - checking Paths of files = /Users/nithyamani/.browserstack/UploadedAttachments-56/HookLevel/BuildLevelHookEvent and abs path = /Users/nithyamani/.browserstack/UploadedAttachments-56/HookLevel/BuildLevelHookEvent 
20:19:00.016 [setUp@0] INFO  c.b.v2.framework.TestNgFramework - Processing BuildLevelHookEvent attachments from directory: /Users/nithyamani/.browserstack/UploadedAttachments-56/HookLevel/BuildLevelHookEvent
20:19:00.016 [setUp@0] INFO  c.b.v2.framework.TestNgFramework - Processing TestLevel attachments eventLogs: []
20:19:00.016 [setUp@0] INFO  c.b.v2.framework.TestNgFramework - sendLogCreatedEvent: No Log Events to send
20:19:00.016 [setUp@0] INFO  c.b.v2.framework.TestNgFramework - trackHookEvents: hook state=BEFORE_METHOD.HookState.POST , hooks started={BEFORE_METHOD=[]} , hooks finished={BEFORE_METHOD=[{hook_name=setUp, hook_result=passed, test_file_path=DemoTestngSDK/src/test/java/app/android/AndroidTest.java, event_started_at=2025-04-18T20:18:41.483780, hook_id=a4101e2f-5036-45a6-aa27-680097d284cb, hook_logs=[], logs=[], key=BEFORE_METHOD, custom_metadata={}, event_ended_at=2025-04-18T20:19:00.016231, test_location=DemoTestngSDK/src/test/java/app/android/AndroidTest.java}]}
20:19:00.019 [setUp@0] INFO  c.b.v2.module.TestHubModule - sendTestFrameworkEvent: event=com.browserstack.v2.eventBus.Event@21cd1184, response=success: true

20:19:00.023 [setUp@0] INFO  c.b.v2.framework.TestNgFramework - trackEvent: found instance, testFrameworkState=TestFrameworkState.TEST hookState=HookState.PRE instance=-507621420
20:19:00.034 [setUp@0] INFO  c.b.v2.framework.TestNgFramework - trackEvent: loaded initial test data to instance, testFrameworkState=TestFrameworkState.TEST hookState=HookState.PRE instance=-507621420
20:19:00.034 [setUp@0] INFO  c.b.v2.module.WebdriverModule - onBeforeTest: event=com.browserstack.v2.eventBus.Event@6455fa76
20:19:00.036 [setUp@0] INFO  c.b.v2.module.TestHubModule - sendTestFrameworkEvent: event=com.browserstack.v2.eventBus.Event@6455fa76, response=success: true

20:19:00.038 [setUp@0] INFO  c.b.v2.module.ObservabilityModule - onBeforeTest: event={instance=com.browserstack.v2.instance.TestFrameworkInstance@6114b534, testFrameworkState=TestFrameworkState.TEST, testInstance=com.browserstack.v2.instance.TestFrameworkInstance@6114b534, hookState=HookState.PRE}
20:19:00.038 [setUp@0] INFO  c.b.v2.module.ObservabilityModule - performO11ySync: Performing O11y Sync
20:19:00.075 [wikiAppTest@0] INFO  c.b.v2.module.WebdriverModule - beforeCommandExecute: event=com.browserstack.v2.eventBus.Event@6f5e435e
20:19:00.075 [wikiAppTest@0] INFO  c.browserstack.v2.module.PercyModule - onPreExecute: event=com.browserstack.v2.eventBus.Event@6f5e435e {hook=PRE, instance=com.browserstack.v2.instance.AutomationFrameworkInstance@9b7d938, frameworkState=EXECUTE, arguments=[Ljava.lang.Object;@44147ecd, command=[7d44f8e6eed94f1c65b0fb52c7cfdde25c329d92, findElement {using=accessibility id, value=Search Wikipedia}]}
20:19:00.521 [wikiAppTest@0] INFO  c.b.v2.module.WebdriverModule - afterCommandExecute: event=com.browserstack.v2.eventBus.Event@53aeaa97
20:19:00.531 [wikiAppTest@0] INFO  c.b.v2.module.WebdriverModule - beforeCommandExecute: event=com.browserstack.v2.eventBus.Event@30f2f4eb
20:19:00.531 [wikiAppTest@0] INFO  c.browserstack.v2.module.PercyModule - onPreExecute: event=com.browserstack.v2.eventBus.Event@30f2f4eb {hook=PRE, instance=com.browserstack.v2.instance.AutomationFrameworkInstance@9b7d938, frameworkState=EXECUTE, arguments=[Ljava.lang.Object;@3f2b0264, command=[7d44f8e6eed94f1c65b0fb52c7cfdde25c329d92, isElementDisplayed {id=00000000-0000-01b0-ffff-ffff00000036}]}
20:19:01.565 [wikiAppTest@0] INFO  c.b.v2.module.WebdriverModule - afterCommandExecute: event=com.browserstack.v2.eventBus.Event@3675e774
20:19:01.573 [wikiAppTest@0] INFO  c.b.v2.module.WebdriverModule - beforeCommandExecute: event=com.browserstack.v2.eventBus.Event@769e4c63
20:19:01.574 [wikiAppTest@0] INFO  c.browserstack.v2.module.PercyModule - onPreExecute: event=com.browserstack.v2.eventBus.Event@769e4c63 {hook=PRE, instance=com.browserstack.v2.instance.AutomationFrameworkInstance@9b7d938, frameworkState=EXECUTE, arguments=[Ljava.lang.Object;@3eb947cb, command=[7d44f8e6eed94f1c65b0fb52c7cfdde25c329d92, isElementEnabled {id=00000000-0000-01b0-ffff-ffff00000036}]}
20:19:01.641 [wikiAppTest@0] INFO  c.b.v2.module.WebdriverModule - afterCommandExecute: event=com.browserstack.v2.eventBus.Event@27ee492f
20:19:01.650 [wikiAppTest@0] INFO  c.b.v2.module.WebdriverModule - beforeCommandExecute: event=com.browserstack.v2.eventBus.Event@43985bb7
20:19:01.650 [wikiAppTest@0] INFO  c.browserstack.v2.module.PercyModule - onPreExecute: event=com.browserstack.v2.eventBus.Event@43985bb7 {hook=PRE, instance=com.browserstack.v2.instance.AutomationFrameworkInstance@9b7d938, frameworkState=EXECUTE, arguments=[Ljava.lang.Object;@37ebdb10, command=[7d44f8e6eed94f1c65b0fb52c7cfdde25c329d92, clickElement {id=00000000-0000-01b0-ffff-ffff00000036}]}
20:19:01.806 [wikiAppTest@0] INFO  c.b.v2.module.WebdriverModule - afterCommandExecute: event=com.browserstack.v2.eventBus.Event@4fcfa76d
20:19:01.807 [wikiAppTest@0] INFO  c.b.v2.module.WebdriverModule - beforeCommandExecute: event=com.browserstack.v2.eventBus.Event@58398217
20:19:01.808 [wikiAppTest@0] INFO  c.browserstack.v2.module.PercyModule - onPreExecute: event=com.browserstack.v2.eventBus.Event@58398217 {hook=PRE, instance=com.browserstack.v2.instance.AutomationFrameworkInstance@9b7d938, frameworkState=EXECUTE, arguments=[Ljava.lang.Object;@6affb2b2, command=[7d44f8e6eed94f1c65b0fb52c7cfdde25c329d92, findElement {using=id, value=org.wikipedia.alpha:id/search_src_text}]}
20:19:02.025 [wikiAppTest@0] INFO  c.b.v2.module.WebdriverModule - afterCommandExecute: event=com.browserstack.v2.eventBus.Event@44d0d777
20:19:02.536 [wikiAppTest@0] INFO  c.b.v2.module.WebdriverModule - beforeCommandExecute: event=com.browserstack.v2.eventBus.Event@7ca0b5e1
20:19:02.536 [wikiAppTest@0] INFO  c.browserstack.v2.module.PercyModule - onPreExecute: event=com.browserstack.v2.eventBus.Event@7ca0b5e1 {hook=PRE, instance=com.browserstack.v2.instance.AutomationFrameworkInstance@9b7d938, frameworkState=EXECUTE, arguments=[Ljava.lang.Object;@261645a6, command=[7d44f8e6eed94f1c65b0fb52c7cfdde25c329d92, findElement {using=id, value=org.wikipedia.alpha:id/search_src_text}]}
20:19:02.713 [wikiAppTest@0] INFO  c.b.v2.module.WebdriverModule - afterCommandExecute: event=com.browserstack.v2.eventBus.Event@6d60c2cc
20:19:02.715 [wikiAppTest@0] INFO  c.b.v2.module.WebdriverModule - beforeCommandExecute: event=com.browserstack.v2.eventBus.Event@1dbaed0d
20:19:02.715 [wikiAppTest@0] INFO  c.browserstack.v2.module.PercyModule - onPreExecute: event=com.browserstack.v2.eventBus.Event@1dbaed0d {hook=PRE, instance=com.browserstack.v2.instance.AutomationFrameworkInstance@9b7d938, frameworkState=EXECUTE, arguments=[Ljava.lang.Object;@17e851b7, command=[7d44f8e6eed94f1c65b0fb52c7cfdde25c329d92, isElementDisplayed {id=00000000-0000-01b0-ffff-ffff000000a2}]}
20:19:02.750 [wikiAppTest@0] INFO  c.b.v2.module.WebdriverModule - afterCommandExecute: event=com.browserstack.v2.eventBus.Event@7cf58724
20:19:02.752 [wikiAppTest@0] INFO  c.b.v2.module.WebdriverModule - beforeCommandExecute: event=com.browserstack.v2.eventBus.Event@7c6e0fc6
20:19:02.752 [wikiAppTest@0] INFO  c.browserstack.v2.module.PercyModule - onPreExecute: event=com.browserstack.v2.eventBus.Event@7c6e0fc6 {hook=PRE, instance=com.browserstack.v2.instance.AutomationFrameworkInstance@9b7d938, frameworkState=EXECUTE, arguments=[Ljava.lang.Object;@295e9c15, command=[7d44f8e6eed94f1c65b0fb52c7cfdde25c329d92, isElementEnabled {id=00000000-0000-01b0-ffff-ffff000000a2}]}
20:19:02.784 [wikiAppTest@0] INFO  c.b.v2.module.WebdriverModule - afterCommandExecute: event=com.browserstack.v2.eventBus.Event@7942e2bd
20:19:02.865 [wikiAppTest@0] INFO  c.b.v2.framework.TestNgFramework - trackEvent: found instance, testFrameworkState=TestFrameworkState.LOG hookState=HookState.PRE instance=-507621420
20:19:02.865 [wikiAppTest@0] INFO  c.b.v2.framework.TestNgFramework - trackEvent: load log entries
20:19:02.867 [wikiAppTest@0] INFO  c.b.v2.module.TestHubModule - sendLogCreatedEvent: event=com.browserstack.v2.eventBus.Event@443ebf8e, response=success: true

20:19:02.867 [wikiAppTest@0] INFO  c.b.v2.module.TestHubModule - sendLogCreatedEvent: event=com.browserstack.v2.eventBus.Event@443ebf8e
20:19:02.884 [wikiAppTest@0] INFO  c.b.v2.framework.TestNgFramework - trackEvent: found instance, testFrameworkState=TestFrameworkState.LOG hookState=HookState.PRE instance=-507621420
20:19:02.885 [wikiAppTest@0] INFO  c.b.v2.framework.TestNgFramework - trackEvent: load log entries
20:19:02.886 [wikiAppTest@0] INFO  c.b.v2.module.TestHubModule - sendLogCreatedEvent: event=com.browserstack.v2.eventBus.Event@7a385ae0, response=success: true

20:19:02.886 [wikiAppTest@0] INFO  c.b.v2.module.TestHubModule - sendLogCreatedEvent: event=com.browserstack.v2.eventBus.Event@7a385ae0
20:19:02.890 [wikiAppTest@0] INFO  c.b.v2.module.WebdriverModule - beforeCommandExecute: event=com.browserstack.v2.eventBus.Event@565bf3a0
20:19:02.890 [wikiAppTest@0] INFO  c.browserstack.v2.module.PercyModule - onPreExecute: event=com.browserstack.v2.eventBus.Event@565bf3a0 {hook=PRE, instance=com.browserstack.v2.instance.AutomationFrameworkInstance@9b7d938, frameworkState=EXECUTE, arguments=[Ljava.lang.Object;@367d7906, command=[7d44f8e6eed94f1c65b0fb52c7cfdde25c329d92, sendKeysToElement {id=00000000-0000-01b0-ffff-ffff000000a2, value=[Ljava.lang.CharSequence;@73150a44}]}
20:19:03.584 [wikiAppTest@0] INFO  c.b.v2.module.WebdriverModule - afterCommandExecute: event=com.browserstack.v2.eventBus.Event@1dc96b37
20:19:08.590 [wikiAppTest@0] INFO  c.b.v2.module.WebdriverModule - beforeCommandExecute: event=com.browserstack.v2.eventBus.Event@45488755
20:19:08.591 [wikiAppTest@0] INFO  c.browserstack.v2.module.PercyModule - onPreExecute: event=com.browserstack.v2.eventBus.Event@45488755 {hook=PRE, instance=com.browserstack.v2.instance.AutomationFrameworkInstance@9b7d938, frameworkState=EXECUTE, arguments=[Ljava.lang.Object;@30e570dc, command=[7d44f8e6eed94f1c65b0fb52c7cfdde25c329d92, findElements {using=class name, value=android.widget.TextView}]}
20:19:08.687 [wikiAppTest@0] INFO  c.b.v2.module.WebdriverModule - afterCommandExecute: event=com.browserstack.v2.eventBus.Event@47881e5b
20:19:08.693 [wikiAppTest@0] INFO  c.b.v2.framework.TestNgFramework - trackEvent: found instance, testFrameworkState=TestFrameworkState.LOG_REPORT hookState=HookState.PRE instance=-507621420
20:19:08.693 [wikiAppTest@0] INFO  c.b.v2.framework.TestNgFramework - trackEvent: found instance, testFrameworkState=TestFrameworkState.LOG_REPORT hookState=HookState.POST instance=-507621420
20:19:08.693 [wikiAppTest@0] INFO  c.b.v2.framework.TestNgFramework - trackEvent: load test results
20:19:08.694 [wikiAppTest@0] INFO  c.b.v2.framework.TestNgFramework - trackEvent: found instance, testFrameworkState=TestFrameworkState.TEST hookState=HookState.POST instance=-507621420
20:19:08.694 [wikiAppTest@0] INFO  c.b.v2.module.WebdriverModule - onAfterTest: event=com.browserstack.v2.eventBus.Event@4d280ca8
20:19:09.056 [wikiAppTest@0] ERROR c.b.utils.SeleniumMethodUtils - Done for sessionid 7d44f8e6eed94f1c65b0fb52c7cfdde25c329d92
20:19:09.543 [wikiAppTest@0] INFO  c.b.v2.module.TestHubModule - onAfterTest: event={com.browserstack.v2.eventBus.Event@4d280ca8}
20:19:09.572 [wikiAppTest@0] INFO  c.b.v2.module.TestHubModule - sendTestSessionEvent: event=com.browserstack.v2.eventBus.Event@4d280ca8, response=success: true

20:19:09.577 [wikiAppTest@0] INFO  c.b.v2.module.TestHubModule - sendTestFrameworkEvent: event=com.browserstack.v2.eventBus.Event@4d280ca8, response=success: true

20:19:09.579 [wikiAppTest@0] INFO  c.browserstack.v2.module.PercyModule - onPostExecute: event=com.browserstack.v2.eventBus.Event@4d280ca8
20:19:09.579 [wikiAppTest@0] INFO  c.b.v2.framework.TestNgFramework - trackEvent: found instance, testFrameworkState=TestFrameworkState.AFTER_METHOD hookState=HookState.PRE instance=-507621420
20:19:09.579 [wikiAppTest@0] INFO  c.b.v2.framework.TestNgFramework - trackEvent: track hook events
20:19:09.595 [wikiAppTest@0] INFO  c.b.v2.framework.TestNgFramework - args CHECK = [TestResult name=tearDown status=STARTED method=AndroidBaseTest.tearDown()[pri:0, instance:app.android.AndroidTest@dc79225] output={null}]
20:19:09.595 [wikiAppTest@0] INFO  c.b.v2.framework.TestNgFramework - Hook Started in PRE key = AFTER_METHOD & hook = {hook_name=tearDown, hook_result=pending, test_file_path=DemoTestngSDK/src/test/java/app/android/AndroidTest.java, event_started_at=2025-04-18T20:19:09.595873, hook_id=ac9f904d-e9f0-41a7-bbe3-0ae858f42c83, hook_logs=[], key=AFTER_METHOD, custom_metadata={}, test_location=DemoTestngSDK/src/test/java/app/android/AndroidTest.java}  and args = [[TestResult name=tearDown status=STARTED method=AndroidBaseTest.tearDown()[pri:0, instance:app.android.AndroidTest@dc79225] output={null}], AndroidBaseTest.tearDown()[pri:0, instance:app.android.AndroidTest@dc79225]]
20:19:09.596 [wikiAppTest@0] INFO  c.b.v2.framework.TestNgFramework - trackHookEvents: hook state=AFTER_METHOD.HookState.PRE , hooks started={BEFORE_METHOD=[], AFTER_METHOD=[{hook_name=tearDown, hook_result=pending, test_file_path=DemoTestngSDK/src/test/java/app/android/AndroidTest.java, event_started_at=2025-04-18T20:19:09.595873, hook_id=ac9f904d-e9f0-41a7-bbe3-0ae858f42c83, hook_logs=[], key=AFTER_METHOD, custom_metadata={}, test_location=DemoTestngSDK/src/test/java/app/android/AndroidTest.java}]} , hooks finished={BEFORE_METHOD=[{hook_name=setUp, hook_result=passed, test_file_path=DemoTestngSDK/src/test/java/app/android/AndroidTest.java, event_started_at=2025-04-18T20:18:41.483780, hook_id=a4101e2f-5036-45a6-aa27-680097d284cb, hook_logs=[], logs=[], key=BEFORE_METHOD, custom_metadata={}, event_ended_at=2025-04-18T20:19:00.016231, test_location=DemoTestngSDK/src/test/java/app/android/AndroidTest.java}], AFTER_METHOD=[]}
20:19:09.598 [wikiAppTest@0] INFO  c.b.v2.module.TestHubModule - sendTestFrameworkEvent: event=com.browserstack.v2.eventBus.Event@58aa086b, response=success: true

20:19:09.601 [tearDown@0] INFO  c.b.v2.module.WebdriverModule - onDriverQuit: event=com.browserstack.v2.eventBus.Event@1012f3d5
20:19:09.627 [tearDown@0] INFO  c.b.v2.framework.TestNgFramework - trackEvent: found instance, testFrameworkState=TestFrameworkState.LOG hookState=HookState.PRE instance=-507621420
20:19:09.627 [tearDown@0] INFO  c.b.v2.framework.TestNgFramework - trackEvent: load log entries
20:19:09.629 [tearDown@0] INFO  c.b.v2.module.TestHubModule - sendLogCreatedEvent: event=com.browserstack.v2.eventBus.Event@40e74ea7, response=success: true

20:19:09.629 [tearDown@0] INFO  c.b.v2.module.TestHubModule - sendLogCreatedEvent: event=com.browserstack.v2.eventBus.Event@40e74ea7
20:19:09.646 [tearDown@0] INFO  c.b.v2.framework.TestNgFramework - trackEvent: found instance, testFrameworkState=TestFrameworkState.LOG hookState=HookState.PRE instance=-507621420
20:19:09.646 [tearDown@0] INFO  c.b.v2.framework.TestNgFramework - trackEvent: load log entries
20:19:09.648 [tearDown@0] INFO  c.b.v2.module.TestHubModule - sendLogCreatedEvent: event=com.browserstack.v2.eventBus.Event@7785ddff, response=success: true

20:19:09.648 [tearDown@0] INFO  c.b.v2.module.TestHubModule - sendLogCreatedEvent: event=com.browserstack.v2.eventBus.Event@7785ddff
20:19:09.653 [tearDown@0] INFO  c.b.v2.module.WebdriverModule - beforeCommandExecute: event=com.browserstack.v2.eventBus.Event@469a4ee1
20:19:09.653 [tearDown@0] INFO  c.browserstack.v2.module.PercyModule - onPreExecute: event=com.browserstack.v2.eventBus.Event@469a4ee1 {hook=PRE, instance=com.browserstack.v2.instance.AutomationFrameworkInstance@9b7d938, frameworkState=EXECUTE, arguments=[Ljava.lang.Object;@2a629662, command=[7d44f8e6eed94f1c65b0fb52c7cfdde25c329d92, quit {}]}
20:19:09.654 [tearDown@0] INFO  c.b.v2.module.WebdriverModule - beforeCommandExecute: event=com.browserstack.v2.eventBus.Event@69b07c83
20:19:09.654 [tearDown@0] INFO  c.browserstack.v2.module.PercyModule - onPreExecute: event=com.browserstack.v2.eventBus.Event@69b07c83 {hook=PRE, instance=com.browserstack.v2.instance.AutomationFrameworkInstance@9b7d938, frameworkState=EXECUTE, arguments=[Ljava.lang.Object;@7dc9ca12, command=[7d44f8e6eed94f1c65b0fb52c7cfdde25c329d92, quit {}]}
20:19:11.043 [tearDown@0] INFO  c.b.v2.module.WebdriverModule - afterCommandExecute: event=com.browserstack.v2.eventBus.Event@28acc3d3
20:19:11.043 [tearDown@0] INFO  c.b.v2.module.WebdriverModule - afterCommandExecute: event=com.browserstack.v2.eventBus.Event@5f6f0863
20:19:11.043 [tearDown@0] INFO  c.b.v2.framework.TestNgFramework - trackEvent: found instance, testFrameworkState=TestFrameworkState.AFTER_METHOD hookState=HookState.POST instance=-507621420
20:19:11.043 [tearDown@0] INFO  c.b.v2.framework.TestNgFramework - trackEvent: track hook events
20:19:11.067 [tearDown@0] INFO  c.b.v2.framework.TestNgFramework - args CHECK = [TestResult name=tearDown status=SUCCESS method=AndroidBaseTest.tearDown()[pri:0, instance:app.android.AndroidTest@dc79225] output={null}]
20:19:11.067 [tearDown@0] INFO  c.b.v2.framework.TestNgFramework - Hook List in Post [{hook_name=tearDown, hook_result=pending, test_file_path=DemoTestngSDK/src/test/java/app/android/AndroidTest.java, event_started_at=2025-04-18T20:19:09.595873, hook_id=ac9f904d-e9f0-41a7-bbe3-0ae858f42c83, hook_logs=[], key=AFTER_METHOD, custom_metadata={}, test_location=DemoTestngSDK/src/test/java/app/android/AndroidTest.java}] and args = [[TestResult name=tearDown status=SUCCESS method=AndroidBaseTest.tearDown()[pri:0, instance:app.android.AndroidTest@dc79225] output={null}], AndroidBaseTest.tearDown()[pri:0, instance:app.android.AndroidTest@dc79225]]
20:19:11.068 [tearDown@0] INFO  c.b.v2.framework.TestNgFramework - Processing HookLevel attachments from directory: /Users/nithyamani/.browserstack/UploadedAttachments-56/HookLevel
20:19:11.068 [tearDown@0] INFO  c.b.v2.framework.TestNgFramework - Checking hookLevelFiles: []
20:19:11.068 [tearDown@0] INFO  c.b.v2.framework.TestNgFramework - checking Paths of files = /Users/nithyamani/.browserstack/UploadedAttachments-56/HookLevel/BuildLevelHookEvent and abs path = /Users/nithyamani/.browserstack/UploadedAttachments-56/HookLevel/BuildLevelHookEvent 
20:19:11.068 [tearDown@0] INFO  c.b.v2.framework.TestNgFramework - Processing BuildLevelHookEvent attachments from directory: /Users/nithyamani/.browserstack/UploadedAttachments-56/HookLevel/BuildLevelHookEvent
20:19:11.068 [tearDown@0] INFO  c.b.v2.framework.TestNgFramework - Processing TestLevel attachments eventLogs: []
20:19:11.068 [tearDown@0] INFO  c.b.v2.framework.TestNgFramework - sendLogCreatedEvent: No Log Events to send
20:19:11.068 [tearDown@0] INFO  c.b.v2.framework.TestNgFramework - trackHookEvents: hook state=AFTER_METHOD.HookState.POST , hooks started={BEFORE_METHOD=[], AFTER_METHOD=[]} , hooks finished={BEFORE_METHOD=[{hook_name=setUp, hook_result=passed, test_file_path=DemoTestngSDK/src/test/java/app/android/AndroidTest.java, event_started_at=2025-04-18T20:18:41.483780, hook_id=a4101e2f-5036-45a6-aa27-680097d284cb, hook_logs=[], logs=[], key=BEFORE_METHOD, custom_metadata={}, event_ended_at=2025-04-18T20:19:00.016231, test_location=DemoTestngSDK/src/test/java/app/android/AndroidTest.java}], AFTER_METHOD=[{hook_name=tearDown, hook_result=passed, test_file_path=DemoTestngSDK/src/test/java/app/android/AndroidTest.java, event_started_at=2025-04-18T20:19:09.595873, hook_id=ac9f904d-e9f0-41a7-bbe3-0ae858f42c83, hook_logs=[], logs=[], key=AFTER_METHOD, custom_metadata={}, event_ended_at=2025-04-18T20:19:11.068011, test_location=DemoTestngSDK/src/test/java/app/android/AndroidTest.java}]}
20:19:11.071 [tearDown@0] INFO  c.b.v2.module.TestHubModule - sendTestFrameworkEvent: event=com.browserstack.v2.eventBus.Event@2dcba4a5, response=success: true

20:19:11.441 [Thread-2] INFO  com.browserstack.testOps.Listener - onComplete: CLI is active
20:19:11.443 [Thread-2] INFO  com.browserstack.v2.SdkCLI - stop: cli stop triggered
20:19:27.199 [Thread-2] DEBUG com.browserstack.v2.SdkCLI - stop-bin-session=success: true
automate_buildlink: "https://app-automate.browserstack.com/dashboard/v2/builds/aa72e8e16498adfe7d61f162982b1476e8ee76b6"
hashed_id: "aa72e8e16498adfe7d61f162982b1476e8ee76b6"

20:19:27.218 [Thread-2] INFO  com.browserstack.v2.SdkCLI - stop: shutting down CLI
20:19:28.823 [Thread-2] INFO  c.browserstack.utils.UtilityMethods - Visit https://observability.browserstack.com/builds/4hcazqlrld3hllnpugfsu5ijamfepw6ljmtblfmo to view build report, insights, and many more debugging information all at one place!
20:19:28.824 [Thread-2] INFO  c.b.config.BrowserStackConfig - INFO
20:19:28.824 [Thread-2] INFO  c.browserstack.utils.UtilityMethods - View build on BrowserStack dashboard: https://app-automate.browserstack.com/dashboard/v2/builds/aa72e8e16498adfe7d61f162982b1476e8ee76b6
20:19:28.824 [Thread-2] INFO  c.b.config.BrowserStackConfig - INFO
20:19:28.828 [Thread-2] INFO  c.browserstack.BrowserStackJavaAgent - SDK run ended for id: 48dd09b9-b128-4e71-9847-b076dea4c627, testhub id: 4hcazqlrld3hllnpugfsu5ijamfepw6ljmtblfmo
20:19:28.829 [Thread-2] INFO  c.b.config.BrowserStackConfig - INFO
20:21:39.452 [main] INFO  c.browserstack.BrowserStackJavaAgent - Selenium version detected - 4.6.0
20:21:39.453 [main] INFO  c.browserstack.BrowserStackJavaAgent - Appium version detected - 8.2.1
20:21:39.544 [main] DEBUG c.b.config.BrowserStackConfig - Cli Config passed - {basedir=/Users/nithyamani/Desktop/TechProjects/Demo/DemoTestngSDK, browserstack.config=browserstack-android.yml, user.dir=/Users/nithyamani/Desktop/TechProjects/Demo/DemoTestngSDK, localrepository=/Users/nithyamani/.m2/repository}
20:21:39.544 [main] INFO  c.browserstack.utils.UtilityMethods - BrowserStack Yml Detected : /Users/nithyamani/Desktop/TechProjects/Demo/DemoTestngSDK/browserstack-android.yml
20:21:39.577 [main] INFO  c.b.config.BrowserStackConfig - Detected Framework testng
20:21:39.741 [main] INFO  c.browserstack.BrowserStackJavaAgent - uploading app ./src/test/resources/WikipediaSample.apk to browserstack
20:21:43.644 [main] DEBUG com.browserstack.v2.SdkCliUtils - File /Users/nithyamani/.browserstack already exist
20:21:43.649 [main] DEBUG com.browserstack.v2.SdkCliUtils - Current CLI Path Found: /Users/nithyamani/.browserstack/cli/binary-macos-arm64
20:21:44.440 [main] DEBUG com.browserstack.v2.SdkCliUtils - Resolved binary path: /Users/nithyamani/.browserstack/cli/binary-macos-arm64
20:21:44.462 [main] INFO  c.browserstack.BrowserStackJavaAgent - app upload response: {"app_url":"bs:\/\/ab4ef2728d55a1407af120d11574fed602946647"}
20:21:44.463 [main] INFO  c.browserstack.BrowserStackJavaAgent - Using app: [-bs://ab4ef2728d55a1407af120d11574fed602946647]
20:21:44.463 [main] INFO  c.browserstack.BrowserStackJavaAgent - Framework set to testng
20:21:44.464 [main] INFO  c.browserstack.BrowserStackJavaAgent - SDK run started with id: c32f6bb3-10c2-4e2a-861d-38211c213061
20:21:44.464 [main] INFO  c.b.config.BrowserStackConfig - INFO
20:21:44.471 [main] DEBUG com.browserstack.v2.SdkCLI - startMain: main-process starting
20:21:44.472 [main] INFO  com.browserstack.v2.SdkCLI - spawning command='/Users/nithyamani/.browserstack/cli/binary-macos-arm64' 'sdk' 'tcp'
20:21:44.891 [ForkJoinPool.commonPool-worker-1] INFO  com.browserstack.v2.SdkCLI - loadCLIParams: start binSessionId=a40ad2cd-b151-4b68-b116-e1b32b3d9736 listenAddress=127.0.0.1:5400
20:21:44.891 [main] DEBUG com.browserstack.v2.SdkCLI - startMain: main-process started
20:21:44.891 [main] DEBUG com.browserstack.v2.SdkCLI - startMain: main-process connecting {port=5400, listen=127.0.0.1:5400, id=a40ad2cd-b151-4b68-b116-e1b32b3d9736}
20:21:44.891 [main] INFO  c.browserstack.utils.UtilityMethods - BrowserStack Yml Detected : /Users/nithyamani/Desktop/TechProjects/Demo/DemoTestngSDK/browserstack-android.yml
20:21:44.900 [main] DEBUG com.browserstack.v2.SdkCliUtils - File /Users/nithyamani/.browserstack already exist
20:21:58.126 [main] DEBUG com.browserstack.v2.SdkCLI - start-bin-session=bin_session_id: "a40ad2cd-b151-4b68-b116-e1b32b3d9736"
config: "{\"userName\":\"nithyamani3\",\"accessKey\":\"zQxNpUZ5pLuExoGFY68v\",\"projectName\":\"Demo SDK Appium Android\",\"buildName\":\"browserstack-testng-appium-suite 2.6.0\",\"buildIdentifier\":\"#5\",\"framework\":\"testng\",\"source\":\"testng:appium-sample-sdk:v1.0\",\"app\":\"bs://ab4ef2728d55a1407af120d11574fed602946647\",\"platforms\":[{\"deviceName\":\"Samsung Galaxy S21\",\"osVersion\":11,\"platformName\":\"android\"}],\"parallelsPerPlatform\":1,\"appProfiling\":true,\"browserstackLocal\":false,\"appiumVersion\":\"2.6.0\",\"debug\":false,\"networkLogs\":true,\"consoleLogs\":\"errors\",\"interactiveDebugging\":true,\"percy\":true,\"percyCaptureMode\":\"auto\",\"testOrchestrationOptions\":{\"retryTestsOnFailure\":{\"enabled\":true,\"maxRetries\":2}},\"testObservability\":true,\"accessibility\":false,\"browserstackAutomation\":true,\"selfHeal\":false,\"disableAutoCaptureLogs\":false,\"testhub\":true,\"testContextOptions\":{\"skipSessionStatus\":false,\"skipSessionName\":false},\"browserStackLocalOptions\":{\"key\":\"zQxNpUZ5pLuExoGFY68v\",\"skipBinaryInitialisation\":false}}"
testhub {
  jwt: "eyJhbGciOiJIUzI1NiJ9.eyJpc3MiOiJicm93c2Vyc3RhY2tfb2IiLCJzdWIiOiIzNzE0MzA4IiwiZ3JvdXBfaWQiOjM2NjcxMTYsInVzZXJfaWQiOjM3MTQzMDgsImJ1aWxkX2hhc2hlZF9pZCI6Im40czRoeWN3YzBlZ25nanlsdHN3aXdleTl1ZXpjeTd2dGJqN3lyMGciLCJwcm9qZWN0X25hbWUiOiJEZW1vIFNESyBBcHBpdW0gQW5kcm9pZCIsImhvb2tfYXNfdGVzdCI6IjEiLCJidWlsZF9uYW1lIjoiYnJvd3NlcnN0YWNrLXRlc3RuZy1hcHBpdW0tc3VpdGUiLCJwcm9kdWN0X21hcCI6IntcIm9ic2VydmFiaWxpdHlcIjp0cnVlLFwib3JpZ2luRnJvbVByb2R1Y3RNYXBcIjpcIkFwcEF1dG9tYXRlXCIsXCJic3RhY2tBdXRvbWF0aW9uXCI6dHJ1ZSxcInByb2R1Y3RGaWx0ZXJTb3VyY2VcIjp0cnVlLFwiY2FkXCI6dHJ1ZSxcImFjY2Vzc2liaWxpdHlBdXRvRW5hYmxlZFwiOnRydWUsXCJhcHBfYXV0b21hdGVcIjp0cnVlfSIsImdycl9yZWdpb24iOiIiLCJpc19sb3dfdm9sdW1lIjpmYWxzZSwic2lnbmluZ19rZXlfaGFzaCI6IjM3YzExMzFlNGIyZTc0M2M3NjZlMWQ3MGJmNWYyYjU3ZGM2OWIxOTVkMzAwZTMyYWU4ZDAyMzEyMGE0YTZkOTciLCJpYXQiOjE3NDQ5ODc5MDUsImV4cCI6MTc0NTMzMzUwNX0.Z4kfh5LxXa5Af_abK57_yzS7EPMgPt4OoZeq_TbhEC8"
  build_hashed_id: "n4s4hycwc0egngjyltswiwey9uezcy7vtbj7yr0g"
  testhub_events: true
}
observability {
  success: true
  options {
  }
}
session_framework: "selenium"

20:21:58.138 [main] DEBUG com.browserstack.v2.SdkCLI - startChild: child-process connecting
20:21:58.319 [main] DEBUG com.browserstack.v2.SdkCLI - connect-bin-session=bin_session_id: "a40ad2cd-b151-4b68-b116-e1b32b3d9736"
config: "{\"userName\":\"nithyamani3\",\"accessKey\":\"zQxNpUZ5pLuExoGFY68v\",\"projectName\":\"Demo SDK Appium Android\",\"buildName\":\"browserstack-testng-appium-suite 2.6.0\",\"buildIdentifier\":\"#5\",\"framework\":\"testng\",\"source\":\"testng:appium-sample-sdk:v1.0\",\"app\":\"bs://ab4ef2728d55a1407af120d11574fed602946647\",\"platforms\":[{\"deviceName\":\"Samsung Galaxy S21\",\"osVersion\":11,\"platformName\":\"android\"}],\"parallelsPerPlatform\":1,\"appProfiling\":true,\"browserstackLocal\":false,\"appiumVersion\":\"2.6.0\",\"debug\":false,\"networkLogs\":true,\"consoleLogs\":\"errors\",\"interactiveDebugging\":true,\"percy\":true,\"percyCaptureMode\":\"auto\",\"testOrchestrationOptions\":{\"retryTestsOnFailure\":{\"enabled\":true,\"maxRetries\":2}},\"testObservability\":true,\"accessibility\":false,\"browserstackAutomation\":true,\"selfHeal\":false,\"disableAutoCaptureLogs\":false,\"testhub\":true,\"testContextOptions\":{\"skipSessionStatus\":false,\"skipSessionName\":false},\"browserStackLocalOptions\":{\"key\":\"zQxNpUZ5pLuExoGFY68v\",\"skipBinaryInitialisation\":false},\"hubUrl\":\"https://hub-aps.browserstack.com/wd/hub\"}"
testhub {
  jwt: "eyJhbGciOiJIUzI1NiJ9.eyJpc3MiOiJicm93c2Vyc3RhY2tfb2IiLCJzdWIiOiIzNzE0MzA4IiwiZ3JvdXBfaWQiOjM2NjcxMTYsInVzZXJfaWQiOjM3MTQzMDgsImJ1aWxkX2hhc2hlZF9pZCI6Im40czRoeWN3YzBlZ25nanlsdHN3aXdleTl1ZXpjeTd2dGJqN3lyMGciLCJwcm9qZWN0X25hbWUiOiJEZW1vIFNESyBBcHBpdW0gQW5kcm9pZCIsImhvb2tfYXNfdGVzdCI6IjEiLCJidWlsZF9uYW1lIjoiYnJvd3NlcnN0YWNrLXRlc3RuZy1hcHBpdW0tc3VpdGUiLCJwcm9kdWN0X21hcCI6IntcIm9ic2VydmFiaWxpdHlcIjp0cnVlLFwib3JpZ2luRnJvbVByb2R1Y3RNYXBcIjpcIkFwcEF1dG9tYXRlXCIsXCJic3RhY2tBdXRvbWF0aW9uXCI6dHJ1ZSxcInByb2R1Y3RGaWx0ZXJTb3VyY2VcIjp0cnVlLFwiY2FkXCI6dHJ1ZSxcImFjY2Vzc2liaWxpdHlBdXRvRW5hYmxlZFwiOnRydWUsXCJhcHBfYXV0b21hdGVcIjp0cnVlfSIsImdycl9yZWdpb24iOiIiLCJpc19sb3dfdm9sdW1lIjpmYWxzZSwic2lnbmluZ19rZXlfaGFzaCI6IjM3YzExMzFlNGIyZTc0M2M3NjZlMWQ3MGJmNWYyYjU3ZGM2OWIxOTVkMzAwZTMyYWU4ZDAyMzEyMGE0YTZkOTciLCJpYXQiOjE3NDQ5ODc5MDUsImV4cCI6MTc0NTMzMzUwNX0.Z4kfh5LxXa5Af_abK57_yzS7EPMgPt4OoZeq_TbhEC8"
  build_hashed_id: "n4s4hycwc0egngjyltswiwey9uezcy7vtbj7yr0g"
  testhub_events: true
}
observability {
  success: true
  options {
  }
}
percy {
  success: true
  percy_capture_mode: "auto"
  percy_build_id: "39940645"
}
session_framework: "selenium"
test_orchestration {
  retry_tests_on_failure {
    enabled: true
    max_retries: 2
  }
}

20:21:58.323 [main] INFO  com.browserstack.v2.SdkCLI - loadBinResponse: Loading modules as per LoadBinResponse=bin_session_id: "a40ad2cd-b151-4b68-b116-e1b32b3d9736"
config: "{\"userName\":\"nithyamani3\",\"accessKey\":\"zQxNpUZ5pLuExoGFY68v\",\"projectName\":\"Demo SDK Appium Android\",\"buildName\":\"browserstack-testng-appium-suite 2.6.0\",\"buildIdentifier\":\"#5\",\"framework\":\"testng\",\"source\":\"testng:appium-sample-sdk:v1.0\",\"app\":\"bs://ab4ef2728d55a1407af120d11574fed602946647\",\"platforms\":[{\"deviceName\":\"Samsung Galaxy S21\",\"osVersion\":11,\"platformName\":\"android\"}],\"parallelsPerPlatform\":1,\"appProfiling\":true,\"browserstackLocal\":false,\"appiumVersion\":\"2.6.0\",\"debug\":false,\"networkLogs\":true,\"consoleLogs\":\"errors\",\"interactiveDebugging\":true,\"percy\":true,\"percyCaptureMode\":\"auto\",\"testOrchestrationOptions\":{\"retryTestsOnFailure\":{\"enabled\":true,\"maxRetries\":2}},\"testObservability\":true,\"accessibility\":false,\"browserstackAutomation\":true,\"selfHeal\":false,\"disableAutoCaptureLogs\":false,\"testhub\":true,\"testContextOptions\":{\"skipSessionStatus\":false,\"skipSessionName\":false},\"browserStackLocalOptions\":{\"key\":\"zQxNpUZ5pLuExoGFY68v\",\"skipBinaryInitialisation\":false},\"hubUrl\":\"https://hub-aps.browserstack.com/wd/hub\"}"
testhub {
  jwt: "eyJhbGciOiJIUzI1NiJ9.eyJpc3MiOiJicm93c2Vyc3RhY2tfb2IiLCJzdWIiOiIzNzE0MzA4IiwiZ3JvdXBfaWQiOjM2NjcxMTYsInVzZXJfaWQiOjM3MTQzMDgsImJ1aWxkX2hhc2hlZF9pZCI6Im40czRoeWN3YzBlZ25nanlsdHN3aXdleTl1ZXpjeTd2dGJqN3lyMGciLCJwcm9qZWN0X25hbWUiOiJEZW1vIFNESyBBcHBpdW0gQW5kcm9pZCIsImhvb2tfYXNfdGVzdCI6IjEiLCJidWlsZF9uYW1lIjoiYnJvd3NlcnN0YWNrLXRlc3RuZy1hcHBpdW0tc3VpdGUiLCJwcm9kdWN0X21hcCI6IntcIm9ic2VydmFiaWxpdHlcIjp0cnVlLFwib3JpZ2luRnJvbVByb2R1Y3RNYXBcIjpcIkFwcEF1dG9tYXRlXCIsXCJic3RhY2tBdXRvbWF0aW9uXCI6dHJ1ZSxcInByb2R1Y3RGaWx0ZXJTb3VyY2VcIjp0cnVlLFwiY2FkXCI6dHJ1ZSxcImFjY2Vzc2liaWxpdHlBdXRvRW5hYmxlZFwiOnRydWUsXCJhcHBfYXV0b21hdGVcIjp0cnVlfSIsImdycl9yZWdpb24iOiIiLCJpc19sb3dfdm9sdW1lIjpmYWxzZSwic2lnbmluZ19rZXlfaGFzaCI6IjM3YzExMzFlNGIyZTc0M2M3NjZlMWQ3MGJmNWYyYjU3ZGM2OWIxOTVkMzAwZTMyYWU4ZDAyMzEyMGE0YTZkOTciLCJpYXQiOjE3NDQ5ODc5MDUsImV4cCI6MTc0NTMzMzUwNX0.Z4kfh5LxXa5Af_abK57_yzS7EPMgPt4OoZeq_TbhEC8"
  build_hashed_id: "n4s4hycwc0egngjyltswiwey9uezcy7vtbj7yr0g"
  testhub_events: true
}
observability {
  success: true
  options {
  }
}
percy {
  success: true
  percy_capture_mode: "auto"
  percy_build_id: "39940645"
}
session_framework: "selenium"
test_orchestration {
  retry_tests_on_failure {
    enabled: true
    max_retries: 2
  }
}

20:21:58.334 [main] DEBUG com.browserstack.v2.SdkCLI - loadBinResponse: configured module=WebdriverModule & a40ad2cd-b151-4b68-b116-e1b32b3d9736
20:21:58.334 [main] DEBUG com.browserstack.v2.SdkCLI - loadBinResponse: configured module=ObservabilityModule & a40ad2cd-b151-4b68-b116-e1b32b3d9736
20:21:58.334 [main] DEBUG com.browserstack.v2.SdkCLI - loadBinResponse: configured module=TestHubModule & a40ad2cd-b151-4b68-b116-e1b32b3d9736
20:21:58.334 [main] DEBUG com.browserstack.v2.SdkCLI - loadBinResponse: configured module=PercyModule & a40ad2cd-b151-4b68-b116-e1b32b3d9736
20:21:58.338 [main] INFO  com.browserstack.v2.SdkCLI - startChild: child-process connected
20:21:58.343 [main] INFO  com.browserstack.v2.SdkCLI - startMain: main-process connected
20:22:00.509 [main] INFO  c.browserstack.BrowserStackJavaAgent - Project and debug logs are captured by default. To disable, set disableAutoCaptureLogs: true in config.
20:22:00.518 [main] INFO  com.browserstack.testOps.Listener - onStart: CLI is active
20:22:00.753 [main] DEBUG com.browserstack.v2.SdkCLI - Setting up testng framework
20:22:00.754 [main] DEBUG com.browserstack.v2.SdkCLI - Setting up selenium framework
20:22:00.873 [main] INFO  com.browserstack.testOps.Listener - logCreated: CLI is active
20:22:00.873 [main] INFO  com.browserstack.testOps.Listener - logCreated: CLI is active
20:22:00.874 [main] INFO  com.browserstack.testOps.Listener - logCreated: CLI is active
20:22:00.874 [main] INFO  com.browserstack.testOps.Listener - logCreated: CLI is active
20:22:00.875 [main] INFO  com.browserstack.testOps.Listener - logCreated: CLI is active
20:22:00.875 [main] INFO  com.browserstack.testOps.Listener - logCreated: CLI is active
20:22:00.875 [main] INFO  com.browserstack.testOps.Listener - logCreated: CLI is active
20:22:00.875 [main] INFO  com.browserstack.testOps.Listener - logCreated: CLI is active
20:22:00.875 [main] INFO  com.browserstack.testOps.Listener - logCreated: CLI is active
20:22:00.875 [main] INFO  com.browserstack.testOps.Listener - logCreated: CLI is active
20:22:00.877 [main] INFO  com.browserstack.testOps.Listener - logCreated: CLI is active
20:22:00.877 [main] INFO  com.browserstack.testOps.Listener - logCreated: CLI is active
20:22:00.878 [main] INFO  com.browserstack.testOps.Listener - logCreated: CLI is active
20:22:00.878 [main] INFO  com.browserstack.testOps.Listener - logCreated: CLI is active
20:22:00.878 [main] INFO  com.browserstack.testOps.Listener - logCreated: CLI is active
20:22:00.896 [TestNG-tests-1] INFO  c.b.v2.framework.TestNgFramework - trackTestNgTest: saved instance contextId=-507621420 target=AndroidTest-0@0 instances=[-507621420]
20:22:00.897 [TestNG-tests-1] INFO  c.b.v2.framework.TestNgFramework - trackEvent: found instance, testFrameworkState=TestFrameworkState.INIT_TEST hookState=HookState.PRE instance=-507621420
20:22:00.897 [TestNG-tests-1] INFO  c.b.v2.framework.TestNgFramework - trackEvent: loaded instance, testFrameworkState=TestFrameworkState.INIT_TEST hookState=HookState.PRE instance=-507621420
20:22:00.906 [AndroidTest-0@0] INFO  c.b.v2.framework.TestNgFramework - trackEvent: found instance, testFrameworkState=TestFrameworkState.BEFORE_METHOD hookState=HookState.PRE instance=-507621420
20:22:00.907 [AndroidTest-0@0] INFO  c.b.v2.framework.TestNgFramework - trackEvent: loaded common test data, testFrameworkState=TestFrameworkState.BEFORE_METHOD hookState=HookState.PRE instance=-507621420
20:22:00.907 [AndroidTest-0@0] INFO  c.b.v2.framework.TestNgFramework - trackEvent: track hook events
20:22:00.944 [AndroidTest-0@0] INFO  c.b.v2.framework.TestNgFramework - args CHECK = [TestResult name=setUp status=STARTED method=AndroidBaseTest.setUp()[pri:0, instance:app.android.AndroidTest@7efd28bd] output={null}]
20:22:00.945 [AndroidTest-0@0] INFO  c.b.v2.framework.TestNgFramework - Hook Started in PRE key = BEFORE_METHOD & hook = {hook_name=setUp, hook_result=pending, test_file_path=DemoTestngSDK/src/test/java/app/android/AndroidTest.java, event_started_at=2025-04-18T20:22:00.945126, hook_id=0b5d97d8-4a2b-4b9f-b653-9e5ebc338c90, hook_logs=[], key=BEFORE_METHOD, custom_metadata={}, test_location=DemoTestngSDK/src/test/java/app/android/AndroidTest.java}  and args = [[TestResult name=setUp status=STARTED method=AndroidBaseTest.setUp()[pri:0, instance:app.android.AndroidTest@7efd28bd] output={null}], AndroidBaseTest.setUp()[pri:0, instance:app.android.AndroidTest@7efd28bd]]
20:22:00.945 [AndroidTest-0@0] INFO  c.b.v2.framework.TestNgFramework - trackHookEvents: hook state=BEFORE_METHOD.HookState.PRE , hooks started={BEFORE_METHOD=[{hook_name=setUp, hook_result=pending, test_file_path=DemoTestngSDK/src/test/java/app/android/AndroidTest.java, event_started_at=2025-04-18T20:22:00.945126, hook_id=0b5d97d8-4a2b-4b9f-b653-9e5ebc338c90, hook_logs=[], key=BEFORE_METHOD, custom_metadata={}, test_location=DemoTestngSDK/src/test/java/app/android/AndroidTest.java}]} , hooks finished={BEFORE_METHOD=[]}
20:22:00.953 [AndroidTest-0@0] INFO  c.b.v2.module.TestHubModule - sendTestFrameworkEvent: event=com.browserstack.v2.eventBus.Event@66743bbf, response=success: true

20:22:01.005 [setUp@0] INFO  c.b.v2.framework.TestNgFramework - trackEvent: found instance, testFrameworkState=TestFrameworkState.LOG hookState=HookState.PRE instance=-507621420
20:22:01.005 [setUp@0] INFO  c.b.v2.framework.TestNgFramework - trackEvent: load log entries
20:22:01.011 [setUp@0] INFO  c.b.v2.module.TestHubModule - sendLogCreatedEvent: event=com.browserstack.v2.eventBus.Event@2b36ad20, response=success: true

20:22:01.012 [setUp@0] INFO  c.b.v2.module.TestHubModule - sendLogCreatedEvent: event=com.browserstack.v2.eventBus.Event@2b36ad20
20:22:01.166 [setUp@0] INFO  c.b.v2.framework.SeleniumFramework - trackSeleniumTest: saved instance contextId=-28718188 target=27192:54 instances=[-28718188]
20:22:01.166 [setUp@0] INFO  c.b.v2.module.WebdriverModule - onBeforeDriverCreate: event=com.browserstack.v2.eventBus.Event@365b7ccd
20:22:01.190 [setUp@0] INFO  c.b.v2.module.WebdriverModule - beforeCommandExecute: event=com.browserstack.v2.eventBus.Event@66a754de
20:22:01.192 [setUp@0] INFO  c.browserstack.v2.module.PercyModule - onPreExecute: event=com.browserstack.v2.eventBus.Event@66a754de {hook=PRE, instance=com.browserstack.v2.instance.AutomationFrameworkInstance@223651a9, frameworkState=EXECUTE, arguments=[Ljava.lang.Object;@298da9f7, command=[null, newSession {capabilities=[{appium:app=bs://ab4ef2728d55a1407af120d11574fed602946647, bstack:options={userName=nithyamani3, accessKey=zQxNpUZ5pLuExoGFY68v, projectName=Demo SDK Appium Android, buildName=browserstack-testng-appium-suite 2.6.0, buildIdentifier=#5, source=testng:appium-sample-sdk:v1.0, appProfiling=true, appiumVersion=2.6.0, debug=false, networkLogs=true, consoleLogs=errors, interactiveDebugging=true, osVersion=11, platformName=android, hostName=NithyaMani-X7PQL3QXY5, browserstackSDK=TestNG-javaagent/1.32.2, buildProductMap={observability=true, accessibility=false, percy=true, automate=false, app_automate=true}, deviceName=Samsung Galaxy S21, useW3C=true, accessibilityOptions={}, testhubBuildUuid=n4s4hycwc0egngjyltswiwey9uezcy7vtbj7yr0g}}], desiredCapabilities=Capabilities {appium:app: bs://ab4ef2728d55a1407af120..., bstack:options: {accessKey: zQxNpUZ5pLuExoGFY68v, accessibilityOptions: {}, appProfiling: true, appiumVersion: 2.6.0, browserstackSDK: TestNG-javaagent/1.32.2, buildIdentifier: #5, buildName: browserstack-testng-appium-..., buildProductMap: {accessibility: false, app_automate: true, automate: false, observability: true, percy: true}, consoleLogs: errors, debug: false, deviceName: Samsung Galaxy S21, hostName: NithyaMani-X7PQL3QXY5, interactiveDebugging: true, networkLogs: true, osVersion: 11, platformName: android, projectName: Demo SDK Appium Android, source: testng:appium-sample-sdk:v1.0, testhubBuildUuid: n4s4hycwc0egngjyltswiwey9ue..., useW3C: true, userName: nithyamani3}}}]}
20:22:24.454 [setUp@0] INFO  c.b.v2.module.WebdriverModule - afterCommandExecute: event=com.browserstack.v2.eventBus.Event@56bdac4f
20:22:24.462 [setUp@0] INFO  c.b.v2.framework.SeleniumFramework - trackSeleniumTest: saved instance contextId=-28718188 target=27192:54 instances=[-28718188]
20:22:24.462 [setUp@0] INFO  c.b.v2.module.WebdriverModule - onDriverCreated: event=com.browserstack.v2.eventBus.Event@3f35f7b0
20:22:24.462 [setUp@0] INFO  c.b.v2.module.WebdriverModule - Found session id=6b90e665692bdc6621523114b9ae804b121bd5ef for instance=com.browserstack.v2.instance.AutomationFrameworkInstance@223651a9
20:22:24.464 [setUp@0] INFO  c.b.v2.module.WebdriverModule - Driver added successfully to automationFramework
20:22:24.474 [setUp@0] INFO  c.b.v2.framework.TestNgFramework - trackEvent: found instance, testFrameworkState=TestFrameworkState.BEFORE_METHOD hookState=HookState.POST instance=-507621420
20:22:24.474 [setUp@0] INFO  c.b.v2.framework.TestNgFramework - trackEvent: loaded common test data, testFrameworkState=TestFrameworkState.BEFORE_METHOD hookState=HookState.POST instance=-507621420
20:22:24.474 [setUp@0] INFO  c.b.v2.framework.TestNgFramework - trackEvent: track hook events
20:22:24.492 [setUp@0] INFO  c.b.v2.framework.TestNgFramework - args CHECK = [TestResult name=setUp status=SUCCESS method=AndroidBaseTest.setUp()[pri:0, instance:app.android.AndroidTest@7efd28bd] output={null}]
20:22:24.492 [setUp@0] INFO  c.b.v2.framework.TestNgFramework - Hook List in Post [{hook_name=setUp, hook_result=pending, test_file_path=DemoTestngSDK/src/test/java/app/android/AndroidTest.java, event_started_at=2025-04-18T20:22:00.945126, hook_id=0b5d97d8-4a2b-4b9f-b653-9e5ebc338c90, hook_logs=[], key=BEFORE_METHOD, custom_metadata={}, test_location=DemoTestngSDK/src/test/java/app/android/AndroidTest.java}] and args = [[TestResult name=setUp status=SUCCESS method=AndroidBaseTest.setUp()[pri:0, instance:app.android.AndroidTest@7efd28bd] output={null}], AndroidBaseTest.setUp()[pri:0, instance:app.android.AndroidTest@7efd28bd]]
20:22:24.492 [setUp@0] INFO  c.b.v2.framework.TestNgFramework - Processing HookLevel attachments from directory: /Users/nithyamani/.browserstack/UploadedAttachments-54/HookLevel
20:22:24.492 [setUp@0] INFO  c.b.v2.framework.TestNgFramework - Checking hookLevelFiles: []
20:22:24.492 [setUp@0] INFO  c.b.v2.framework.TestNgFramework - checking Paths of files = /Users/nithyamani/.browserstack/UploadedAttachments-54/HookLevel/BuildLevelHookEvent and abs path = /Users/nithyamani/.browserstack/UploadedAttachments-54/HookLevel/BuildLevelHookEvent 
20:22:24.492 [setUp@0] INFO  c.b.v2.framework.TestNgFramework - Processing BuildLevelHookEvent attachments from directory: /Users/nithyamani/.browserstack/UploadedAttachments-54/HookLevel/BuildLevelHookEvent
20:22:24.492 [setUp@0] INFO  c.b.v2.framework.TestNgFramework - Processing TestLevel attachments eventLogs: []
20:22:24.492 [setUp@0] INFO  c.b.v2.framework.TestNgFramework - sendLogCreatedEvent: No Log Events to send
20:22:24.493 [setUp@0] INFO  c.b.v2.framework.TestNgFramework - trackHookEvents: hook state=BEFORE_METHOD.HookState.POST , hooks started={BEFORE_METHOD=[]} , hooks finished={BEFORE_METHOD=[{hook_name=setUp, hook_result=passed, test_file_path=DemoTestngSDK/src/test/java/app/android/AndroidTest.java, event_started_at=2025-04-18T20:22:00.945126, hook_id=0b5d97d8-4a2b-4b9f-b653-9e5ebc338c90, hook_logs=[], logs=[], key=BEFORE_METHOD, custom_metadata={}, event_ended_at=2025-04-18T20:22:24.492456, test_location=DemoTestngSDK/src/test/java/app/android/AndroidTest.java}]}
20:22:24.495 [setUp@0] INFO  c.b.v2.module.TestHubModule - sendTestFrameworkEvent: event=com.browserstack.v2.eventBus.Event@6c63a03e, response=success: true

20:22:24.502 [setUp@0] INFO  c.b.v2.framework.TestNgFramework - trackEvent: found instance, testFrameworkState=TestFrameworkState.TEST hookState=HookState.PRE instance=-507621420
20:22:24.514 [setUp@0] INFO  c.b.v2.framework.TestNgFramework - trackEvent: loaded initial test data to instance, testFrameworkState=TestFrameworkState.TEST hookState=HookState.PRE instance=-507621420
20:22:24.515 [setUp@0] INFO  c.b.v2.module.WebdriverModule - onBeforeTest: event=com.browserstack.v2.eventBus.Event@2b858b3e
20:22:24.520 [setUp@0] INFO  c.b.v2.module.TestHubModule - sendTestFrameworkEvent: event=com.browserstack.v2.eventBus.Event@2b858b3e, response=success: true

20:22:24.522 [setUp@0] INFO  c.b.v2.module.ObservabilityModule - onBeforeTest: event={instance=com.browserstack.v2.instance.TestFrameworkInstance@6d149553, testFrameworkState=TestFrameworkState.TEST, testInstance=com.browserstack.v2.instance.TestFrameworkInstance@6d149553, hookState=HookState.PRE}
20:22:24.523 [setUp@0] INFO  c.b.v2.module.ObservabilityModule - performO11ySync: Performing O11y Sync
20:22:24.563 [wikiAppTest@0] INFO  c.b.v2.module.WebdriverModule - beforeCommandExecute: event=com.browserstack.v2.eventBus.Event@782cb463
20:22:24.564 [wikiAppTest@0] INFO  c.browserstack.v2.module.PercyModule - onPreExecute: event=com.browserstack.v2.eventBus.Event@782cb463 {hook=PRE, instance=com.browserstack.v2.instance.AutomationFrameworkInstance@223651a9, frameworkState=EXECUTE, arguments=[Ljava.lang.Object;@5d44ff54, command=[6b90e665692bdc6621523114b9ae804b121bd5ef, findElement {using=accessibility id, value=Search Wikipedia}]}
20:22:25.293 [wikiAppTest@0] INFO  c.b.v2.module.WebdriverModule - afterCommandExecute: event=com.browserstack.v2.eventBus.Event@1bafd783
20:22:25.301 [wikiAppTest@0] INFO  c.b.v2.module.WebdriverModule - beforeCommandExecute: event=com.browserstack.v2.eventBus.Event@35c3a9c3
20:22:25.301 [wikiAppTest@0] INFO  c.browserstack.v2.module.PercyModule - onPreExecute: event=com.browserstack.v2.eventBus.Event@35c3a9c3 {hook=PRE, instance=com.browserstack.v2.instance.AutomationFrameworkInstance@223651a9, frameworkState=EXECUTE, arguments=[Ljava.lang.Object;@4ac8c326, command=[6b90e665692bdc6621523114b9ae804b121bd5ef, isElementDisplayed {id=00000000-0000-0490-ffff-ffff00000036}]}
20:22:25.346 [wikiAppTest@0] INFO  c.b.v2.module.WebdriverModule - afterCommandExecute: event=com.browserstack.v2.eventBus.Event@7ee616e0
20:22:25.350 [wikiAppTest@0] INFO  c.b.v2.module.WebdriverModule - beforeCommandExecute: event=com.browserstack.v2.eventBus.Event@92c446c
20:22:25.351 [wikiAppTest@0] INFO  c.browserstack.v2.module.PercyModule - onPreExecute: event=com.browserstack.v2.eventBus.Event@92c446c {hook=PRE, instance=com.browserstack.v2.instance.AutomationFrameworkInstance@223651a9, frameworkState=EXECUTE, arguments=[Ljava.lang.Object;@2af3ccf2, command=[6b90e665692bdc6621523114b9ae804b121bd5ef, isElementEnabled {id=00000000-0000-0490-ffff-ffff00000036}]}
20:22:25.392 [wikiAppTest@0] INFO  c.b.v2.module.WebdriverModule - afterCommandExecute: event=com.browserstack.v2.eventBus.Event@64ec8e5a
20:22:25.399 [wikiAppTest@0] INFO  c.b.v2.module.WebdriverModule - beforeCommandExecute: event=com.browserstack.v2.eventBus.Event@53eee49c
20:22:25.400 [wikiAppTest@0] INFO  c.browserstack.v2.module.PercyModule - onPreExecute: event=com.browserstack.v2.eventBus.Event@53eee49c {hook=PRE, instance=com.browserstack.v2.instance.AutomationFrameworkInstance@223651a9, frameworkState=EXECUTE, arguments=[Ljava.lang.Object;@67ce364f, command=[6b90e665692bdc6621523114b9ae804b121bd5ef, clickElement {id=00000000-0000-0490-ffff-ffff00000036}]}
20:22:26.242 [wikiAppTest@0] INFO  c.b.v2.module.WebdriverModule - afterCommandExecute: event=com.browserstack.v2.eventBus.Event@d07a602
20:22:26.248 [wikiAppTest@0] INFO  c.b.v2.module.WebdriverModule - beforeCommandExecute: event=com.browserstack.v2.eventBus.Event@6ce8a6b0
20:22:26.248 [wikiAppTest@0] INFO  c.browserstack.v2.module.PercyModule - onPreExecute: event=com.browserstack.v2.eventBus.Event@6ce8a6b0 {hook=PRE, instance=com.browserstack.v2.instance.AutomationFrameworkInstance@223651a9, frameworkState=EXECUTE, arguments=[Ljava.lang.Object;@5cef2a99, command=[6b90e665692bdc6621523114b9ae804b121bd5ef, findElement {using=id, value=org.wikipedia.alpha:id/search_src_text}]}
20:22:26.481 [wikiAppTest@0] INFO  c.b.v2.module.WebdriverModule - afterCommandExecute: event=com.browserstack.v2.eventBus.Event@448e5248
20:22:26.989 [wikiAppTest@0] INFO  c.b.v2.module.WebdriverModule - beforeCommandExecute: event=com.browserstack.v2.eventBus.Event@16270209
20:22:26.989 [wikiAppTest@0] INFO  c.browserstack.v2.module.PercyModule - onPreExecute: event=com.browserstack.v2.eventBus.Event@16270209 {hook=PRE, instance=com.browserstack.v2.instance.AutomationFrameworkInstance@223651a9, frameworkState=EXECUTE, arguments=[Ljava.lang.Object;@62391bf8, command=[6b90e665692bdc6621523114b9ae804b121bd5ef, findElement {using=id, value=org.wikipedia.alpha:id/search_src_text}]}
20:22:27.215 [wikiAppTest@0] INFO  c.b.v2.module.WebdriverModule - afterCommandExecute: event=com.browserstack.v2.eventBus.Event@7ff77454
20:22:27.218 [wikiAppTest@0] INFO  c.b.v2.module.WebdriverModule - beforeCommandExecute: event=com.browserstack.v2.eventBus.Event@6501c870
20:22:27.218 [wikiAppTest@0] INFO  c.browserstack.v2.module.PercyModule - onPreExecute: event=com.browserstack.v2.eventBus.Event@6501c870 {hook=PRE, instance=com.browserstack.v2.instance.AutomationFrameworkInstance@223651a9, frameworkState=EXECUTE, arguments=[Ljava.lang.Object;@4a51cfc4, command=[6b90e665692bdc6621523114b9ae804b121bd5ef, isElementDisplayed {id=00000000-0000-0490-ffff-ffff000000a2}]}
20:22:27.252 [wikiAppTest@0] INFO  c.b.v2.module.WebdriverModule - afterCommandExecute: event=com.browserstack.v2.eventBus.Event@e40470e
20:22:27.254 [wikiAppTest@0] INFO  c.b.v2.module.WebdriverModule - beforeCommandExecute: event=com.browserstack.v2.eventBus.Event@44cd5b92
20:22:27.254 [wikiAppTest@0] INFO  c.browserstack.v2.module.PercyModule - onPreExecute: event=com.browserstack.v2.eventBus.Event@44cd5b92 {hook=PRE, instance=com.browserstack.v2.instance.AutomationFrameworkInstance@223651a9, frameworkState=EXECUTE, arguments=[Ljava.lang.Object;@269320, command=[6b90e665692bdc6621523114b9ae804b121bd5ef, isElementEnabled {id=00000000-0000-0490-ffff-ffff000000a2}]}
20:22:27.295 [wikiAppTest@0] INFO  c.b.v2.module.WebdriverModule - afterCommandExecute: event=com.browserstack.v2.eventBus.Event@c52cc1d
20:22:27.388 [wikiAppTest@0] INFO  c.b.v2.framework.TestNgFramework - trackEvent: found instance, testFrameworkState=TestFrameworkState.LOG hookState=HookState.PRE instance=-507621420
20:22:27.388 [wikiAppTest@0] INFO  c.b.v2.framework.TestNgFramework - trackEvent: load log entries
20:22:27.390 [wikiAppTest@0] INFO  c.b.v2.module.TestHubModule - sendLogCreatedEvent: event=com.browserstack.v2.eventBus.Event@1057ef7d, response=success: true

20:22:27.390 [wikiAppTest@0] INFO  c.b.v2.module.TestHubModule - sendLogCreatedEvent: event=com.browserstack.v2.eventBus.Event@1057ef7d
20:22:27.408 [wikiAppTest@0] INFO  c.b.v2.framework.TestNgFramework - trackEvent: found instance, testFrameworkState=TestFrameworkState.LOG hookState=HookState.PRE instance=-507621420
20:22:27.408 [wikiAppTest@0] INFO  c.b.v2.framework.TestNgFramework - trackEvent: load log entries
20:22:27.410 [wikiAppTest@0] INFO  c.b.v2.module.TestHubModule - sendLogCreatedEvent: event=com.browserstack.v2.eventBus.Event@26bb2980, response=success: true

20:22:27.410 [wikiAppTest@0] INFO  c.b.v2.module.TestHubModule - sendLogCreatedEvent: event=com.browserstack.v2.eventBus.Event@26bb2980
20:22:27.414 [wikiAppTest@0] INFO  c.b.v2.module.WebdriverModule - beforeCommandExecute: event=com.browserstack.v2.eventBus.Event@2bef8a2a
20:22:27.414 [wikiAppTest@0] INFO  c.browserstack.v2.module.PercyModule - onPreExecute: event=com.browserstack.v2.eventBus.Event@2bef8a2a {hook=PRE, instance=com.browserstack.v2.instance.AutomationFrameworkInstance@223651a9, frameworkState=EXECUTE, arguments=[Ljava.lang.Object;@19530195, command=[6b90e665692bdc6621523114b9ae804b121bd5ef, sendKeysToElement {id=00000000-0000-0490-ffff-ffff000000a2, value=[Ljava.lang.CharSequence;@58b23921}]}
20:22:28.118 [wikiAppTest@0] INFO  c.b.v2.module.WebdriverModule - afterCommandExecute: event=com.browserstack.v2.eventBus.Event@59321245
20:22:33.134 [wikiAppTest@0] INFO  c.b.v2.module.WebdriverModule - beforeCommandExecute: event=com.browserstack.v2.eventBus.Event@753aca48
20:22:33.135 [wikiAppTest@0] INFO  c.browserstack.v2.module.PercyModule - onPreExecute: event=com.browserstack.v2.eventBus.Event@753aca48 {hook=PRE, instance=com.browserstack.v2.instance.AutomationFrameworkInstance@223651a9, frameworkState=EXECUTE, arguments=[Ljava.lang.Object;@16abdf00, command=[6b90e665692bdc6621523114b9ae804b121bd5ef, findElements {using=class name, value=android.widget.TextView}]}
20:22:33.220 [wikiAppTest@0] INFO  c.b.v2.module.WebdriverModule - afterCommandExecute: event=com.browserstack.v2.eventBus.Event@64871b82
20:22:33.228 [wikiAppTest@0] INFO  c.b.v2.framework.TestNgFramework - trackEvent: found instance, testFrameworkState=TestFrameworkState.LOG_REPORT hookState=HookState.PRE instance=-507621420
20:22:33.228 [wikiAppTest@0] INFO  c.b.v2.framework.TestNgFramework - trackEvent: found instance, testFrameworkState=TestFrameworkState.LOG_REPORT hookState=HookState.POST instance=-507621420
20:22:33.228 [wikiAppTest@0] INFO  c.b.v2.framework.TestNgFramework - trackEvent: load test results
20:22:33.229 [wikiAppTest@0] INFO  c.b.v2.framework.TestNgFramework - trackEvent: found instance, testFrameworkState=TestFrameworkState.TEST hookState=HookState.POST instance=-507621420
20:22:33.229 [wikiAppTest@0] INFO  c.b.v2.module.WebdriverModule - onAfterTest: event=com.browserstack.v2.eventBus.Event@384bc4d
20:22:33.941 [wikiAppTest@0] ERROR c.b.utils.SeleniumMethodUtils - Done for sessionid 6b90e665692bdc6621523114b9ae804b121bd5ef
20:22:34.447 [wikiAppTest@0] INFO  c.b.v2.module.TestHubModule - onAfterTest: event={com.browserstack.v2.eventBus.Event@384bc4d}
20:22:34.504 [wikiAppTest@0] INFO  c.b.v2.module.TestHubModule - sendTestSessionEvent: event=com.browserstack.v2.eventBus.Event@384bc4d, response=success: true

20:22:34.509 [wikiAppTest@0] INFO  c.b.v2.module.TestHubModule - sendTestFrameworkEvent: event=com.browserstack.v2.eventBus.Event@384bc4d, response=success: true

20:22:34.511 [wikiAppTest@0] INFO  c.browserstack.v2.module.PercyModule - onPostExecute: event=com.browserstack.v2.eventBus.Event@384bc4d
20:22:34.511 [wikiAppTest@0] INFO  c.b.v2.framework.TestNgFramework - trackEvent: found instance, testFrameworkState=TestFrameworkState.LOG_REPORT hookState=HookState.PRE instance=-507621420
20:22:34.511 [wikiAppTest@0] INFO  c.b.v2.framework.TestNgFramework - trackEvent: found instance, testFrameworkState=TestFrameworkState.LOG_REPORT hookState=HookState.POST instance=-507621420
20:22:34.511 [wikiAppTest@0] INFO  c.b.v2.framework.TestNgFramework - trackEvent: load test results
20:22:34.511 [wikiAppTest@0] INFO  c.b.v2.framework.TestNgFramework - trackEvent: found instance, testFrameworkState=TestFrameworkState.TEST hookState=HookState.POST instance=-507621420
20:22:34.511 [wikiAppTest@0] INFO  c.b.v2.module.WebdriverModule - onAfterTest: event=com.browserstack.v2.eventBus.Event@10c37ff2
20:22:34.862 [wikiAppTest@0] ERROR c.b.utils.SeleniumMethodUtils - Done for sessionid 6b90e665692bdc6621523114b9ae804b121bd5ef
20:22:35.275 [wikiAppTest@0] INFO  c.b.v2.module.TestHubModule - onAfterTest: event={com.browserstack.v2.eventBus.Event@10c37ff2}
20:22:35.292 [wikiAppTest@0] INFO  c.b.v2.module.TestHubModule - sendTestFrameworkEvent: event=com.browserstack.v2.eventBus.Event@10c37ff2, response=success: true

20:22:35.297 [wikiAppTest@0] INFO  c.browserstack.v2.module.PercyModule - onPostExecute: event=com.browserstack.v2.eventBus.Event@10c37ff2
20:22:35.301 [wikiAppTest@0] INFO  c.b.v2.framework.TestNgFramework - trackEvent: found instance, testFrameworkState=TestFrameworkState.AFTER_METHOD hookState=HookState.PRE instance=-507621420
20:22:35.301 [wikiAppTest@0] INFO  c.b.v2.framework.TestNgFramework - trackEvent: track hook events
20:22:35.330 [wikiAppTest@0] INFO  c.b.v2.framework.TestNgFramework - args CHECK = [TestResult name=tearDown status=STARTED method=AndroidBaseTest.tearDown()[pri:0, instance:app.android.AndroidTest@7efd28bd] output={null}]
20:22:35.330 [wikiAppTest@0] INFO  c.b.v2.framework.TestNgFramework - Hook Started in PRE key = AFTER_METHOD & hook = {hook_name=tearDown, hook_result=pending, test_file_path=DemoTestngSDK/src/test/java/app/android/AndroidTest.java, event_started_at=2025-04-18T20:22:35.330836, hook_id=dfc2c913-c789-4df7-a0ca-ac5c0592f114, hook_logs=[], key=AFTER_METHOD, custom_metadata={}, test_location=DemoTestngSDK/src/test/java/app/android/AndroidTest.java}  and args = [[TestResult name=tearDown status=STARTED method=AndroidBaseTest.tearDown()[pri:0, instance:app.android.AndroidTest@7efd28bd] output={null}], AndroidBaseTest.tearDown()[pri:0, instance:app.android.AndroidTest@7efd28bd]]
20:22:35.331 [wikiAppTest@0] INFO  c.b.v2.framework.TestNgFramework - trackHookEvents: hook state=AFTER_METHOD.HookState.PRE , hooks started={BEFORE_METHOD=[], AFTER_METHOD=[{hook_name=tearDown, hook_result=pending, test_file_path=DemoTestngSDK/src/test/java/app/android/AndroidTest.java, event_started_at=2025-04-18T20:22:35.330836, hook_id=dfc2c913-c789-4df7-a0ca-ac5c0592f114, hook_logs=[], key=AFTER_METHOD, custom_metadata={}, test_location=DemoTestngSDK/src/test/java/app/android/AndroidTest.java}]} , hooks finished={BEFORE_METHOD=[{hook_name=setUp, hook_result=passed, test_file_path=DemoTestngSDK/src/test/java/app/android/AndroidTest.java, event_started_at=2025-04-18T20:22:00.945126, hook_id=0b5d97d8-4a2b-4b9f-b653-9e5ebc338c90, hook_logs=[], logs=[], key=BEFORE_METHOD, custom_metadata={}, event_ended_at=2025-04-18T20:22:24.492456, test_location=DemoTestngSDK/src/test/java/app/android/AndroidTest.java}], AFTER_METHOD=[]}
20:22:35.333 [wikiAppTest@0] INFO  c.b.v2.module.TestHubModule - sendTestFrameworkEvent: event=com.browserstack.v2.eventBus.Event@23e78850, response=success: true

20:22:35.336 [tearDown@0] INFO  c.b.v2.module.WebdriverModule - onDriverQuit: event=com.browserstack.v2.eventBus.Event@55e71cf2
20:22:35.380 [tearDown@0] INFO  c.b.v2.framework.TestNgFramework - trackEvent: found instance, testFrameworkState=TestFrameworkState.LOG hookState=HookState.PRE instance=-507621420
20:22:35.380 [tearDown@0] INFO  c.b.v2.framework.TestNgFramework - trackEvent: load log entries
20:22:35.383 [tearDown@0] INFO  c.b.v2.module.TestHubModule - sendLogCreatedEvent: event=com.browserstack.v2.eventBus.Event@7d051e57, response=success: true

20:22:35.383 [tearDown@0] INFO  c.b.v2.module.TestHubModule - sendLogCreatedEvent: event=com.browserstack.v2.eventBus.Event@7d051e57
20:22:35.419 [tearDown@0] INFO  c.b.v2.framework.TestNgFramework - trackEvent: found instance, testFrameworkState=TestFrameworkState.LOG hookState=HookState.PRE instance=-507621420
20:22:35.419 [tearDown@0] INFO  c.b.v2.framework.TestNgFramework - trackEvent: load log entries
20:22:35.420 [tearDown@0] INFO  c.b.v2.module.TestHubModule - sendLogCreatedEvent: event=com.browserstack.v2.eventBus.Event@79abc79c, response=success: true

20:22:35.420 [tearDown@0] INFO  c.b.v2.module.TestHubModule - sendLogCreatedEvent: event=com.browserstack.v2.eventBus.Event@79abc79c
20:22:35.424 [tearDown@0] INFO  c.b.v2.module.WebdriverModule - beforeCommandExecute: event=com.browserstack.v2.eventBus.Event@4009835b
20:22:35.424 [tearDown@0] INFO  c.browserstack.v2.module.PercyModule - onPreExecute: event=com.browserstack.v2.eventBus.Event@4009835b {hook=PRE, instance=com.browserstack.v2.instance.AutomationFrameworkInstance@223651a9, frameworkState=EXECUTE, arguments=[Ljava.lang.Object;@3b7ac1bc, command=[6b90e665692bdc6621523114b9ae804b121bd5ef, quit {}]}
20:22:35.425 [tearDown@0] INFO  c.b.v2.module.WebdriverModule - beforeCommandExecute: event=com.browserstack.v2.eventBus.Event@1981d7f0
20:22:35.425 [tearDown@0] INFO  c.browserstack.v2.module.PercyModule - onPreExecute: event=com.browserstack.v2.eventBus.Event@1981d7f0 {hook=PRE, instance=com.browserstack.v2.instance.AutomationFrameworkInstance@223651a9, frameworkState=EXECUTE, arguments=[Ljava.lang.Object;@151e9cc0, command=[6b90e665692bdc6621523114b9ae804b121bd5ef, quit {}]}
20:22:36.783 [tearDown@0] INFO  c.b.v2.module.WebdriverModule - afterCommandExecute: event=com.browserstack.v2.eventBus.Event@5d9bb33
20:22:36.783 [tearDown@0] INFO  c.b.v2.module.WebdriverModule - afterCommandExecute: event=com.browserstack.v2.eventBus.Event@5bc4d05e
20:22:36.784 [tearDown@0] INFO  c.b.v2.framework.TestNgFramework - trackEvent: found instance, testFrameworkState=TestFrameworkState.AFTER_METHOD hookState=HookState.POST instance=-507621420
20:22:36.784 [tearDown@0] INFO  c.b.v2.framework.TestNgFramework - trackEvent: track hook events
20:22:36.814 [tearDown@0] INFO  c.b.v2.framework.TestNgFramework - args CHECK = [TestResult name=tearDown status=SUCCESS method=AndroidBaseTest.tearDown()[pri:0, instance:app.android.AndroidTest@7efd28bd] output={null}]
20:22:36.814 [tearDown@0] INFO  c.b.v2.framework.TestNgFramework - Hook List in Post [{hook_name=tearDown, hook_result=pending, test_file_path=DemoTestngSDK/src/test/java/app/android/AndroidTest.java, event_started_at=2025-04-18T20:22:35.330836, hook_id=dfc2c913-c789-4df7-a0ca-ac5c0592f114, hook_logs=[], key=AFTER_METHOD, custom_metadata={}, test_location=DemoTestngSDK/src/test/java/app/android/AndroidTest.java}] and args = [[TestResult name=tearDown status=SUCCESS method=AndroidBaseTest.tearDown()[pri:0, instance:app.android.AndroidTest@7efd28bd] output={null}], AndroidBaseTest.tearDown()[pri:0, instance:app.android.AndroidTest@7efd28bd]]
20:22:36.814 [tearDown@0] INFO  c.b.v2.framework.TestNgFramework - Processing HookLevel attachments from directory: /Users/nithyamani/.browserstack/UploadedAttachments-54/HookLevel
20:22:36.814 [tearDown@0] INFO  c.b.v2.framework.TestNgFramework - Checking hookLevelFiles: []
20:22:36.814 [tearDown@0] INFO  c.b.v2.framework.TestNgFramework - checking Paths of files = /Users/nithyamani/.browserstack/UploadedAttachments-54/HookLevel/BuildLevelHookEvent and abs path = /Users/nithyamani/.browserstack/UploadedAttachments-54/HookLevel/BuildLevelHookEvent 
20:22:36.814 [tearDown@0] INFO  c.b.v2.framework.TestNgFramework - Processing BuildLevelHookEvent attachments from directory: /Users/nithyamani/.browserstack/UploadedAttachments-54/HookLevel/BuildLevelHookEvent
20:22:36.814 [tearDown@0] INFO  c.b.v2.framework.TestNgFramework - Processing TestLevel attachments eventLogs: []
20:22:36.814 [tearDown@0] INFO  c.b.v2.framework.TestNgFramework - sendLogCreatedEvent: No Log Events to send
20:22:36.815 [tearDown@0] INFO  c.b.v2.framework.TestNgFramework - trackHookEvents: hook state=AFTER_METHOD.HookState.POST , hooks started={BEFORE_METHOD=[], AFTER_METHOD=[]} , hooks finished={BEFORE_METHOD=[{hook_name=setUp, hook_result=passed, test_file_path=DemoTestngSDK/src/test/java/app/android/AndroidTest.java, event_started_at=2025-04-18T20:22:00.945126, hook_id=0b5d97d8-4a2b-4b9f-b653-9e5ebc338c90, hook_logs=[], logs=[], key=BEFORE_METHOD, custom_metadata={}, event_ended_at=2025-04-18T20:22:24.492456, test_location=DemoTestngSDK/src/test/java/app/android/AndroidTest.java}], AFTER_METHOD=[{hook_name=tearDown, hook_result=passed, test_file_path=DemoTestngSDK/src/test/java/app/android/AndroidTest.java, event_started_at=2025-04-18T20:22:35.330836, hook_id=dfc2c913-c789-4df7-a0ca-ac5c0592f114, hook_logs=[], logs=[], key=AFTER_METHOD, custom_metadata={}, event_ended_at=2025-04-18T20:22:36.814513, test_location=DemoTestngSDK/src/test/java/app/android/AndroidTest.java}]}
20:22:36.819 [tearDown@0] INFO  c.b.v2.module.TestHubModule - sendTestFrameworkEvent: event=com.browserstack.v2.eventBus.Event@327cab0a, response=success: true

20:22:36.825 [tearDown@0] INFO  c.b.v2.framework.TestNgFramework - trackTestNgTest: saved instance contextId=-507621420 target=AndroidTest-0@0 instances=[-507621420]
20:22:36.825 [tearDown@0] INFO  c.b.v2.framework.TestNgFramework - trackEvent: found instance, testFrameworkState=TestFrameworkState.BEFORE_METHOD hookState=HookState.PRE instance=-507621420
20:22:36.825 [tearDown@0] INFO  c.b.v2.framework.TestNgFramework - trackEvent: loaded common test data, testFrameworkState=TestFrameworkState.BEFORE_METHOD hookState=HookState.PRE instance=-507621420
20:22:36.825 [tearDown@0] INFO  c.b.v2.framework.TestNgFramework - trackEvent: track hook events
20:22:36.841 [tearDown@0] INFO  c.b.v2.framework.TestNgFramework - args CHECK = [TestResult name=setUp status=STARTED method=AndroidBaseTest.setUp()[pri:0, instance:app.android.AndroidTest@7efd28bd] output={null}]
20:22:36.842 [tearDown@0] INFO  c.b.v2.framework.TestNgFramework - Hook Started in PRE key = BEFORE_METHOD & hook = {hook_name=setUp, hook_result=pending, test_file_path=DemoTestngSDK/src/test/java/app/android/AndroidTest.java, event_started_at=2025-04-18T20:22:36.842089, hook_id=f5bf4ccf-705e-4a20-92cd-f184633cbe30, hook_logs=[], key=BEFORE_METHOD, custom_metadata={}, test_location=DemoTestngSDK/src/test/java/app/android/AndroidTest.java}  and args = [[TestResult name=setUp status=STARTED method=AndroidBaseTest.setUp()[pri:0, instance:app.android.AndroidTest@7efd28bd] output={null}], AndroidBaseTest.setUp()[pri:0, instance:app.android.AndroidTest@7efd28bd]]
20:22:36.842 [tearDown@0] INFO  c.b.v2.framework.TestNgFramework - trackHookEvents: hook state=BEFORE_METHOD.HookState.PRE , hooks started={BEFORE_METHOD=[{hook_name=setUp, hook_result=pending, test_file_path=DemoTestngSDK/src/test/java/app/android/AndroidTest.java, event_started_at=2025-04-18T20:22:36.842089, hook_id=f5bf4ccf-705e-4a20-92cd-f184633cbe30, hook_logs=[], key=BEFORE_METHOD, custom_metadata={}, test_location=DemoTestngSDK/src/test/java/app/android/AndroidTest.java}]} , hooks finished={BEFORE_METHOD=[]}
20:22:36.845 [tearDown@0] INFO  c.b.v2.module.TestHubModule - sendTestFrameworkEvent: event=com.browserstack.v2.eventBus.Event@25b67c6f, response=success: true

20:22:36.847 [setUp@0] INFO  c.b.v2.framework.SeleniumFramework - trackSeleniumTest: saved instance contextId=-28718188 target=27192:54 instances=[-28718188]
20:22:36.847 [setUp@0] INFO  c.b.v2.module.WebdriverModule - onBeforeDriverCreate: event=com.browserstack.v2.eventBus.Event@145b1b52
20:22:36.855 [setUp@0] INFO  c.b.v2.module.WebdriverModule - beforeCommandExecute: event=com.browserstack.v2.eventBus.Event@27acf2b6
20:22:36.855 [setUp@0] INFO  c.browserstack.v2.module.PercyModule - onPreExecute: event=com.browserstack.v2.eventBus.Event@27acf2b6 {hook=PRE, instance=com.browserstack.v2.instance.AutomationFrameworkInstance@89bf7a8, frameworkState=EXECUTE, arguments=[Ljava.lang.Object;@447bf96, command=[null, newSession {capabilities=[{appium:app=bs://ab4ef2728d55a1407af120d11574fed602946647, bstack:options={userName=nithyamani3, accessKey=zQxNpUZ5pLuExoGFY68v, projectName=Demo SDK Appium Android, buildName=browserstack-testng-appium-suite 2.6.0, buildIdentifier=#5, source=testng:appium-sample-sdk:v1.0, appProfiling=true, appiumVersion=2.6.0, debug=false, networkLogs=true, consoleLogs=errors, interactiveDebugging=true, osVersion=11, platformName=android, hostName=NithyaMani-X7PQL3QXY5, browserstackSDK=TestNG-javaagent/1.32.2, buildProductMap={observability=true, accessibility=false, percy=true, automate=false, app_automate=true}, deviceName=Samsung Galaxy S21, useW3C=true, accessibilityOptions={}, testhubBuildUuid=n4s4hycwc0egngjyltswiwey9uezcy7vtbj7yr0g}}], desiredCapabilities=Capabilities {appium:app: bs://ab4ef2728d55a1407af120..., bstack:options: {accessKey: zQxNpUZ5pLuExoGFY68v, accessibilityOptions: {}, appProfiling: true, appiumVersion: 2.6.0, browserstackSDK: TestNG-javaagent/1.32.2, buildIdentifier: #5, buildName: browserstack-testng-appium-..., buildProductMap: {accessibility: false, app_automate: true, automate: false, observability: true, percy: true}, consoleLogs: errors, debug: false, deviceName: Samsung Galaxy S21, hostName: NithyaMani-X7PQL3QXY5, interactiveDebugging: true, networkLogs: true, osVersion: 11, platformName: android, projectName: Demo SDK Appium Android, source: testng:appium-sample-sdk:v1.0, testhubBuildUuid: n4s4hycwc0egngjyltswiwey9ue..., useW3C: true, userName: nithyamani3}}}]}
20:22:56.717 [setUp@0] INFO  c.b.v2.module.WebdriverModule - afterCommandExecute: event=com.browserstack.v2.eventBus.Event@51aad1c3
20:22:56.718 [setUp@0] INFO  c.b.v2.framework.SeleniumFramework - trackSeleniumTest: saved instance contextId=-28718188 target=27192:54 instances=[-28718188]
20:22:56.718 [setUp@0] INFO  c.b.v2.module.WebdriverModule - onDriverCreated: event=com.browserstack.v2.eventBus.Event@2095deec
20:22:56.719 [setUp@0] INFO  c.b.v2.module.WebdriverModule - Found session id=10ef4ff50a1fae0bb16ac4ebf1d5d4f2c08d2bd7 for instance=com.browserstack.v2.instance.AutomationFrameworkInstance@89bf7a8
20:22:56.719 [setUp@0] INFO  c.b.v2.module.WebdriverModule - Driver added successfully to automationFramework
20:22:56.733 [setUp@0] INFO  c.b.v2.framework.TestNgFramework - trackEvent: found instance, testFrameworkState=TestFrameworkState.BEFORE_METHOD hookState=HookState.POST instance=-507621420
20:22:56.733 [setUp@0] INFO  c.b.v2.framework.TestNgFramework - trackEvent: loaded common test data, testFrameworkState=TestFrameworkState.BEFORE_METHOD hookState=HookState.POST instance=-507621420
20:22:56.733 [setUp@0] INFO  c.b.v2.framework.TestNgFramework - trackEvent: track hook events
20:22:56.758 [setUp@0] INFO  c.b.v2.framework.TestNgFramework - args CHECK = [TestResult name=setUp status=SUCCESS method=AndroidBaseTest.setUp()[pri:0, instance:app.android.AndroidTest@7efd28bd] output={null}]
20:22:56.759 [setUp@0] INFO  c.b.v2.framework.TestNgFramework - Hook List in Post [{hook_name=setUp, hook_result=pending, test_file_path=DemoTestngSDK/src/test/java/app/android/AndroidTest.java, event_started_at=2025-04-18T20:22:36.842089, hook_id=f5bf4ccf-705e-4a20-92cd-f184633cbe30, hook_logs=[], key=BEFORE_METHOD, custom_metadata={}, test_location=DemoTestngSDK/src/test/java/app/android/AndroidTest.java}] and args = [[TestResult name=setUp status=SUCCESS method=AndroidBaseTest.setUp()[pri:0, instance:app.android.AndroidTest@7efd28bd] output={null}], AndroidBaseTest.setUp()[pri:0, instance:app.android.AndroidTest@7efd28bd]]
20:22:56.759 [setUp@0] INFO  c.b.v2.framework.TestNgFramework - Processing HookLevel attachments from directory: /Users/nithyamani/.browserstack/UploadedAttachments-54/HookLevel
20:22:56.759 [setUp@0] INFO  c.b.v2.framework.TestNgFramework - Checking hookLevelFiles: []
20:22:56.759 [setUp@0] INFO  c.b.v2.framework.TestNgFramework - checking Paths of files = /Users/nithyamani/.browserstack/UploadedAttachments-54/HookLevel/BuildLevelHookEvent and abs path = /Users/nithyamani/.browserstack/UploadedAttachments-54/HookLevel/BuildLevelHookEvent 
20:22:56.759 [setUp@0] INFO  c.b.v2.framework.TestNgFramework - Processing BuildLevelHookEvent attachments from directory: /Users/nithyamani/.browserstack/UploadedAttachments-54/HookLevel/BuildLevelHookEvent
20:22:56.759 [setUp@0] INFO  c.b.v2.framework.TestNgFramework - Processing TestLevel attachments eventLogs: []
20:22:56.759 [setUp@0] INFO  c.b.v2.framework.TestNgFramework - sendLogCreatedEvent: No Log Events to send
20:22:56.759 [setUp@0] INFO  c.b.v2.framework.TestNgFramework - trackHookEvents: hook state=BEFORE_METHOD.HookState.POST , hooks started={BEFORE_METHOD=[]} , hooks finished={BEFORE_METHOD=[{hook_name=setUp, hook_result=passed, test_file_path=DemoTestngSDK/src/test/java/app/android/AndroidTest.java, event_started_at=2025-04-18T20:22:36.842089, hook_id=f5bf4ccf-705e-4a20-92cd-f184633cbe30, hook_logs=[], logs=[], key=BEFORE_METHOD, custom_metadata={}, event_ended_at=2025-04-18T20:22:56.759185, test_location=DemoTestngSDK/src/test/java/app/android/AndroidTest.java}]}
20:22:56.762 [setUp@0] INFO  c.b.v2.module.TestHubModule - sendTestFrameworkEvent: event=com.browserstack.v2.eventBus.Event@7d19a7a5, response=success: true

20:22:56.765 [setUp@0] INFO  c.b.v2.framework.TestNgFramework - trackEvent: found instance, testFrameworkState=TestFrameworkState.TEST hookState=HookState.PRE instance=-507621420
20:22:56.777 [setUp@0] INFO  c.b.v2.framework.TestNgFramework - trackEvent: loaded initial test data to instance, testFrameworkState=TestFrameworkState.TEST hookState=HookState.PRE instance=-507621420
20:22:56.777 [setUp@0] INFO  c.b.v2.module.WebdriverModule - onBeforeTest: event=com.browserstack.v2.eventBus.Event@70526a80
20:22:56.780 [setUp@0] INFO  c.b.v2.module.TestHubModule - sendTestFrameworkEvent: event=com.browserstack.v2.eventBus.Event@70526a80, response=success: true

20:22:56.781 [setUp@0] INFO  c.b.v2.module.ObservabilityModule - onBeforeTest: event={instance=com.browserstack.v2.instance.TestFrameworkInstance@6f2b64e0, testFrameworkState=TestFrameworkState.TEST, testInstance=com.browserstack.v2.instance.TestFrameworkInstance@6f2b64e0, hookState=HookState.PRE}
20:22:56.781 [setUp@0] INFO  c.b.v2.module.ObservabilityModule - performO11ySync: Performing O11y Sync
20:22:56.798 [wikiAppTest@0] INFO  c.b.v2.module.WebdriverModule - beforeCommandExecute: event=com.browserstack.v2.eventBus.Event@48774012
20:22:56.798 [wikiAppTest@0] INFO  c.browserstack.v2.module.PercyModule - onPreExecute: event=com.browserstack.v2.eventBus.Event@48774012 {hook=PRE, instance=com.browserstack.v2.instance.AutomationFrameworkInstance@89bf7a8, frameworkState=EXECUTE, arguments=[Ljava.lang.Object;@62a72ab, command=[10ef4ff50a1fae0bb16ac4ebf1d5d4f2c08d2bd7, findElement {using=accessibility id, value=Search Wikipedia}]}
20:22:57.657 [wikiAppTest@0] INFO  c.b.v2.module.WebdriverModule - afterCommandExecute: event=com.browserstack.v2.eventBus.Event@3f93e1f4
20:22:57.659 [wikiAppTest@0] INFO  c.b.v2.module.WebdriverModule - beforeCommandExecute: event=com.browserstack.v2.eventBus.Event@376a1699
20:22:57.659 [wikiAppTest@0] INFO  c.browserstack.v2.module.PercyModule - onPreExecute: event=com.browserstack.v2.eventBus.Event@376a1699 {hook=PRE, instance=com.browserstack.v2.instance.AutomationFrameworkInstance@89bf7a8, frameworkState=EXECUTE, arguments=[Ljava.lang.Object;@41b0ffd, command=[10ef4ff50a1fae0bb16ac4ebf1d5d4f2c08d2bd7, isElementDisplayed {id=00000000-0000-052f-ffff-ffff00000036}]}
20:22:58.459 [wikiAppTest@0] INFO  c.b.v2.module.WebdriverModule - afterCommandExecute: event=com.browserstack.v2.eventBus.Event@2427c2cb
20:22:58.466 [wikiAppTest@0] INFO  c.b.v2.module.WebdriverModule - beforeCommandExecute: event=com.browserstack.v2.eventBus.Event@28a76b48
20:22:58.467 [wikiAppTest@0] INFO  c.browserstack.v2.module.PercyModule - onPreExecute: event=com.browserstack.v2.eventBus.Event@28a76b48 {hook=PRE, instance=com.browserstack.v2.instance.AutomationFrameworkInstance@89bf7a8, frameworkState=EXECUTE, arguments=[Ljava.lang.Object;@749ffd46, command=[10ef4ff50a1fae0bb16ac4ebf1d5d4f2c08d2bd7, isElementEnabled {id=00000000-0000-052f-ffff-ffff00000036}]}
20:22:58.511 [wikiAppTest@0] INFO  c.b.v2.module.WebdriverModule - afterCommandExecute: event=com.browserstack.v2.eventBus.Event@6eb44884
20:22:58.520 [wikiAppTest@0] INFO  c.b.v2.module.WebdriverModule - beforeCommandExecute: event=com.browserstack.v2.eventBus.Event@41ef821f
20:22:58.520 [wikiAppTest@0] INFO  c.browserstack.v2.module.PercyModule - onPreExecute: event=com.browserstack.v2.eventBus.Event@41ef821f {hook=PRE, instance=com.browserstack.v2.instance.AutomationFrameworkInstance@89bf7a8, frameworkState=EXECUTE, arguments=[Ljava.lang.Object;@4a9122a9, command=[10ef4ff50a1fae0bb16ac4ebf1d5d4f2c08d2bd7, clickElement {id=00000000-0000-052f-ffff-ffff00000036}]}
20:22:58.637 [wikiAppTest@0] INFO  c.b.v2.module.WebdriverModule - afterCommandExecute: event=com.browserstack.v2.eventBus.Event@2658b2eb
20:22:58.649 [wikiAppTest@0] INFO  c.b.v2.module.WebdriverModule - beforeCommandExecute: event=com.browserstack.v2.eventBus.Event@36225806
20:22:58.649 [wikiAppTest@0] INFO  c.browserstack.v2.module.PercyModule - onPreExecute: event=com.browserstack.v2.eventBus.Event@36225806 {hook=PRE, instance=com.browserstack.v2.instance.AutomationFrameworkInstance@89bf7a8, frameworkState=EXECUTE, arguments=[Ljava.lang.Object;@175f4d87, command=[10ef4ff50a1fae0bb16ac4ebf1d5d4f2c08d2bd7, findElement {using=id, value=org.wikipedia.alpha:id/search_src_text}]}
20:22:58.779 [wikiAppTest@0] INFO  c.b.v2.module.WebdriverModule - afterCommandExecute: event=com.browserstack.v2.eventBus.Event@67b58ed3
20:22:59.293 [wikiAppTest@0] INFO  c.b.v2.module.WebdriverModule - beforeCommandExecute: event=com.browserstack.v2.eventBus.Event@66893c4
20:22:59.294 [wikiAppTest@0] INFO  c.browserstack.v2.module.PercyModule - onPreExecute: event=com.browserstack.v2.eventBus.Event@66893c4 {hook=PRE, instance=com.browserstack.v2.instance.AutomationFrameworkInstance@89bf7a8, frameworkState=EXECUTE, arguments=[Ljava.lang.Object;@535fa462, command=[10ef4ff50a1fae0bb16ac4ebf1d5d4f2c08d2bd7, findElement {using=id, value=org.wikipedia.alpha:id/search_src_text}]}
20:22:59.590 [wikiAppTest@0] INFO  c.b.v2.module.WebdriverModule - afterCommandExecute: event=com.browserstack.v2.eventBus.Event@c7c635a
20:22:59.597 [wikiAppTest@0] INFO  c.b.v2.module.WebdriverModule - beforeCommandExecute: event=com.browserstack.v2.eventBus.Event@7bf59ba5
20:22:59.597 [wikiAppTest@0] INFO  c.browserstack.v2.module.PercyModule - onPreExecute: event=com.browserstack.v2.eventBus.Event@7bf59ba5 {hook=PRE, instance=com.browserstack.v2.instance.AutomationFrameworkInstance@89bf7a8, frameworkState=EXECUTE, arguments=[Ljava.lang.Object;@7fd0c7ce, command=[10ef4ff50a1fae0bb16ac4ebf1d5d4f2c08d2bd7, isElementDisplayed {id=00000000-0000-052f-ffff-ffff000000a2}]}
20:22:59.638 [wikiAppTest@0] INFO  c.b.v2.module.WebdriverModule - afterCommandExecute: event=com.browserstack.v2.eventBus.Event@10591ddd
20:22:59.646 [wikiAppTest@0] INFO  c.b.v2.module.WebdriverModule - beforeCommandExecute: event=com.browserstack.v2.eventBus.Event@1d88ecd1
20:22:59.646 [wikiAppTest@0] INFO  c.browserstack.v2.module.PercyModule - onPreExecute: event=com.browserstack.v2.eventBus.Event@1d88ecd1 {hook=PRE, instance=com.browserstack.v2.instance.AutomationFrameworkInstance@89bf7a8, frameworkState=EXECUTE, arguments=[Ljava.lang.Object;@649fb619, command=[10ef4ff50a1fae0bb16ac4ebf1d5d4f2c08d2bd7, isElementEnabled {id=00000000-0000-052f-ffff-ffff000000a2}]}
20:22:59.684 [wikiAppTest@0] INFO  c.b.v2.module.WebdriverModule - afterCommandExecute: event=com.browserstack.v2.eventBus.Event@3c70e8a2
20:22:59.728 [wikiAppTest@0] INFO  c.b.v2.framework.TestNgFramework - trackEvent: found instance, testFrameworkState=TestFrameworkState.LOG hookState=HookState.PRE instance=-507621420
20:22:59.728 [wikiAppTest@0] INFO  c.b.v2.framework.TestNgFramework - trackEvent: load log entries
20:22:59.731 [wikiAppTest@0] INFO  c.b.v2.module.TestHubModule - sendLogCreatedEvent: event=com.browserstack.v2.eventBus.Event@78303405, response=success: true

20:22:59.731 [wikiAppTest@0] INFO  c.b.v2.module.TestHubModule - sendLogCreatedEvent: event=com.browserstack.v2.eventBus.Event@78303405
20:22:59.749 [wikiAppTest@0] INFO  c.b.v2.framework.TestNgFramework - trackEvent: found instance, testFrameworkState=TestFrameworkState.LOG hookState=HookState.PRE instance=-507621420
20:22:59.749 [wikiAppTest@0] INFO  c.b.v2.framework.TestNgFramework - trackEvent: load log entries
20:22:59.751 [wikiAppTest@0] INFO  c.b.v2.module.TestHubModule - sendLogCreatedEvent: event=com.browserstack.v2.eventBus.Event@47ed3d99, response=success: true

20:22:59.751 [wikiAppTest@0] INFO  c.b.v2.module.TestHubModule - sendLogCreatedEvent: event=com.browserstack.v2.eventBus.Event@47ed3d99
20:22:59.756 [wikiAppTest@0] INFO  c.b.v2.module.WebdriverModule - beforeCommandExecute: event=com.browserstack.v2.eventBus.Event@14f57ebc
20:22:59.756 [wikiAppTest@0] INFO  c.browserstack.v2.module.PercyModule - onPreExecute: event=com.browserstack.v2.eventBus.Event@14f57ebc {hook=PRE, instance=com.browserstack.v2.instance.AutomationFrameworkInstance@89bf7a8, frameworkState=EXECUTE, arguments=[Ljava.lang.Object;@6efdba14, command=[10ef4ff50a1fae0bb16ac4ebf1d5d4f2c08d2bd7, sendKeysToElement {id=00000000-0000-052f-ffff-ffff000000a2, value=[Ljava.lang.CharSequence;@137058e0}]}
20:23:00.584 [wikiAppTest@0] INFO  c.b.v2.module.WebdriverModule - afterCommandExecute: event=com.browserstack.v2.eventBus.Event@5b54652a
20:23:05.601 [wikiAppTest@0] INFO  c.b.v2.module.WebdriverModule - beforeCommandExecute: event=com.browserstack.v2.eventBus.Event@2f4b388f
20:23:05.602 [wikiAppTest@0] INFO  c.browserstack.v2.module.PercyModule - onPreExecute: event=com.browserstack.v2.eventBus.Event@2f4b388f {hook=PRE, instance=com.browserstack.v2.instance.AutomationFrameworkInstance@89bf7a8, frameworkState=EXECUTE, arguments=[Ljava.lang.Object;@a01731e, command=[10ef4ff50a1fae0bb16ac4ebf1d5d4f2c08d2bd7, findElements {using=class name, value=android.widget.TextView}]}
20:23:05.712 [wikiAppTest@0] INFO  c.b.v2.module.WebdriverModule - afterCommandExecute: event=com.browserstack.v2.eventBus.Event@3c59fe5e
20:23:05.717 [wikiAppTest@0] INFO  c.b.v2.framework.TestNgFramework - trackEvent: found instance, testFrameworkState=TestFrameworkState.LOG_REPORT hookState=HookState.PRE instance=-507621420
20:23:05.717 [wikiAppTest@0] INFO  c.b.v2.framework.TestNgFramework - trackEvent: found instance, testFrameworkState=TestFrameworkState.LOG_REPORT hookState=HookState.POST instance=-507621420
20:23:05.717 [wikiAppTest@0] INFO  c.b.v2.framework.TestNgFramework - trackEvent: load test results
20:23:05.718 [wikiAppTest@0] INFO  c.b.v2.framework.TestNgFramework - trackEvent: found instance, testFrameworkState=TestFrameworkState.TEST hookState=HookState.POST instance=-507621420
20:23:05.718 [wikiAppTest@0] INFO  c.b.v2.module.WebdriverModule - onAfterTest: event=com.browserstack.v2.eventBus.Event@7db6cc2b
20:23:06.083 [wikiAppTest@0] ERROR c.b.utils.SeleniumMethodUtils - Done for sessionid 10ef4ff50a1fae0bb16ac4ebf1d5d4f2c08d2bd7
20:23:06.491 [wikiAppTest@0] INFO  c.b.v2.module.TestHubModule - onAfterTest: event={com.browserstack.v2.eventBus.Event@7db6cc2b}
20:23:06.507 [wikiAppTest@0] INFO  c.b.v2.module.TestHubModule - sendTestSessionEvent: event=com.browserstack.v2.eventBus.Event@7db6cc2b, response=success: true

20:23:06.517 [wikiAppTest@0] INFO  c.b.v2.module.TestHubModule - sendTestFrameworkEvent: event=com.browserstack.v2.eventBus.Event@7db6cc2b, response=success: true

20:23:06.521 [wikiAppTest@0] INFO  c.browserstack.v2.module.PercyModule - onPostExecute: event=com.browserstack.v2.eventBus.Event@7db6cc2b
20:23:06.521 [wikiAppTest@0] INFO  c.b.v2.framework.TestNgFramework - trackEvent: found instance, testFrameworkState=TestFrameworkState.LOG_REPORT hookState=HookState.PRE instance=-507621420
20:23:06.521 [wikiAppTest@0] INFO  c.b.v2.framework.TestNgFramework - trackEvent: found instance, testFrameworkState=TestFrameworkState.LOG_REPORT hookState=HookState.POST instance=-507621420
20:23:06.521 [wikiAppTest@0] INFO  c.b.v2.framework.TestNgFramework - trackEvent: load test results
20:23:06.522 [wikiAppTest@0] INFO  c.b.v2.framework.TestNgFramework - trackEvent: found instance, testFrameworkState=TestFrameworkState.TEST hookState=HookState.POST instance=-507621420
20:23:06.522 [wikiAppTest@0] INFO  c.b.v2.module.WebdriverModule - onAfterTest: event=com.browserstack.v2.eventBus.Event@3751a455
20:23:06.895 [wikiAppTest@0] ERROR c.b.utils.SeleniumMethodUtils - Done for sessionid 10ef4ff50a1fae0bb16ac4ebf1d5d4f2c08d2bd7
20:23:07.233 [wikiAppTest@0] INFO  c.b.v2.module.TestHubModule - onAfterTest: event={com.browserstack.v2.eventBus.Event@3751a455}
20:23:07.237 [wikiAppTest@0] INFO  c.b.v2.module.TestHubModule - sendTestFrameworkEvent: event=com.browserstack.v2.eventBus.Event@3751a455, response=success: true

20:23:07.238 [wikiAppTest@0] INFO  c.browserstack.v2.module.PercyModule - onPostExecute: event=com.browserstack.v2.eventBus.Event@3751a455
20:23:07.240 [wikiAppTest@0] INFO  c.b.v2.framework.TestNgFramework - trackEvent: found instance, testFrameworkState=TestFrameworkState.AFTER_METHOD hookState=HookState.PRE instance=-507621420
20:23:07.240 [wikiAppTest@0] INFO  c.b.v2.framework.TestNgFramework - trackEvent: track hook events
20:23:07.288 [wikiAppTest@0] INFO  c.b.v2.framework.TestNgFramework - args CHECK = [TestResult name=tearDown status=STARTED method=AndroidBaseTest.tearDown()[pri:0, instance:app.android.AndroidTest@7efd28bd] output={null}]
20:23:07.288 [wikiAppTest@0] INFO  c.b.v2.framework.TestNgFramework - Hook Started in PRE key = AFTER_METHOD & hook = {hook_name=tearDown, hook_result=pending, test_file_path=DemoTestngSDK/src/test/java/app/android/AndroidTest.java, event_started_at=2025-04-18T20:23:07.288622, hook_id=62c84dd9-a4af-436c-8ae4-19acbd02e2df, hook_logs=[], key=AFTER_METHOD, custom_metadata={}, test_location=DemoTestngSDK/src/test/java/app/android/AndroidTest.java}  and args = [[TestResult name=tearDown status=STARTED method=AndroidBaseTest.tearDown()[pri:0, instance:app.android.AndroidTest@7efd28bd] output={null}], AndroidBaseTest.tearDown()[pri:0, instance:app.android.AndroidTest@7efd28bd]]
20:23:07.288 [wikiAppTest@0] INFO  c.b.v2.framework.TestNgFramework - trackHookEvents: hook state=AFTER_METHOD.HookState.PRE , hooks started={BEFORE_METHOD=[], AFTER_METHOD=[{hook_name=tearDown, hook_result=pending, test_file_path=DemoTestngSDK/src/test/java/app/android/AndroidTest.java, event_started_at=2025-04-18T20:23:07.288622, hook_id=62c84dd9-a4af-436c-8ae4-19acbd02e2df, hook_logs=[], key=AFTER_METHOD, custom_metadata={}, test_location=DemoTestngSDK/src/test/java/app/android/AndroidTest.java}]} , hooks finished={BEFORE_METHOD=[{hook_name=setUp, hook_result=passed, test_file_path=DemoTestngSDK/src/test/java/app/android/AndroidTest.java, event_started_at=2025-04-18T20:22:36.842089, hook_id=f5bf4ccf-705e-4a20-92cd-f184633cbe30, hook_logs=[], logs=[], key=BEFORE_METHOD, custom_metadata={}, event_ended_at=2025-04-18T20:22:56.759185, test_location=DemoTestngSDK/src/test/java/app/android/AndroidTest.java}], AFTER_METHOD=[]}
20:23:07.293 [wikiAppTest@0] INFO  c.b.v2.module.TestHubModule - sendTestFrameworkEvent: event=com.browserstack.v2.eventBus.Event@66d3fcfd, response=success: true

20:23:07.294 [tearDown@0] INFO  c.b.v2.module.WebdriverModule - onDriverQuit: event=com.browserstack.v2.eventBus.Event@50c50b3a
20:23:07.329 [tearDown@0] INFO  c.b.v2.framework.TestNgFramework - trackEvent: found instance, testFrameworkState=TestFrameworkState.LOG hookState=HookState.PRE instance=-507621420
20:23:07.329 [tearDown@0] INFO  c.b.v2.framework.TestNgFramework - trackEvent: load log entries
20:23:07.331 [tearDown@0] INFO  c.b.v2.module.TestHubModule - sendLogCreatedEvent: event=com.browserstack.v2.eventBus.Event@540ccd92, response=success: true

20:23:07.331 [tearDown@0] INFO  c.b.v2.module.TestHubModule - sendLogCreatedEvent: event=com.browserstack.v2.eventBus.Event@540ccd92
20:23:07.368 [tearDown@0] INFO  c.b.v2.framework.TestNgFramework - trackEvent: found instance, testFrameworkState=TestFrameworkState.LOG hookState=HookState.PRE instance=-507621420
20:23:07.368 [tearDown@0] INFO  c.b.v2.framework.TestNgFramework - trackEvent: load log entries
20:23:07.370 [tearDown@0] INFO  c.b.v2.module.TestHubModule - sendLogCreatedEvent: event=com.browserstack.v2.eventBus.Event@cf13700, response=success: true

20:23:07.370 [tearDown@0] INFO  c.b.v2.module.TestHubModule - sendLogCreatedEvent: event=com.browserstack.v2.eventBus.Event@cf13700
20:23:07.381 [tearDown@0] INFO  c.b.v2.module.WebdriverModule - beforeCommandExecute: event=com.browserstack.v2.eventBus.Event@514fcbe3
20:23:07.381 [tearDown@0] INFO  c.browserstack.v2.module.PercyModule - onPreExecute: event=com.browserstack.v2.eventBus.Event@514fcbe3 {hook=PRE, instance=com.browserstack.v2.instance.AutomationFrameworkInstance@89bf7a8, frameworkState=EXECUTE, arguments=[Ljava.lang.Object;@4f2a70fa, command=[10ef4ff50a1fae0bb16ac4ebf1d5d4f2c08d2bd7, quit {}]}
20:23:07.382 [tearDown@0] INFO  c.b.v2.module.WebdriverModule - beforeCommandExecute: event=com.browserstack.v2.eventBus.Event@290cd3c9
20:23:07.382 [tearDown@0] INFO  c.browserstack.v2.module.PercyModule - onPreExecute: event=com.browserstack.v2.eventBus.Event@290cd3c9 {hook=PRE, instance=com.browserstack.v2.instance.AutomationFrameworkInstance@89bf7a8, frameworkState=EXECUTE, arguments=[Ljava.lang.Object;@6b315d8, command=[10ef4ff50a1fae0bb16ac4ebf1d5d4f2c08d2bd7, quit {}]}
20:23:08.722 [tearDown@0] INFO  c.b.v2.module.WebdriverModule - afterCommandExecute: event=com.browserstack.v2.eventBus.Event@1a820854
20:23:08.723 [tearDown@0] INFO  c.b.v2.module.WebdriverModule - afterCommandExecute: event=com.browserstack.v2.eventBus.Event@465a86a
20:23:08.723 [tearDown@0] INFO  c.b.v2.framework.TestNgFramework - trackEvent: found instance, testFrameworkState=TestFrameworkState.AFTER_METHOD hookState=HookState.POST instance=-507621420
20:23:08.723 [tearDown@0] INFO  c.b.v2.framework.TestNgFramework - trackEvent: track hook events
20:23:08.748 [tearDown@0] INFO  c.b.v2.framework.TestNgFramework - args CHECK = [TestResult name=tearDown status=SUCCESS method=AndroidBaseTest.tearDown()[pri:0, instance:app.android.AndroidTest@7efd28bd] output={null}]
20:23:08.749 [tearDown@0] INFO  c.b.v2.framework.TestNgFramework - Hook List in Post [{hook_name=tearDown, hook_result=pending, test_file_path=DemoTestngSDK/src/test/java/app/android/AndroidTest.java, event_started_at=2025-04-18T20:23:07.288622, hook_id=62c84dd9-a4af-436c-8ae4-19acbd02e2df, hook_logs=[], key=AFTER_METHOD, custom_metadata={}, test_location=DemoTestngSDK/src/test/java/app/android/AndroidTest.java}] and args = [[TestResult name=tearDown status=SUCCESS method=AndroidBaseTest.tearDown()[pri:0, instance:app.android.AndroidTest@7efd28bd] output={null}], AndroidBaseTest.tearDown()[pri:0, instance:app.android.AndroidTest@7efd28bd]]
20:23:08.749 [tearDown@0] INFO  c.b.v2.framework.TestNgFramework - Processing HookLevel attachments from directory: /Users/nithyamani/.browserstack/UploadedAttachments-54/HookLevel
20:23:08.749 [tearDown@0] INFO  c.b.v2.framework.TestNgFramework - Checking hookLevelFiles: []
20:23:08.749 [tearDown@0] INFO  c.b.v2.framework.TestNgFramework - checking Paths of files = /Users/nithyamani/.browserstack/UploadedAttachments-54/HookLevel/BuildLevelHookEvent and abs path = /Users/nithyamani/.browserstack/UploadedAttachments-54/HookLevel/BuildLevelHookEvent 
20:23:08.749 [tearDown@0] INFO  c.b.v2.framework.TestNgFramework - Processing BuildLevelHookEvent attachments from directory: /Users/nithyamani/.browserstack/UploadedAttachments-54/HookLevel/BuildLevelHookEvent
20:23:08.749 [tearDown@0] INFO  c.b.v2.framework.TestNgFramework - Processing TestLevel attachments eventLogs: []
20:23:08.749 [tearDown@0] INFO  c.b.v2.framework.TestNgFramework - sendLogCreatedEvent: No Log Events to send
20:23:08.749 [tearDown@0] INFO  c.b.v2.framework.TestNgFramework - trackHookEvents: hook state=AFTER_METHOD.HookState.POST , hooks started={BEFORE_METHOD=[], AFTER_METHOD=[]} , hooks finished={BEFORE_METHOD=[{hook_name=setUp, hook_result=passed, test_file_path=DemoTestngSDK/src/test/java/app/android/AndroidTest.java, event_started_at=2025-04-18T20:22:36.842089, hook_id=f5bf4ccf-705e-4a20-92cd-f184633cbe30, hook_logs=[], logs=[], key=BEFORE_METHOD, custom_metadata={}, event_ended_at=2025-04-18T20:22:56.759185, test_location=DemoTestngSDK/src/test/java/app/android/AndroidTest.java}], AFTER_METHOD=[{hook_name=tearDown, hook_result=passed, test_file_path=DemoTestngSDK/src/test/java/app/android/AndroidTest.java, event_started_at=2025-04-18T20:23:07.288622, hook_id=62c84dd9-a4af-436c-8ae4-19acbd02e2df, hook_logs=[], logs=[], key=AFTER_METHOD, custom_metadata={}, event_ended_at=2025-04-18T20:23:08.749075, test_location=DemoTestngSDK/src/test/java/app/android/AndroidTest.java}]}
20:23:08.753 [tearDown@0] INFO  c.b.v2.module.TestHubModule - sendTestFrameworkEvent: event=com.browserstack.v2.eventBus.Event@767ed7f9, response=success: true

20:23:08.757 [tearDown@0] INFO  c.b.v2.framework.TestNgFramework - trackTestNgTest: saved instance contextId=-507621420 target=AndroidTest-0@0 instances=[-507621420]
20:23:08.757 [tearDown@0] INFO  c.b.v2.framework.TestNgFramework - trackEvent: found instance, testFrameworkState=TestFrameworkState.BEFORE_METHOD hookState=HookState.PRE instance=-507621420
20:23:08.757 [tearDown@0] INFO  c.b.v2.framework.TestNgFramework - trackEvent: loaded common test data, testFrameworkState=TestFrameworkState.BEFORE_METHOD hookState=HookState.PRE instance=-507621420
20:23:08.757 [tearDown@0] INFO  c.b.v2.framework.TestNgFramework - trackEvent: track hook events
20:23:08.770 [tearDown@0] INFO  c.b.v2.framework.TestNgFramework - args CHECK = [TestResult name=setUp status=STARTED method=AndroidBaseTest.setUp()[pri:0, instance:app.android.AndroidTest@7efd28bd] output={null}]
20:23:08.771 [tearDown@0] INFO  c.b.v2.framework.TestNgFramework - Hook Started in PRE key = BEFORE_METHOD & hook = {hook_name=setUp, hook_result=pending, test_file_path=DemoTestngSDK/src/test/java/app/android/AndroidTest.java, event_started_at=2025-04-18T20:23:08.770980, hook_id=d667fead-0519-4fd8-90c3-65d997758a35, hook_logs=[], key=BEFORE_METHOD, custom_metadata={}, test_location=DemoTestngSDK/src/test/java/app/android/AndroidTest.java}  and args = [[TestResult name=setUp status=STARTED method=AndroidBaseTest.setUp()[pri:0, instance:app.android.AndroidTest@7efd28bd] output={null}], AndroidBaseTest.setUp()[pri:0, instance:app.android.AndroidTest@7efd28bd]]
20:23:08.771 [tearDown@0] INFO  c.b.v2.framework.TestNgFramework - trackHookEvents: hook state=BEFORE_METHOD.HookState.PRE , hooks started={BEFORE_METHOD=[{hook_name=setUp, hook_result=pending, test_file_path=DemoTestngSDK/src/test/java/app/android/AndroidTest.java, event_started_at=2025-04-18T20:23:08.770980, hook_id=d667fead-0519-4fd8-90c3-65d997758a35, hook_logs=[], key=BEFORE_METHOD, custom_metadata={}, test_location=DemoTestngSDK/src/test/java/app/android/AndroidTest.java}]} , hooks finished={BEFORE_METHOD=[]}
20:23:08.774 [tearDown@0] INFO  c.b.v2.module.TestHubModule - sendTestFrameworkEvent: event=com.browserstack.v2.eventBus.Event@3783e40d, response=success: true

20:23:08.776 [setUp@0] INFO  c.b.v2.framework.SeleniumFramework - trackSeleniumTest: saved instance contextId=-28718188 target=27192:54 instances=[-28718188]
20:23:08.776 [setUp@0] INFO  c.b.v2.module.WebdriverModule - onBeforeDriverCreate: event=com.browserstack.v2.eventBus.Event@6b6fd0e2
20:23:08.789 [setUp@0] INFO  c.b.v2.module.WebdriverModule - beforeCommandExecute: event=com.browserstack.v2.eventBus.Event@5818fb8b
20:23:08.790 [setUp@0] INFO  c.browserstack.v2.module.PercyModule - onPreExecute: event=com.browserstack.v2.eventBus.Event@5818fb8b {hook=PRE, instance=com.browserstack.v2.instance.AutomationFrameworkInstance@22217df4, frameworkState=EXECUTE, arguments=[Ljava.lang.Object;@552f6b96, command=[null, newSession {capabilities=[{appium:app=bs://ab4ef2728d55a1407af120d11574fed602946647, bstack:options={userName=nithyamani3, accessKey=zQxNpUZ5pLuExoGFY68v, projectName=Demo SDK Appium Android, buildName=browserstack-testng-appium-suite 2.6.0, buildIdentifier=#5, source=testng:appium-sample-sdk:v1.0, appProfiling=true, appiumVersion=2.6.0, debug=false, networkLogs=true, consoleLogs=errors, interactiveDebugging=true, osVersion=11, platformName=android, hostName=NithyaMani-X7PQL3QXY5, browserstackSDK=TestNG-javaagent/1.32.2, buildProductMap={observability=true, accessibility=false, percy=true, automate=false, app_automate=true}, deviceName=Samsung Galaxy S21, useW3C=true, accessibilityOptions={}, testhubBuildUuid=n4s4hycwc0egngjyltswiwey9uezcy7vtbj7yr0g}}], desiredCapabilities=Capabilities {appium:app: bs://ab4ef2728d55a1407af120..., bstack:options: {accessKey: zQxNpUZ5pLuExoGFY68v, accessibilityOptions: {}, appProfiling: true, appiumVersion: 2.6.0, browserstackSDK: TestNG-javaagent/1.32.2, buildIdentifier: #5, buildName: browserstack-testng-appium-..., buildProductMap: {accessibility: false, app_automate: true, automate: false, observability: true, percy: true}, consoleLogs: errors, debug: false, deviceName: Samsung Galaxy S21, hostName: NithyaMani-X7PQL3QXY5, interactiveDebugging: true, networkLogs: true, osVersion: 11, platformName: android, projectName: Demo SDK Appium Android, source: testng:appium-sample-sdk:v1.0, testhubBuildUuid: n4s4hycwc0egngjyltswiwey9ue..., useW3C: true, userName: nithyamani3}}}]}
20:23:28.108 [setUp@0] INFO  c.b.v2.module.WebdriverModule - afterCommandExecute: event=com.browserstack.v2.eventBus.Event@3c43b6c5
20:23:28.110 [setUp@0] INFO  c.b.v2.framework.SeleniumFramework - trackSeleniumTest: saved instance contextId=-28718188 target=27192:54 instances=[-28718188]
20:23:28.110 [setUp@0] INFO  c.b.v2.module.WebdriverModule - onDriverCreated: event=com.browserstack.v2.eventBus.Event@5266274b
20:23:28.110 [setUp@0] INFO  c.b.v2.module.WebdriverModule - Found session id=2730a38f65086b5ad4a8b920e278815fb3298ee0 for instance=com.browserstack.v2.instance.AutomationFrameworkInstance@22217df4
20:23:28.111 [setUp@0] INFO  c.b.v2.module.WebdriverModule - Driver added successfully to automationFramework
20:23:28.131 [setUp@0] INFO  c.b.v2.framework.TestNgFramework - trackEvent: found instance, testFrameworkState=TestFrameworkState.BEFORE_METHOD hookState=HookState.POST instance=-507621420
20:23:28.131 [setUp@0] INFO  c.b.v2.framework.TestNgFramework - trackEvent: loaded common test data, testFrameworkState=TestFrameworkState.BEFORE_METHOD hookState=HookState.POST instance=-507621420
20:23:28.131 [setUp@0] INFO  c.b.v2.framework.TestNgFramework - trackEvent: track hook events
20:23:28.152 [setUp@0] INFO  c.b.v2.framework.TestNgFramework - args CHECK = [TestResult name=setUp status=SUCCESS method=AndroidBaseTest.setUp()[pri:0, instance:app.android.AndroidTest@7efd28bd] output={null}]
20:23:28.152 [setUp@0] INFO  c.b.v2.framework.TestNgFramework - Hook List in Post [{hook_name=setUp, hook_result=pending, test_file_path=DemoTestngSDK/src/test/java/app/android/AndroidTest.java, event_started_at=2025-04-18T20:23:08.770980, hook_id=d667fead-0519-4fd8-90c3-65d997758a35, hook_logs=[], key=BEFORE_METHOD, custom_metadata={}, test_location=DemoTestngSDK/src/test/java/app/android/AndroidTest.java}] and args = [[TestResult name=setUp status=SUCCESS method=AndroidBaseTest.setUp()[pri:0, instance:app.android.AndroidTest@7efd28bd] output={null}], AndroidBaseTest.setUp()[pri:0, instance:app.android.AndroidTest@7efd28bd]]
20:23:28.153 [setUp@0] INFO  c.b.v2.framework.TestNgFramework - Processing HookLevel attachments from directory: /Users/nithyamani/.browserstack/UploadedAttachments-54/HookLevel
20:23:28.153 [setUp@0] INFO  c.b.v2.framework.TestNgFramework - Checking hookLevelFiles: []
20:23:28.153 [setUp@0] INFO  c.b.v2.framework.TestNgFramework - checking Paths of files = /Users/nithyamani/.browserstack/UploadedAttachments-54/HookLevel/BuildLevelHookEvent and abs path = /Users/nithyamani/.browserstack/UploadedAttachments-54/HookLevel/BuildLevelHookEvent 
20:23:28.153 [setUp@0] INFO  c.b.v2.framework.TestNgFramework - Processing BuildLevelHookEvent attachments from directory: /Users/nithyamani/.browserstack/UploadedAttachments-54/HookLevel/BuildLevelHookEvent
20:23:28.153 [setUp@0] INFO  c.b.v2.framework.TestNgFramework - Processing TestLevel attachments eventLogs: []
20:23:28.153 [setUp@0] INFO  c.b.v2.framework.TestNgFramework - sendLogCreatedEvent: No Log Events to send
20:23:28.153 [setUp@0] INFO  c.b.v2.framework.TestNgFramework - trackHookEvents: hook state=BEFORE_METHOD.HookState.POST , hooks started={BEFORE_METHOD=[]} , hooks finished={BEFORE_METHOD=[{hook_name=setUp, hook_result=passed, test_file_path=DemoTestngSDK/src/test/java/app/android/AndroidTest.java, event_started_at=2025-04-18T20:23:08.770980, hook_id=d667fead-0519-4fd8-90c3-65d997758a35, hook_logs=[], logs=[], key=BEFORE_METHOD, custom_metadata={}, event_ended_at=2025-04-18T20:23:28.153007, test_location=DemoTestngSDK/src/test/java/app/android/AndroidTest.java}]}
20:23:28.156 [setUp@0] INFO  c.b.v2.module.TestHubModule - sendTestFrameworkEvent: event=com.browserstack.v2.eventBus.Event@7e97a8a3, response=success: true

20:23:28.159 [setUp@0] INFO  c.b.v2.framework.TestNgFramework - trackEvent: found instance, testFrameworkState=TestFrameworkState.TEST hookState=HookState.PRE instance=-507621420
20:23:28.172 [setUp@0] INFO  c.b.v2.framework.TestNgFramework - trackEvent: loaded initial test data to instance, testFrameworkState=TestFrameworkState.TEST hookState=HookState.PRE instance=-507621420
20:23:28.172 [setUp@0] INFO  c.b.v2.module.WebdriverModule - onBeforeTest: event=com.browserstack.v2.eventBus.Event@8333871
20:23:28.174 [setUp@0] INFO  c.b.v2.module.TestHubModule - sendTestFrameworkEvent: event=com.browserstack.v2.eventBus.Event@8333871, response=success: true

20:23:28.175 [setUp@0] INFO  c.b.v2.module.ObservabilityModule - onBeforeTest: event={instance=com.browserstack.v2.instance.TestFrameworkInstance@5f91608a, testFrameworkState=TestFrameworkState.TEST, testInstance=com.browserstack.v2.instance.TestFrameworkInstance@5f91608a, hookState=HookState.PRE}
20:23:28.175 [setUp@0] INFO  c.b.v2.module.ObservabilityModule - performO11ySync: Performing O11y Sync
20:23:28.195 [wikiAppTest@0] INFO  c.b.v2.module.WebdriverModule - beforeCommandExecute: event=com.browserstack.v2.eventBus.Event@56a4061d
20:23:28.195 [wikiAppTest@0] INFO  c.browserstack.v2.module.PercyModule - onPreExecute: event=com.browserstack.v2.eventBus.Event@56a4061d {hook=PRE, instance=com.browserstack.v2.instance.AutomationFrameworkInstance@22217df4, frameworkState=EXECUTE, arguments=[Ljava.lang.Object;@7a8d1442, command=[2730a38f65086b5ad4a8b920e278815fb3298ee0, findElement {using=accessibility id, value=Search Wikipedia}]}
20:23:29.009 [wikiAppTest@0] INFO  c.b.v2.module.WebdriverModule - afterCommandExecute: event=com.browserstack.v2.eventBus.Event@5cd8734e
20:23:29.014 [wikiAppTest@0] INFO  c.b.v2.module.WebdriverModule - beforeCommandExecute: event=com.browserstack.v2.eventBus.Event@d17f8cd
20:23:29.014 [wikiAppTest@0] INFO  c.browserstack.v2.module.PercyModule - onPreExecute: event=com.browserstack.v2.eventBus.Event@d17f8cd {hook=PRE, instance=com.browserstack.v2.instance.AutomationFrameworkInstance@22217df4, frameworkState=EXECUTE, arguments=[Ljava.lang.Object;@6a2512f0, command=[2730a38f65086b5ad4a8b920e278815fb3298ee0, isElementDisplayed {id=00000000-0000-031b-ffff-ffff00000036}]}
20:23:29.048 [wikiAppTest@0] INFO  c.b.v2.module.WebdriverModule - afterCommandExecute: event=com.browserstack.v2.eventBus.Event@75f85ef9
20:23:29.052 [wikiAppTest@0] INFO  c.b.v2.module.WebdriverModule - beforeCommandExecute: event=com.browserstack.v2.eventBus.Event@3b65a7dd
20:23:29.053 [wikiAppTest@0] INFO  c.browserstack.v2.module.PercyModule - onPreExecute: event=com.browserstack.v2.eventBus.Event@3b65a7dd {hook=PRE, instance=com.browserstack.v2.instance.AutomationFrameworkInstance@22217df4, frameworkState=EXECUTE, arguments=[Ljava.lang.Object;@799580d3, command=[2730a38f65086b5ad4a8b920e278815fb3298ee0, isElementEnabled {id=00000000-0000-031b-ffff-ffff00000036}]}
20:23:29.086 [wikiAppTest@0] INFO  c.b.v2.module.WebdriverModule - afterCommandExecute: event=com.browserstack.v2.eventBus.Event@4ead168e
20:23:29.093 [wikiAppTest@0] INFO  c.b.v2.module.WebdriverModule - beforeCommandExecute: event=com.browserstack.v2.eventBus.Event@66e5598b
20:23:29.093 [wikiAppTest@0] INFO  c.browserstack.v2.module.PercyModule - onPreExecute: event=com.browserstack.v2.eventBus.Event@66e5598b {hook=PRE, instance=com.browserstack.v2.instance.AutomationFrameworkInstance@22217df4, frameworkState=EXECUTE, arguments=[Ljava.lang.Object;@33a3ce9c, command=[2730a38f65086b5ad4a8b920e278815fb3298ee0, clickElement {id=00000000-0000-031b-ffff-ffff00000036}]}
20:23:30.298 [wikiAppTest@0] INFO  c.b.v2.module.WebdriverModule - afterCommandExecute: event=com.browserstack.v2.eventBus.Event@61486ffb
20:23:30.306 [wikiAppTest@0] INFO  c.b.v2.module.WebdriverModule - beforeCommandExecute: event=com.browserstack.v2.eventBus.Event@651d68c2
20:23:30.307 [wikiAppTest@0] INFO  c.browserstack.v2.module.PercyModule - onPreExecute: event=com.browserstack.v2.eventBus.Event@651d68c2 {hook=PRE, instance=com.browserstack.v2.instance.AutomationFrameworkInstance@22217df4, frameworkState=EXECUTE, arguments=[Ljava.lang.Object;@256bbfc7, command=[2730a38f65086b5ad4a8b920e278815fb3298ee0, findElement {using=id, value=org.wikipedia.alpha:id/search_src_text}]}
20:23:30.427 [wikiAppTest@0] INFO  c.b.v2.module.WebdriverModule - afterCommandExecute: event=com.browserstack.v2.eventBus.Event@431c8e19
20:23:30.436 [wikiAppTest@0] INFO  c.b.v2.module.WebdriverModule - beforeCommandExecute: event=com.browserstack.v2.eventBus.Event@2f7bf3a5
20:23:30.436 [wikiAppTest@0] INFO  c.browserstack.v2.module.PercyModule - onPreExecute: event=com.browserstack.v2.eventBus.Event@2f7bf3a5 {hook=PRE, instance=com.browserstack.v2.instance.AutomationFrameworkInstance@22217df4, frameworkState=EXECUTE, arguments=[Ljava.lang.Object;@6099c1c6, command=[2730a38f65086b5ad4a8b920e278815fb3298ee0, isElementDisplayed {id=00000000-0000-031b-ffff-ffff000000a2}]}
20:23:30.484 [wikiAppTest@0] INFO  c.b.v2.module.WebdriverModule - afterCommandExecute: event=com.browserstack.v2.eventBus.Event@4752e78a
20:23:30.489 [wikiAppTest@0] INFO  c.b.v2.module.WebdriverModule - beforeCommandExecute: event=com.browserstack.v2.eventBus.Event@626c8d0c
20:23:30.489 [wikiAppTest@0] INFO  c.browserstack.v2.module.PercyModule - onPreExecute: event=com.browserstack.v2.eventBus.Event@626c8d0c {hook=PRE, instance=com.browserstack.v2.instance.AutomationFrameworkInstance@22217df4, frameworkState=EXECUTE, arguments=[Ljava.lang.Object;@4c55f776, command=[2730a38f65086b5ad4a8b920e278815fb3298ee0, isElementEnabled {id=00000000-0000-031b-ffff-ffff000000a2}]}
20:23:30.532 [wikiAppTest@0] INFO  c.b.v2.module.WebdriverModule - afterCommandExecute: event=com.browserstack.v2.eventBus.Event@1c6b27c1
20:23:30.585 [wikiAppTest@0] INFO  c.b.v2.framework.TestNgFramework - trackEvent: found instance, testFrameworkState=TestFrameworkState.LOG hookState=HookState.PRE instance=-507621420
20:23:30.586 [wikiAppTest@0] INFO  c.b.v2.framework.TestNgFramework - trackEvent: load log entries
20:23:30.590 [wikiAppTest@0] INFO  c.b.v2.module.TestHubModule - sendLogCreatedEvent: event=com.browserstack.v2.eventBus.Event@4807ac98, response=success: true

20:23:30.590 [wikiAppTest@0] INFO  c.b.v2.module.TestHubModule - sendLogCreatedEvent: event=com.browserstack.v2.eventBus.Event@4807ac98
20:23:30.615 [wikiAppTest@0] INFO  c.b.v2.framework.TestNgFramework - trackEvent: found instance, testFrameworkState=TestFrameworkState.LOG hookState=HookState.PRE instance=-507621420
20:23:30.615 [wikiAppTest@0] INFO  c.b.v2.framework.TestNgFramework - trackEvent: load log entries
20:23:30.617 [wikiAppTest@0] INFO  c.b.v2.module.TestHubModule - sendLogCreatedEvent: event=com.browserstack.v2.eventBus.Event@1c82a837, response=success: true

20:23:30.618 [wikiAppTest@0] INFO  c.b.v2.module.TestHubModule - sendLogCreatedEvent: event=com.browserstack.v2.eventBus.Event@1c82a837
20:23:30.628 [wikiAppTest@0] INFO  c.b.v2.module.WebdriverModule - beforeCommandExecute: event=com.browserstack.v2.eventBus.Event@191949d2
20:23:30.628 [wikiAppTest@0] INFO  c.browserstack.v2.module.PercyModule - onPreExecute: event=com.browserstack.v2.eventBus.Event@191949d2 {hook=PRE, instance=com.browserstack.v2.instance.AutomationFrameworkInstance@22217df4, frameworkState=EXECUTE, arguments=[Ljava.lang.Object;@137e036b, command=[2730a38f65086b5ad4a8b920e278815fb3298ee0, sendKeysToElement {id=00000000-0000-031b-ffff-ffff000000a2, value=[Ljava.lang.CharSequence;@69688ad2}]}
20:23:30.733 [wikiAppTest@0] INFO  c.b.v2.module.WebdriverModule - afterCommandExecute: event=com.browserstack.v2.eventBus.Event@5de60567
20:23:35.749 [wikiAppTest@0] INFO  c.b.v2.module.WebdriverModule - beforeCommandExecute: event=com.browserstack.v2.eventBus.Event@f95bcb
20:23:35.749 [wikiAppTest@0] INFO  c.browserstack.v2.module.PercyModule - onPreExecute: event=com.browserstack.v2.eventBus.Event@f95bcb {hook=PRE, instance=com.browserstack.v2.instance.AutomationFrameworkInstance@22217df4, frameworkState=EXECUTE, arguments=[Ljava.lang.Object;@91af37e, command=[2730a38f65086b5ad4a8b920e278815fb3298ee0, findElements {using=class name, value=android.widget.TextView}]}
20:23:35.881 [wikiAppTest@0] INFO  c.b.v2.module.WebdriverModule - afterCommandExecute: event=com.browserstack.v2.eventBus.Event@7715a0fe
20:23:35.884 [wikiAppTest@0] INFO  c.b.v2.framework.TestNgFramework - trackEvent: found instance, testFrameworkState=TestFrameworkState.LOG_REPORT hookState=HookState.PRE instance=-507621420
20:23:35.884 [wikiAppTest@0] INFO  c.b.v2.framework.TestNgFramework - trackEvent: found instance, testFrameworkState=TestFrameworkState.LOG_REPORT hookState=HookState.POST instance=-507621420
20:23:35.884 [wikiAppTest@0] INFO  c.b.v2.framework.TestNgFramework - trackEvent: load test results
20:23:35.885 [wikiAppTest@0] INFO  c.b.v2.framework.TestNgFramework - trackEvent: found instance, testFrameworkState=TestFrameworkState.TEST hookState=HookState.POST instance=-507621420
20:23:35.885 [wikiAppTest@0] INFO  c.b.v2.module.WebdriverModule - onAfterTest: event=com.browserstack.v2.eventBus.Event@3e3dff10
20:23:36.350 [wikiAppTest@0] ERROR c.b.utils.SeleniumMethodUtils - Done for sessionid 2730a38f65086b5ad4a8b920e278815fb3298ee0
20:23:36.748 [wikiAppTest@0] INFO  c.b.v2.module.TestHubModule - onAfterTest: event={com.browserstack.v2.eventBus.Event@3e3dff10}
20:23:36.759 [wikiAppTest@0] INFO  c.b.v2.module.TestHubModule - sendTestSessionEvent: event=com.browserstack.v2.eventBus.Event@3e3dff10, response=success: true

20:23:36.770 [wikiAppTest@0] INFO  c.b.v2.module.TestHubModule - sendTestFrameworkEvent: event=com.browserstack.v2.eventBus.Event@3e3dff10, response=success: true

20:23:36.774 [wikiAppTest@0] INFO  c.browserstack.v2.module.PercyModule - onPostExecute: event=com.browserstack.v2.eventBus.Event@3e3dff10
20:23:36.775 [wikiAppTest@0] INFO  c.b.v2.framework.TestNgFramework - trackEvent: found instance, testFrameworkState=TestFrameworkState.AFTER_METHOD hookState=HookState.PRE instance=-507621420
20:23:36.775 [wikiAppTest@0] INFO  c.b.v2.framework.TestNgFramework - trackEvent: track hook events
20:23:36.798 [wikiAppTest@0] INFO  c.b.v2.framework.TestNgFramework - args CHECK = [TestResult name=tearDown status=STARTED method=AndroidBaseTest.tearDown()[pri:0, instance:app.android.AndroidTest@7efd28bd] output={null}]
20:23:36.798 [wikiAppTest@0] INFO  c.b.v2.framework.TestNgFramework - Hook Started in PRE key = AFTER_METHOD & hook = {hook_name=tearDown, hook_result=pending, test_file_path=DemoTestngSDK/src/test/java/app/android/AndroidTest.java, event_started_at=2025-04-18T20:23:36.798418, hook_id=3326eec0-f244-4c1c-bfbd-63a21a430002, hook_logs=[], key=AFTER_METHOD, custom_metadata={}, test_location=DemoTestngSDK/src/test/java/app/android/AndroidTest.java}  and args = [[TestResult name=tearDown status=STARTED method=AndroidBaseTest.tearDown()[pri:0, instance:app.android.AndroidTest@7efd28bd] output={null}], AndroidBaseTest.tearDown()[pri:0, instance:app.android.AndroidTest@7efd28bd]]
20:23:36.798 [wikiAppTest@0] INFO  c.b.v2.framework.TestNgFramework - trackHookEvents: hook state=AFTER_METHOD.HookState.PRE , hooks started={BEFORE_METHOD=[], AFTER_METHOD=[{hook_name=tearDown, hook_result=pending, test_file_path=DemoTestngSDK/src/test/java/app/android/AndroidTest.java, event_started_at=2025-04-18T20:23:36.798418, hook_id=3326eec0-f244-4c1c-bfbd-63a21a430002, hook_logs=[], key=AFTER_METHOD, custom_metadata={}, test_location=DemoTestngSDK/src/test/java/app/android/AndroidTest.java}]} , hooks finished={BEFORE_METHOD=[{hook_name=setUp, hook_result=passed, test_file_path=DemoTestngSDK/src/test/java/app/android/AndroidTest.java, event_started_at=2025-04-18T20:23:08.770980, hook_id=d667fead-0519-4fd8-90c3-65d997758a35, hook_logs=[], logs=[], key=BEFORE_METHOD, custom_metadata={}, event_ended_at=2025-04-18T20:23:28.153007, test_location=DemoTestngSDK/src/test/java/app/android/AndroidTest.java}], AFTER_METHOD=[]}
20:23:36.801 [wikiAppTest@0] INFO  c.b.v2.module.TestHubModule - sendTestFrameworkEvent: event=com.browserstack.v2.eventBus.Event@2aa50534, response=success: true

20:23:36.803 [tearDown@0] INFO  c.b.v2.module.WebdriverModule - onDriverQuit: event=com.browserstack.v2.eventBus.Event@37f55238
20:23:36.829 [tearDown@0] INFO  c.b.v2.framework.TestNgFramework - trackEvent: found instance, testFrameworkState=TestFrameworkState.LOG hookState=HookState.PRE instance=-507621420
20:23:36.829 [tearDown@0] INFO  c.b.v2.framework.TestNgFramework - trackEvent: load log entries
20:23:36.830 [tearDown@0] INFO  c.b.v2.module.TestHubModule - sendLogCreatedEvent: event=com.browserstack.v2.eventBus.Event@55d07836, response=success: true

20:23:36.830 [tearDown@0] INFO  c.b.v2.module.TestHubModule - sendLogCreatedEvent: event=com.browserstack.v2.eventBus.Event@55d07836
20:23:36.853 [tearDown@0] INFO  c.b.v2.framework.TestNgFramework - trackEvent: found instance, testFrameworkState=TestFrameworkState.LOG hookState=HookState.PRE instance=-507621420
20:23:36.853 [tearDown@0] INFO  c.b.v2.framework.TestNgFramework - trackEvent: load log entries
20:23:36.854 [tearDown@0] INFO  c.b.v2.module.TestHubModule - sendLogCreatedEvent: event=com.browserstack.v2.eventBus.Event@58b1329a, response=success: true

20:23:36.855 [tearDown@0] INFO  c.b.v2.module.TestHubModule - sendLogCreatedEvent: event=com.browserstack.v2.eventBus.Event@58b1329a
20:23:36.861 [tearDown@0] INFO  c.b.v2.module.WebdriverModule - beforeCommandExecute: event=com.browserstack.v2.eventBus.Event@56ee0bb9
20:23:36.862 [tearDown@0] INFO  c.browserstack.v2.module.PercyModule - onPreExecute: event=com.browserstack.v2.eventBus.Event@56ee0bb9 {hook=PRE, instance=com.browserstack.v2.instance.AutomationFrameworkInstance@22217df4, frameworkState=EXECUTE, arguments=[Ljava.lang.Object;@5ca58efc, command=[2730a38f65086b5ad4a8b920e278815fb3298ee0, quit {}]}
20:23:36.863 [tearDown@0] INFO  c.b.v2.module.WebdriverModule - beforeCommandExecute: event=com.browserstack.v2.eventBus.Event@2b2a36f8
20:23:36.863 [tearDown@0] INFO  c.browserstack.v2.module.PercyModule - onPreExecute: event=com.browserstack.v2.eventBus.Event@2b2a36f8 {hook=PRE, instance=com.browserstack.v2.instance.AutomationFrameworkInstance@22217df4, frameworkState=EXECUTE, arguments=[Ljava.lang.Object;@dbf43e7, command=[2730a38f65086b5ad4a8b920e278815fb3298ee0, quit {}]}
20:23:38.215 [tearDown@0] INFO  c.b.v2.module.WebdriverModule - afterCommandExecute: event=com.browserstack.v2.eventBus.Event@7d9dfec2
20:23:38.215 [tearDown@0] INFO  c.b.v2.module.WebdriverModule - afterCommandExecute: event=com.browserstack.v2.eventBus.Event@4cad9222
20:23:38.215 [tearDown@0] INFO  c.b.v2.framework.TestNgFramework - trackEvent: found instance, testFrameworkState=TestFrameworkState.AFTER_METHOD hookState=HookState.POST instance=-507621420
20:23:38.215 [tearDown@0] INFO  c.b.v2.framework.TestNgFramework - trackEvent: track hook events
20:23:38.246 [tearDown@0] INFO  c.b.v2.framework.TestNgFramework - args CHECK = [TestResult name=tearDown status=SUCCESS method=AndroidBaseTest.tearDown()[pri:0, instance:app.android.AndroidTest@7efd28bd] output={null}]
20:23:38.246 [tearDown@0] INFO  c.b.v2.framework.TestNgFramework - Hook List in Post [{hook_name=tearDown, hook_result=pending, test_file_path=DemoTestngSDK/src/test/java/app/android/AndroidTest.java, event_started_at=2025-04-18T20:23:36.798418, hook_id=3326eec0-f244-4c1c-bfbd-63a21a430002, hook_logs=[], key=AFTER_METHOD, custom_metadata={}, test_location=DemoTestngSDK/src/test/java/app/android/AndroidTest.java}] and args = [[TestResult name=tearDown status=SUCCESS method=AndroidBaseTest.tearDown()[pri:0, instance:app.android.AndroidTest@7efd28bd] output={null}], AndroidBaseTest.tearDown()[pri:0, instance:app.android.AndroidTest@7efd28bd]]
20:23:38.246 [tearDown@0] INFO  c.b.v2.framework.TestNgFramework - Processing HookLevel attachments from directory: /Users/nithyamani/.browserstack/UploadedAttachments-54/HookLevel
20:23:38.246 [tearDown@0] INFO  c.b.v2.framework.TestNgFramework - Checking hookLevelFiles: []
20:23:38.247 [tearDown@0] INFO  c.b.v2.framework.TestNgFramework - checking Paths of files = /Users/nithyamani/.browserstack/UploadedAttachments-54/HookLevel/BuildLevelHookEvent and abs path = /Users/nithyamani/.browserstack/UploadedAttachments-54/HookLevel/BuildLevelHookEvent 
20:23:38.247 [tearDown@0] INFO  c.b.v2.framework.TestNgFramework - Processing BuildLevelHookEvent attachments from directory: /Users/nithyamani/.browserstack/UploadedAttachments-54/HookLevel/BuildLevelHookEvent
20:23:38.247 [tearDown@0] INFO  c.b.v2.framework.TestNgFramework - Processing TestLevel attachments eventLogs: []
20:23:38.247 [tearDown@0] INFO  c.b.v2.framework.TestNgFramework - sendLogCreatedEvent: No Log Events to send
20:23:38.247 [tearDown@0] INFO  c.b.v2.framework.TestNgFramework - trackHookEvents: hook state=AFTER_METHOD.HookState.POST , hooks started={BEFORE_METHOD=[], AFTER_METHOD=[]} , hooks finished={BEFORE_METHOD=[{hook_name=setUp, hook_result=passed, test_file_path=DemoTestngSDK/src/test/java/app/android/AndroidTest.java, event_started_at=2025-04-18T20:23:08.770980, hook_id=d667fead-0519-4fd8-90c3-65d997758a35, hook_logs=[], logs=[], key=BEFORE_METHOD, custom_metadata={}, event_ended_at=2025-04-18T20:23:28.153007, test_location=DemoTestngSDK/src/test/java/app/android/AndroidTest.java}], AFTER_METHOD=[{hook_name=tearDown, hook_result=passed, test_file_path=DemoTestngSDK/src/test/java/app/android/AndroidTest.java, event_started_at=2025-04-18T20:23:36.798418, hook_id=3326eec0-f244-4c1c-bfbd-63a21a430002, hook_logs=[], logs=[], key=AFTER_METHOD, custom_metadata={}, event_ended_at=2025-04-18T20:23:38.246787, test_location=DemoTestngSDK/src/test/java/app/android/AndroidTest.java}]}
20:23:38.251 [tearDown@0] INFO  c.b.v2.module.TestHubModule - sendTestFrameworkEvent: event=com.browserstack.v2.eventBus.Event@7378142f, response=success: true

20:23:38.619 [main] INFO  com.browserstack.testOps.Listener - logCreated: CLI is active
20:23:38.619 [main] INFO  com.browserstack.testOps.Listener - logCreated: CLI is active
20:23:38.619 [main] INFO  com.browserstack.testOps.Listener - logCreated: CLI is active
20:23:38.619 [main] INFO  com.browserstack.testOps.Listener - logCreated: CLI is active
20:23:38.619 [main] INFO  com.browserstack.testOps.Listener - logCreated: CLI is active
20:23:38.657 [Thread-1] INFO  com.browserstack.testOps.Listener - onComplete: CLI is active
20:23:38.658 [Thread-1] INFO  com.browserstack.v2.SdkCLI - stop: cli stop triggered
20:23:54.370 [Thread-1] DEBUG com.browserstack.v2.SdkCLI - stop-bin-session=success: true
automate_buildlink: "https://app-automate.browserstack.com/dashboard/v2/builds/8ae760ca587414398b851a049b8c8e48abbfff45"
hashed_id: "8ae760ca587414398b851a049b8c8e48abbfff45"

20:23:54.386 [Thread-1] INFO  com.browserstack.v2.SdkCLI - stop: shutting down CLI
20:23:56.334 [Thread-1] INFO  c.browserstack.utils.UtilityMethods - Visit https://observability.browserstack.com/builds/n4s4hycwc0egngjyltswiwey9uezcy7vtbj7yr0g to view build report, insights, and many more debugging information all at one place!
20:23:56.334 [Thread-1] INFO  c.b.config.BrowserStackConfig - INFO
20:23:56.335 [Thread-1] INFO  c.browserstack.utils.UtilityMethods - View build on BrowserStack dashboard: https://app-automate.browserstack.com/dashboard/v2/builds/8ae760ca587414398b851a049b8c8e48abbfff45
20:23:56.335 [Thread-1] INFO  c.b.config.BrowserStackConfig - INFO
20:23:56.339 [Thread-1] INFO  c.browserstack.BrowserStackJavaAgent - SDK run ended for id: c32f6bb3-10c2-4e2a-861d-38211c213061, testhub id: n4s4hycwc0egngjyltswiwey9uezcy7vtbj7yr0g
20:23:56.339 [Thread-1] INFO  c.b.config.BrowserStackConfig - INFO
15:15:06.887 [main] INFO  c.browserstack.BrowserStackJavaAgent - Selenium version detected - 4.6.0
15:15:06.888 [main] INFO  c.browserstack.BrowserStackJavaAgent - Appium version detected - 8.2.1
15:15:06.970 [main] DEBUG c.b.config.BrowserStackConfig - Cli Config passed - {basedir=/Users/nithyamani/Desktop/TechProjects/Demo/DemoTestngSDK, browserstack.config=browserstack-android.yml, user.dir=/Users/nithyamani/Desktop/TechProjects/Demo/DemoTestngSDK, localrepository=/Users/nithyamani/.m2/repository}
15:15:06.971 [main] INFO  c.browserstack.utils.UtilityMethods - BrowserStack Yml Detected : /Users/nithyamani/Desktop/TechProjects/Demo/DemoTestngSDK/browserstack-android.yml
15:15:06.998 [main] INFO  c.b.config.BrowserStackConfig - Detected Framework testng
15:15:07.121 [main] INFO  c.browserstack.BrowserStackJavaAgent - uploading app ./src/test/resources/WikipediaSample.apk to browserstack
15:15:11.365 [main] DEBUG com.browserstack.v2.SdkCliUtils - File /Users/nithyamani/.browserstack already exist
15:15:11.369 [main] DEBUG com.browserstack.v2.SdkCliUtils - Current CLI Path Found: /Users/nithyamani/.browserstack/cli/binary-macos-arm64
15:15:12.773 [main] DEBUG com.browserstack.v2.SdkCliUtils - Resolved binary path: /Users/nithyamani/.browserstack/cli/binary-macos-arm64
15:15:12.807 [main] INFO  c.browserstack.BrowserStackJavaAgent - app upload response: {"app_url":"bs:\/\/ab4ef2728d55a1407af120d11574fed602946647"}
15:15:12.808 [main] INFO  c.browserstack.BrowserStackJavaAgent - Using app: [-bs://ab4ef2728d55a1407af120d11574fed602946647]
15:15:12.808 [main] INFO  c.browserstack.BrowserStackJavaAgent - Framework set to testng
15:15:12.809 [main] INFO  c.browserstack.BrowserStackJavaAgent - SDK run started with id: a191a8d7-2cb6-4a20-9598-eb006b8e799d
15:15:12.809 [main] INFO  c.b.config.BrowserStackConfig - INFO
15:15:12.817 [main] DEBUG com.browserstack.v2.SdkCLI - startMain: main-process starting
15:15:12.817 [main] INFO  com.browserstack.v2.SdkCLI - spawning command='/Users/nithyamani/.browserstack/cli/binary-macos-arm64' 'sdk' 'tcp'
15:15:13.209 [ForkJoinPool.commonPool-worker-1] INFO  com.browserstack.v2.SdkCLI - loadCLIParams: start binSessionId=0dd4865f-ee67-460c-828b-b71777c0bed2 listenAddress=127.0.0.1:5400
15:15:13.209 [main] DEBUG com.browserstack.v2.SdkCLI - startMain: main-process started
15:15:13.209 [main] DEBUG com.browserstack.v2.SdkCLI - startMain: main-process connecting {port=5400, listen=127.0.0.1:5400, id=0dd4865f-ee67-460c-828b-b71777c0bed2}
15:15:13.209 [main] INFO  c.browserstack.utils.UtilityMethods - BrowserStack Yml Detected : /Users/nithyamani/Desktop/TechProjects/Demo/DemoTestngSDK/browserstack-android.yml
15:15:13.218 [main] DEBUG com.browserstack.v2.SdkCliUtils - File /Users/nithyamani/.browserstack already exist
15:15:26.733 [main] DEBUG com.browserstack.v2.SdkCLI - start-bin-session=bin_session_id: "0dd4865f-ee67-460c-828b-b71777c0bed2"
config: "{\"userName\":\"nithyamani3\",\"accessKey\":\"zQxNpUZ5pLuExoGFY68v\",\"projectName\":\"Demo SDK Appium Android\",\"buildName\":\"browserstack-testng-appium-suite 2.6.0\",\"buildIdentifier\":\"#6\",\"framework\":\"testng\",\"source\":\"testng:appium-sample-sdk:v1.0\",\"app\":\"bs://ab4ef2728d55a1407af120d11574fed602946647\",\"platforms\":[{\"platformName\":\"android\",\"platformVersion\":12,\"deviceName\":\"Samsung Galaxy S22 Ultra\"}],\"parallelsPerPlatform\":1,\"appProfiling\":true,\"browserstackLocal\":false,\"appiumVersion\":\"2.6.0\",\"debug\":false,\"networkLogs\":true,\"consoleLogs\":\"errors\",\"interactiveDebugging\":true,\"percy\":true,\"percyCaptureMode\":\"auto\",\"testOrchestrationOptions\":{\"retryTestsOnFailure\":{\"enabled\":true,\"maxRetries\":2}},\"testObservability\":true,\"accessibility\":false,\"browserstackAutomation\":true,\"selfHeal\":false,\"disableAutoCaptureLogs\":false,\"testhub\":true,\"testContextOptions\":{\"skipSessionStatus\":false,\"skipSessionName\":false},\"browserStackLocalOptions\":{\"key\":\"zQxNpUZ5pLuExoGFY68v\",\"skipBinaryInitialisation\":false}}"
testhub {
  jwt: "eyJhbGciOiJIUzI1NiJ9.eyJpc3MiOiJicm93c2Vyc3RhY2tfb2IiLCJzdWIiOiIzNzE0MzA4IiwiZ3JvdXBfaWQiOjM2NjcxMTYsInVzZXJfaWQiOjM3MTQzMDgsImJ1aWxkX2hhc2hlZF9pZCI6ImNwMDZ4Yzl2bHR1bXJnZm9uYWdldGZkN3JuaG9rODdjYnl1ZmhwbGIiLCJwcm9qZWN0X25hbWUiOiJEZW1vIFNESyBBcHBpdW0gQW5kcm9pZCIsImhvb2tfYXNfdGVzdCI6IjEiLCJidWlsZF9uYW1lIjoiYnJvd3NlcnN0YWNrLXRlc3RuZy1hcHBpdW0tc3VpdGUiLCJwcm9kdWN0X21hcCI6IntcIm9ic2VydmFiaWxpdHlcIjp0cnVlLFwib3JpZ2luRnJvbVByb2R1Y3RNYXBcIjpcIkFwcEF1dG9tYXRlXCIsXCJic3RhY2tBdXRvbWF0aW9uXCI6dHJ1ZSxcInByb2R1Y3RGaWx0ZXJTb3VyY2VcIjp0cnVlLFwiY2FkXCI6dHJ1ZSxcImFjY2Vzc2liaWxpdHlBdXRvRW5hYmxlZFwiOnRydWUsXCJhcHBfYXV0b21hdGVcIjp0cnVlfSIsImdycl9yZWdpb24iOiIiLCJpc19sb3dfdm9sdW1lIjpmYWxzZSwic2lnbmluZ19rZXlfaGFzaCI6IjM3YzExMzFlNGIyZTc0M2M3NjZlMWQ3MGJmNWYyYjU3ZGM2OWIxOTVkMzAwZTMyYWU4ZDAyMzEyMGE0YTZkOTciLCJpYXQiOjE3NDUyMjg3MTQsImV4cCI6MTc0NTU3NDMxNH0.003auOQfPlb3FRGKIC2T8yXUDaVr0gRq8rpmQjviZuc"
  build_hashed_id: "cp06xc9vltumrgfonagetfd7rnhok87cbyufhplb"
  testhub_events: true
}
observability {
  success: true
  options {
  }
}
session_framework: "selenium"

15:15:26.744 [main] DEBUG com.browserstack.v2.SdkCLI - startChild: child-process connecting
15:15:27.467 [main] DEBUG com.browserstack.v2.SdkCLI - connect-bin-session=bin_session_id: "0dd4865f-ee67-460c-828b-b71777c0bed2"
config: "{\"userName\":\"nithyamani3\",\"accessKey\":\"zQxNpUZ5pLuExoGFY68v\",\"projectName\":\"Demo SDK Appium Android\",\"buildName\":\"browserstack-testng-appium-suite 2.6.0\",\"buildIdentifier\":\"#6\",\"framework\":\"testng\",\"source\":\"testng:appium-sample-sdk:v1.0\",\"app\":\"bs://ab4ef2728d55a1407af120d11574fed602946647\",\"platforms\":[{\"platformName\":\"android\",\"platformVersion\":12,\"deviceName\":\"Samsung Galaxy S22 Ultra\"}],\"parallelsPerPlatform\":1,\"appProfiling\":true,\"browserstackLocal\":false,\"appiumVersion\":\"2.6.0\",\"debug\":false,\"networkLogs\":true,\"consoleLogs\":\"errors\",\"interactiveDebugging\":true,\"percy\":true,\"percyCaptureMode\":\"auto\",\"testOrchestrationOptions\":{\"retryTestsOnFailure\":{\"enabled\":true,\"maxRetries\":2}},\"testObservability\":true,\"accessibility\":false,\"browserstackAutomation\":true,\"selfHeal\":false,\"disableAutoCaptureLogs\":false,\"testhub\":true,\"testContextOptions\":{\"skipSessionStatus\":false,\"skipSessionName\":false},\"browserStackLocalOptions\":{\"key\":\"zQxNpUZ5pLuExoGFY68v\",\"skipBinaryInitialisation\":false},\"hubUrl\":\"https://hub-aps.browserstack.com/wd/hub\"}"
testhub {
  jwt: "eyJhbGciOiJIUzI1NiJ9.eyJpc3MiOiJicm93c2Vyc3RhY2tfb2IiLCJzdWIiOiIzNzE0MzA4IiwiZ3JvdXBfaWQiOjM2NjcxMTYsInVzZXJfaWQiOjM3MTQzMDgsImJ1aWxkX2hhc2hlZF9pZCI6ImNwMDZ4Yzl2bHR1bXJnZm9uYWdldGZkN3JuaG9rODdjYnl1ZmhwbGIiLCJwcm9qZWN0X25hbWUiOiJEZW1vIFNESyBBcHBpdW0gQW5kcm9pZCIsImhvb2tfYXNfdGVzdCI6IjEiLCJidWlsZF9uYW1lIjoiYnJvd3NlcnN0YWNrLXRlc3RuZy1hcHBpdW0tc3VpdGUiLCJwcm9kdWN0X21hcCI6IntcIm9ic2VydmFiaWxpdHlcIjp0cnVlLFwib3JpZ2luRnJvbVByb2R1Y3RNYXBcIjpcIkFwcEF1dG9tYXRlXCIsXCJic3RhY2tBdXRvbWF0aW9uXCI6dHJ1ZSxcInByb2R1Y3RGaWx0ZXJTb3VyY2VcIjp0cnVlLFwiY2FkXCI6dHJ1ZSxcImFjY2Vzc2liaWxpdHlBdXRvRW5hYmxlZFwiOnRydWUsXCJhcHBfYXV0b21hdGVcIjp0cnVlfSIsImdycl9yZWdpb24iOiIiLCJpc19sb3dfdm9sdW1lIjpmYWxzZSwic2lnbmluZ19rZXlfaGFzaCI6IjM3YzExMzFlNGIyZTc0M2M3NjZlMWQ3MGJmNWYyYjU3ZGM2OWIxOTVkMzAwZTMyYWU4ZDAyMzEyMGE0YTZkOTciLCJpYXQiOjE3NDUyMjg3MTQsImV4cCI6MTc0NTU3NDMxNH0.003auOQfPlb3FRGKIC2T8yXUDaVr0gRq8rpmQjviZuc"
  build_hashed_id: "cp06xc9vltumrgfonagetfd7rnhok87cbyufhplb"
  testhub_events: true
}
observability {
  success: true
  options {
  }
}
percy {
  success: true
  percy_capture_mode: "auto"
  percy_build_id: "39963877"
}
session_framework: "selenium"
test_orchestration {
  retry_tests_on_failure {
    enabled: true
    max_retries: 2
  }
}

15:15:27.471 [main] INFO  com.browserstack.v2.SdkCLI - loadBinResponse: Loading modules as per LoadBinResponse=bin_session_id: "0dd4865f-ee67-460c-828b-b71777c0bed2"
config: "{\"userName\":\"nithyamani3\",\"accessKey\":\"zQxNpUZ5pLuExoGFY68v\",\"projectName\":\"Demo SDK Appium Android\",\"buildName\":\"browserstack-testng-appium-suite 2.6.0\",\"buildIdentifier\":\"#6\",\"framework\":\"testng\",\"source\":\"testng:appium-sample-sdk:v1.0\",\"app\":\"bs://ab4ef2728d55a1407af120d11574fed602946647\",\"platforms\":[{\"platformName\":\"android\",\"platformVersion\":12,\"deviceName\":\"Samsung Galaxy S22 Ultra\"}],\"parallelsPerPlatform\":1,\"appProfiling\":true,\"browserstackLocal\":false,\"appiumVersion\":\"2.6.0\",\"debug\":false,\"networkLogs\":true,\"consoleLogs\":\"errors\",\"interactiveDebugging\":true,\"percy\":true,\"percyCaptureMode\":\"auto\",\"testOrchestrationOptions\":{\"retryTestsOnFailure\":{\"enabled\":true,\"maxRetries\":2}},\"testObservability\":true,\"accessibility\":false,\"browserstackAutomation\":true,\"selfHeal\":false,\"disableAutoCaptureLogs\":false,\"testhub\":true,\"testContextOptions\":{\"skipSessionStatus\":false,\"skipSessionName\":false},\"browserStackLocalOptions\":{\"key\":\"zQxNpUZ5pLuExoGFY68v\",\"skipBinaryInitialisation\":false},\"hubUrl\":\"https://hub-aps.browserstack.com/wd/hub\"}"
testhub {
  jwt: "eyJhbGciOiJIUzI1NiJ9.eyJpc3MiOiJicm93c2Vyc3RhY2tfb2IiLCJzdWIiOiIzNzE0MzA4IiwiZ3JvdXBfaWQiOjM2NjcxMTYsInVzZXJfaWQiOjM3MTQzMDgsImJ1aWxkX2hhc2hlZF9pZCI6ImNwMDZ4Yzl2bHR1bXJnZm9uYWdldGZkN3JuaG9rODdjYnl1ZmhwbGIiLCJwcm9qZWN0X25hbWUiOiJEZW1vIFNESyBBcHBpdW0gQW5kcm9pZCIsImhvb2tfYXNfdGVzdCI6IjEiLCJidWlsZF9uYW1lIjoiYnJvd3NlcnN0YWNrLXRlc3RuZy1hcHBpdW0tc3VpdGUiLCJwcm9kdWN0X21hcCI6IntcIm9ic2VydmFiaWxpdHlcIjp0cnVlLFwib3JpZ2luRnJvbVByb2R1Y3RNYXBcIjpcIkFwcEF1dG9tYXRlXCIsXCJic3RhY2tBdXRvbWF0aW9uXCI6dHJ1ZSxcInByb2R1Y3RGaWx0ZXJTb3VyY2VcIjp0cnVlLFwiY2FkXCI6dHJ1ZSxcImFjY2Vzc2liaWxpdHlBdXRvRW5hYmxlZFwiOnRydWUsXCJhcHBfYXV0b21hdGVcIjp0cnVlfSIsImdycl9yZWdpb24iOiIiLCJpc19sb3dfdm9sdW1lIjpmYWxzZSwic2lnbmluZ19rZXlfaGFzaCI6IjM3YzExMzFlNGIyZTc0M2M3NjZlMWQ3MGJmNWYyYjU3ZGM2OWIxOTVkMzAwZTMyYWU4ZDAyMzEyMGE0YTZkOTciLCJpYXQiOjE3NDUyMjg3MTQsImV4cCI6MTc0NTU3NDMxNH0.003auOQfPlb3FRGKIC2T8yXUDaVr0gRq8rpmQjviZuc"
  build_hashed_id: "cp06xc9vltumrgfonagetfd7rnhok87cbyufhplb"
  testhub_events: true
}
observability {
  success: true
  options {
  }
}
percy {
  success: true
  percy_capture_mode: "auto"
  percy_build_id: "39963877"
}
session_framework: "selenium"
test_orchestration {
  retry_tests_on_failure {
    enabled: true
    max_retries: 2
  }
}

15:15:27.481 [main] DEBUG com.browserstack.v2.SdkCLI - loadBinResponse: configured module=WebdriverModule & 0dd4865f-ee67-460c-828b-b71777c0bed2
15:15:27.481 [main] DEBUG com.browserstack.v2.SdkCLI - loadBinResponse: configured module=ObservabilityModule & 0dd4865f-ee67-460c-828b-b71777c0bed2
15:15:27.481 [main] DEBUG com.browserstack.v2.SdkCLI - loadBinResponse: configured module=TestHubModule & 0dd4865f-ee67-460c-828b-b71777c0bed2
15:15:27.481 [main] DEBUG com.browserstack.v2.SdkCLI - loadBinResponse: configured module=PercyModule & 0dd4865f-ee67-460c-828b-b71777c0bed2
15:15:27.484 [main] INFO  com.browserstack.v2.SdkCLI - startChild: child-process connected
15:15:27.489 [main] INFO  com.browserstack.v2.SdkCLI - startMain: main-process connected
15:15:30.603 [main] INFO  c.browserstack.BrowserStackJavaAgent - Project and debug logs are captured by default. To disable, set disableAutoCaptureLogs: true in config.
15:15:30.612 [main] INFO  com.browserstack.testOps.Listener - onStart: CLI is active
15:15:30.829 [main] DEBUG com.browserstack.v2.SdkCLI - Setting up testng framework
15:15:30.830 [main] DEBUG com.browserstack.v2.SdkCLI - Setting up selenium framework
15:15:30.950 [main] INFO  com.browserstack.testOps.Listener - logCreated: CLI is active
15:15:30.950 [main] INFO  com.browserstack.testOps.Listener - logCreated: CLI is active
15:15:30.952 [main] INFO  com.browserstack.testOps.Listener - logCreated: CLI is active
15:15:30.952 [main] INFO  com.browserstack.testOps.Listener - logCreated: CLI is active
15:15:30.952 [main] INFO  com.browserstack.testOps.Listener - logCreated: CLI is active
15:15:30.952 [main] INFO  com.browserstack.testOps.Listener - logCreated: CLI is active
15:15:30.952 [main] INFO  com.browserstack.testOps.Listener - logCreated: CLI is active
15:15:30.953 [main] INFO  com.browserstack.testOps.Listener - logCreated: CLI is active
15:15:30.953 [main] INFO  com.browserstack.testOps.Listener - logCreated: CLI is active
15:15:30.953 [main] INFO  com.browserstack.testOps.Listener - logCreated: CLI is active
15:15:30.955 [main] INFO  com.browserstack.testOps.Listener - logCreated: CLI is active
15:15:30.955 [main] INFO  com.browserstack.testOps.Listener - logCreated: CLI is active
15:15:30.955 [main] INFO  com.browserstack.testOps.Listener - logCreated: CLI is active
15:15:30.955 [main] INFO  com.browserstack.testOps.Listener - logCreated: CLI is active
15:15:30.955 [main] INFO  com.browserstack.testOps.Listener - logCreated: CLI is active
15:15:30.969 [TestNG-tests-1] INFO  c.b.v2.framework.TestNgFramework - trackTestNgTest: saved instance contextId=-507621420 target=AndroidTest-0@0 instances=[-507621420]
15:15:30.969 [TestNG-tests-1] INFO  c.b.v2.framework.TestNgFramework - trackEvent: found instance, testFrameworkState=TestFrameworkState.INIT_TEST hookState=HookState.PRE instance=-507621420
15:15:30.970 [TestNG-tests-1] INFO  c.b.v2.framework.TestNgFramework - trackEvent: loaded instance, testFrameworkState=TestFrameworkState.INIT_TEST hookState=HookState.PRE instance=-507621420
15:15:30.984 [AndroidTest-0@0] INFO  c.b.v2.framework.TestNgFramework - trackEvent: found instance, testFrameworkState=TestFrameworkState.BEFORE_METHOD hookState=HookState.PRE instance=-507621420
15:15:30.984 [AndroidTest-0@0] INFO  c.b.v2.framework.TestNgFramework - trackEvent: loaded common test data, testFrameworkState=TestFrameworkState.BEFORE_METHOD hookState=HookState.PRE instance=-507621420
15:15:30.984 [AndroidTest-0@0] INFO  c.b.v2.framework.TestNgFramework - trackEvent: track hook events
15:15:31.046 [AndroidTest-0@0] INFO  c.b.v2.framework.TestNgFramework - args CHECK = [TestResult name=setUp status=STARTED method=AndroidBaseTest.setUp()[pri:0, instance:app.android.AndroidTest@612e21b9] output={null}]
15:15:31.047 [AndroidTest-0@0] INFO  c.b.v2.framework.TestNgFramework - Hook Started in PRE key = BEFORE_METHOD & hook = {hook_name=setUp, hook_result=pending, test_file_path=DemoTestngSDK/src/test/java/app/android/AndroidTest.java, event_started_at=2025-04-21T15:15:31.047556, hook_id=f729de2b-82a3-421c-b5ab-3aed555f72ee, hook_logs=[], key=BEFORE_METHOD, custom_metadata={}, test_location=DemoTestngSDK/src/test/java/app/android/AndroidTest.java}  and args = [[TestResult name=setUp status=STARTED method=AndroidBaseTest.setUp()[pri:0, instance:app.android.AndroidTest@612e21b9] output={null}], AndroidBaseTest.setUp()[pri:0, instance:app.android.AndroidTest@612e21b9]]
15:15:31.047 [AndroidTest-0@0] INFO  c.b.v2.framework.TestNgFramework - trackHookEvents: hook state=BEFORE_METHOD.HookState.PRE , hooks started={BEFORE_METHOD=[{hook_name=setUp, hook_result=pending, test_file_path=DemoTestngSDK/src/test/java/app/android/AndroidTest.java, event_started_at=2025-04-21T15:15:31.047556, hook_id=f729de2b-82a3-421c-b5ab-3aed555f72ee, hook_logs=[], key=BEFORE_METHOD, custom_metadata={}, test_location=DemoTestngSDK/src/test/java/app/android/AndroidTest.java}]} , hooks finished={BEFORE_METHOD=[]}
15:15:31.055 [AndroidTest-0@0] INFO  c.b.v2.module.TestHubModule - sendTestFrameworkEvent: event=com.browserstack.v2.eventBus.Event@875c069, response=success: true

15:15:31.108 [setUp@0] INFO  c.b.v2.framework.TestNgFramework - trackEvent: found instance, testFrameworkState=TestFrameworkState.LOG hookState=HookState.PRE instance=-507621420
15:15:31.108 [setUp@0] INFO  c.b.v2.framework.TestNgFramework - trackEvent: load log entries
15:15:31.114 [setUp@0] INFO  c.b.v2.module.TestHubModule - sendLogCreatedEvent: event=com.browserstack.v2.eventBus.Event@338553d8, response=success: true

15:15:31.115 [setUp@0] INFO  c.b.v2.module.TestHubModule - sendLogCreatedEvent: event=com.browserstack.v2.eventBus.Event@338553d8
15:15:31.275 [setUp@0] INFO  c.b.v2.framework.SeleniumFramework - trackSeleniumTest: saved instance contextId=-972118003 target=13361:54 instances=[-972118003]
15:15:31.275 [setUp@0] INFO  c.b.v2.module.WebdriverModule - onBeforeDriverCreate: event=com.browserstack.v2.eventBus.Event@770f9c7e
15:15:31.301 [setUp@0] INFO  c.b.v2.module.WebdriverModule - beforeCommandExecute: event=com.browserstack.v2.eventBus.Event@1b67f6f9
15:15:31.303 [setUp@0] INFO  c.browserstack.v2.module.PercyModule - onPreExecute: event=com.browserstack.v2.eventBus.Event@1b67f6f9 {hook=PRE, instance=com.browserstack.v2.instance.AutomationFrameworkInstance@520f21f2, frameworkState=EXECUTE, arguments=[Ljava.lang.Object;@29226866, command=[null, newSession {capabilities=[{appium:app=bs://ab4ef2728d55a1407af120d11574fed602946647, bstack:options={userName=nithyamani3, accessKey=zQxNpUZ5pLuExoGFY68v, projectName=Demo SDK Appium Android, buildName=browserstack-testng-appium-suite 2.6.0, buildIdentifier=#6, source=testng:appium-sample-sdk:v1.0, appProfiling=true, appiumVersion=2.6.0, debug=false, networkLogs=true, consoleLogs=errors, interactiveDebugging=true, platformName=android, hostName=NithyaMani-X7PQL3QXY5, browserstackSDK=TestNG-javaagent/1.32.2, buildProductMap={observability=true, accessibility=false, percy=true, automate=false, app_automate=true}, platformVersion=12, deviceName=Samsung Galaxy S22 Ultra, useW3C=true, accessibilityOptions={}, testhubBuildUuid=cp06xc9vltumrgfonagetfd7rnhok87cbyufhplb}}], desiredCapabilities=Capabilities {appium:app: bs://ab4ef2728d55a1407af120..., bstack:options: {accessKey: zQxNpUZ5pLuExoGFY68v, accessibilityOptions: {}, appProfiling: true, appiumVersion: 2.6.0, browserstackSDK: TestNG-javaagent/1.32.2, buildIdentifier: #6, buildName: browserstack-testng-appium-..., buildProductMap: {accessibility: false, app_automate: true, automate: false, observability: true, percy: true}, consoleLogs: errors, debug: false, deviceName: Samsung Galaxy S22 Ultra, hostName: NithyaMani-X7PQL3QXY5, interactiveDebugging: true, networkLogs: true, platformName: android, platformVersion: 12, projectName: Demo SDK Appium Android, source: testng:appium-sample-sdk:v1.0, testhubBuildUuid: cp06xc9vltumrgfonagetfd7rnh..., useW3C: true, userName: nithyamani3}}}]}
15:15:32.859 [setUp@0] INFO  c.b.v2.module.WebdriverModule - afterCommandExecute: event=com.browserstack.v2.eventBus.Event@cf0102b
15:15:32.860 [setUp@0] INFO  c.b.v2.module.WebdriverModule - onDriverQuit: event=com.browserstack.v2.eventBus.Event@1381b24b
15:15:32.865 [setUp@0] INFO  c.b.v2.framework.TestNgFramework - trackEvent: found instance, testFrameworkState=TestFrameworkState.BEFORE_METHOD hookState=HookState.POST instance=-507621420
15:15:32.865 [setUp@0] INFO  c.b.v2.framework.TestNgFramework - trackEvent: loaded common test data, testFrameworkState=TestFrameworkState.BEFORE_METHOD hookState=HookState.POST instance=-507621420
15:15:32.865 [setUp@0] INFO  c.b.v2.framework.TestNgFramework - trackEvent: track hook events
15:15:32.877 [setUp@0] INFO  c.b.v2.framework.TestNgFramework - args CHECK = [TestResult name=setUp status=FAILURE method=AndroidBaseTest.setUp()[pri:0, instance:app.android.AndroidTest@612e21b9] output={null}]
15:15:32.878 [setUp@0] INFO  c.b.v2.framework.TestNgFramework - Hook List in Post [{hook_name=setUp, hook_result=pending, test_file_path=DemoTestngSDK/src/test/java/app/android/AndroidTest.java, event_started_at=2025-04-21T15:15:31.047556, hook_id=f729de2b-82a3-421c-b5ab-3aed555f72ee, hook_logs=[], key=BEFORE_METHOD, custom_metadata={}, test_location=DemoTestngSDK/src/test/java/app/android/AndroidTest.java}] and args = [[TestResult name=setUp status=FAILURE method=AndroidBaseTest.setUp()[pri:0, instance:app.android.AndroidTest@612e21b9] output={null}], AndroidBaseTest.setUp()[pri:0, instance:app.android.AndroidTest@612e21b9]]
15:15:32.878 [setUp@0] INFO  c.b.v2.framework.TestNgFramework - Processing HookLevel attachments from directory: /Users/nithyamani/.browserstack/UploadedAttachments-54/HookLevel
15:15:32.878 [setUp@0] INFO  c.b.v2.framework.TestNgFramework - Checking hookLevelFiles: []
15:15:32.878 [setUp@0] INFO  c.b.v2.framework.TestNgFramework - checking Paths of files = /Users/nithyamani/.browserstack/UploadedAttachments-54/HookLevel/BuildLevelHookEvent and abs path = /Users/nithyamani/.browserstack/UploadedAttachments-54/HookLevel/BuildLevelHookEvent 
15:15:32.878 [setUp@0] INFO  c.b.v2.framework.TestNgFramework - Processing BuildLevelHookEvent attachments from directory: /Users/nithyamani/.browserstack/UploadedAttachments-54/HookLevel/BuildLevelHookEvent
15:15:32.878 [setUp@0] INFO  c.b.v2.framework.TestNgFramework - Processing TestLevel attachments eventLogs: []
15:15:32.878 [setUp@0] INFO  c.b.v2.framework.TestNgFramework - sendLogCreatedEvent: No Log Events to send
15:15:32.878 [setUp@0] INFO  c.b.v2.framework.TestNgFramework - trackHookEvents: hook state=BEFORE_METHOD.HookState.POST , hooks started={BEFORE_METHOD=[]} , hooks finished={BEFORE_METHOD=[{hook_name=setUp, hook_result=failed, test_file_path=DemoTestngSDK/src/test/java/app/android/AndroidTest.java, event_started_at=2025-04-21T15:15:31.047556, hook_id=f729de2b-82a3-421c-b5ab-3aed555f72ee, hook_logs=[], logs=[], key=BEFORE_METHOD, custom_metadata={}, event_ended_at=2025-04-21T15:15:32.878084, test_location=DemoTestngSDK/src/test/java/app/android/AndroidTest.java}]}
15:15:32.881 [setUp@0] INFO  c.b.v2.module.TestHubModule - sendTestFrameworkEvent: event=com.browserstack.v2.eventBus.Event@2ff0c8b8, response=success: true

15:15:32.885 [setUp@0] INFO  c.b.v2.framework.TestNgFramework - trackEvent: found instance, testFrameworkState=TestFrameworkState.TEST hookState=HookState.PRE instance=-507621420
15:15:32.896 [setUp@0] INFO  c.b.v2.framework.TestNgFramework - trackEvent: loaded initial test data to instance, testFrameworkState=TestFrameworkState.TEST hookState=HookState.PRE instance=-507621420
15:15:32.896 [setUp@0] INFO  c.b.v2.module.WebdriverModule - onBeforeTest: event=com.browserstack.v2.eventBus.Event@17877a77
15:15:32.899 [setUp@0] INFO  c.b.v2.module.TestHubModule - sendTestFrameworkEvent: event=com.browserstack.v2.eventBus.Event@17877a77, response=success: true

15:15:32.900 [setUp@0] INFO  c.b.v2.module.ObservabilityModule - onBeforeTest: event={instance=com.browserstack.v2.instance.TestFrameworkInstance@37a015a6, testFrameworkState=TestFrameworkState.TEST, testInstance=com.browserstack.v2.instance.TestFrameworkInstance@37a015a6, hookState=HookState.PRE}
15:15:32.900 [setUp@0] INFO  c.b.v2.module.ObservabilityModule - performO11ySync: Performing O11y Sync
15:15:32.901 [wikiAppTest@0] INFO  c.b.v2.framework.TestNgFramework - trackEvent: found instance, testFrameworkState=TestFrameworkState.LOG_REPORT hookState=HookState.PRE instance=-507621420
15:15:32.901 [wikiAppTest@0] INFO  c.b.v2.framework.TestNgFramework - trackEvent: found instance, testFrameworkState=TestFrameworkState.LOG_REPORT hookState=HookState.POST instance=-507621420
15:15:32.901 [wikiAppTest@0] INFO  c.b.v2.framework.TestNgFramework - trackEvent: load test results
15:15:32.901 [wikiAppTest@0] INFO  c.b.v2.framework.TestNgFramework - trackEvent: found instance, testFrameworkState=TestFrameworkState.TEST hookState=HookState.POST instance=-507621420
15:15:32.901 [wikiAppTest@0] INFO  c.b.v2.module.WebdriverModule - onAfterTest: event=com.browserstack.v2.eventBus.Event@30661e46
15:15:33.765 [wikiAppTest@0] ERROR c.b.utils.SeleniumMethodUtils - Done for sessionid 
15:15:34.084 [wikiAppTest@0] INFO  c.b.v2.module.TestHubModule - onAfterTest: event={com.browserstack.v2.eventBus.Event@30661e46}
15:15:34.120 [wikiAppTest@0] INFO  c.b.v2.module.TestHubModule - sendTestFrameworkEvent: event=com.browserstack.v2.eventBus.Event@30661e46, response=success: true

15:15:34.122 [wikiAppTest@0] INFO  c.browserstack.v2.module.PercyModule - onPostExecute: event=com.browserstack.v2.eventBus.Event@30661e46
15:15:34.123 [wikiAppTest@0] INFO  c.b.v2.framework.TestNgFramework - trackEvent: found instance, testFrameworkState=TestFrameworkState.AFTER_METHOD hookState=HookState.PRE instance=-507621420
15:15:34.123 [wikiAppTest@0] INFO  c.b.v2.framework.TestNgFramework - trackEvent: track hook events
15:15:34.136 [wikiAppTest@0] INFO  c.b.v2.framework.TestNgFramework - args CHECK = [TestResult name=tearDown status=STARTED method=AndroidBaseTest.tearDown()[pri:0, instance:app.android.AndroidTest@612e21b9] output={null}]
15:15:34.137 [wikiAppTest@0] INFO  c.b.v2.framework.TestNgFramework - Hook Started in PRE key = AFTER_METHOD & hook = {hook_name=tearDown, hook_result=pending, test_file_path=DemoTestngSDK/src/test/java/app/android/AndroidTest.java, event_started_at=2025-04-21T15:15:34.136997, hook_id=f85502c2-3196-4822-a12a-feb0360af946, hook_logs=[], key=AFTER_METHOD, custom_metadata={}, test_location=DemoTestngSDK/src/test/java/app/android/AndroidTest.java}  and args = [[TestResult name=tearDown status=STARTED method=AndroidBaseTest.tearDown()[pri:0, instance:app.android.AndroidTest@612e21b9] output={null}], AndroidBaseTest.tearDown()[pri:0, instance:app.android.AndroidTest@612e21b9]]
15:15:34.137 [wikiAppTest@0] INFO  c.b.v2.framework.TestNgFramework - trackHookEvents: hook state=AFTER_METHOD.HookState.PRE , hooks started={BEFORE_METHOD=[], AFTER_METHOD=[{hook_name=tearDown, hook_result=pending, test_file_path=DemoTestngSDK/src/test/java/app/android/AndroidTest.java, event_started_at=2025-04-21T15:15:34.136997, hook_id=f85502c2-3196-4822-a12a-feb0360af946, hook_logs=[], key=AFTER_METHOD, custom_metadata={}, test_location=DemoTestngSDK/src/test/java/app/android/AndroidTest.java}]} , hooks finished={BEFORE_METHOD=[{hook_name=setUp, hook_result=failed, test_file_path=DemoTestngSDK/src/test/java/app/android/AndroidTest.java, event_started_at=2025-04-21T15:15:31.047556, hook_id=f729de2b-82a3-421c-b5ab-3aed555f72ee, hook_logs=[], logs=[], key=BEFORE_METHOD, custom_metadata={}, event_ended_at=2025-04-21T15:15:32.878084, test_location=DemoTestngSDK/src/test/java/app/android/AndroidTest.java}], AFTER_METHOD=[]}
15:15:34.139 [wikiAppTest@0] INFO  c.b.v2.module.TestHubModule - sendTestFrameworkEvent: event=com.browserstack.v2.eventBus.Event@60582d4c, response=success: true

15:15:34.142 [tearDown@0] INFO  c.b.v2.framework.TestNgFramework - trackEvent: found instance, testFrameworkState=TestFrameworkState.AFTER_METHOD hookState=HookState.POST instance=-507621420
15:15:34.142 [tearDown@0] INFO  c.b.v2.framework.TestNgFramework - trackEvent: track hook events
15:15:34.153 [tearDown@0] INFO  c.b.v2.framework.TestNgFramework - args CHECK = [TestResult name=tearDown status=FAILURE method=AndroidBaseTest.tearDown()[pri:0, instance:app.android.AndroidTest@612e21b9] output={null}]
15:15:34.153 [tearDown@0] INFO  c.b.v2.framework.TestNgFramework - Hook List in Post [{hook_name=tearDown, hook_result=pending, test_file_path=DemoTestngSDK/src/test/java/app/android/AndroidTest.java, event_started_at=2025-04-21T15:15:34.136997, hook_id=f85502c2-3196-4822-a12a-feb0360af946, hook_logs=[], key=AFTER_METHOD, custom_metadata={}, test_location=DemoTestngSDK/src/test/java/app/android/AndroidTest.java}] and args = [[TestResult name=tearDown status=FAILURE method=AndroidBaseTest.tearDown()[pri:0, instance:app.android.AndroidTest@612e21b9] output={null}], AndroidBaseTest.tearDown()[pri:0, instance:app.android.AndroidTest@612e21b9]]
15:15:34.153 [tearDown@0] INFO  c.b.v2.framework.TestNgFramework - Processing HookLevel attachments from directory: /Users/nithyamani/.browserstack/UploadedAttachments-54/HookLevel
15:15:34.153 [tearDown@0] INFO  c.b.v2.framework.TestNgFramework - Checking hookLevelFiles: []
15:15:34.153 [tearDown@0] INFO  c.b.v2.framework.TestNgFramework - checking Paths of files = /Users/nithyamani/.browserstack/UploadedAttachments-54/HookLevel/BuildLevelHookEvent and abs path = /Users/nithyamani/.browserstack/UploadedAttachments-54/HookLevel/BuildLevelHookEvent 
15:15:34.153 [tearDown@0] INFO  c.b.v2.framework.TestNgFramework - Processing BuildLevelHookEvent attachments from directory: /Users/nithyamani/.browserstack/UploadedAttachments-54/HookLevel/BuildLevelHookEvent
15:15:34.153 [tearDown@0] INFO  c.b.v2.framework.TestNgFramework - Processing TestLevel attachments eventLogs: []
15:15:34.153 [tearDown@0] INFO  c.b.v2.framework.TestNgFramework - sendLogCreatedEvent: No Log Events to send
15:15:34.153 [tearDown@0] INFO  c.b.v2.framework.TestNgFramework - trackHookEvents: hook state=AFTER_METHOD.HookState.POST , hooks started={BEFORE_METHOD=[], AFTER_METHOD=[]} , hooks finished={BEFORE_METHOD=[{hook_name=setUp, hook_result=failed, test_file_path=DemoTestngSDK/src/test/java/app/android/AndroidTest.java, event_started_at=2025-04-21T15:15:31.047556, hook_id=f729de2b-82a3-421c-b5ab-3aed555f72ee, hook_logs=[], logs=[], key=BEFORE_METHOD, custom_metadata={}, event_ended_at=2025-04-21T15:15:32.878084, test_location=DemoTestngSDK/src/test/java/app/android/AndroidTest.java}], AFTER_METHOD=[{hook_name=tearDown, hook_result=failed, test_file_path=DemoTestngSDK/src/test/java/app/android/AndroidTest.java, event_started_at=2025-04-21T15:15:34.136997, hook_id=f85502c2-3196-4822-a12a-feb0360af946, hook_logs=[], logs=[], key=AFTER_METHOD, custom_metadata={}, event_ended_at=2025-04-21T15:15:34.153755, test_location=DemoTestngSDK/src/test/java/app/android/AndroidTest.java}]}
15:15:34.156 [tearDown@0] INFO  c.b.v2.module.TestHubModule - sendTestFrameworkEvent: event=com.browserstack.v2.eventBus.Event@7f1661f9, response=success: true

15:15:35.099 [main] INFO  com.browserstack.testOps.Listener - logCreated: CLI is active
15:15:35.099 [main] INFO  com.browserstack.testOps.Listener - logCreated: CLI is active
15:15:35.099 [main] INFO  com.browserstack.testOps.Listener - logCreated: CLI is active
15:15:35.099 [main] INFO  com.browserstack.testOps.Listener - logCreated: CLI is active
15:15:35.099 [main] INFO  com.browserstack.testOps.Listener - logCreated: CLI is active
15:15:35.130 [Thread-1] INFO  com.browserstack.testOps.Listener - onComplete: CLI is active
15:15:35.132 [Thread-1] INFO  com.browserstack.v2.SdkCLI - stop: cli stop triggered
15:15:48.774 [Thread-1] DEBUG com.browserstack.v2.SdkCLI - stop-bin-session=success: true

15:15:48.787 [Thread-1] INFO  com.browserstack.v2.SdkCLI - stop: shutting down CLI
15:15:50.497 [Thread-1] INFO  c.browserstack.utils.UtilityMethods - Visit https://observability.browserstack.com/builds/cp06xc9vltumrgfonagetfd7rnhok87cbyufhplb to view build report, insights, and many more debugging information all at one place!
15:15:50.498 [Thread-1] INFO  c.b.config.BrowserStackConfig - INFO
15:15:50.498 [Thread-1] INFO  c.browserstack.utils.UtilityMethods - View build on BrowserStack dashboard: 
15:15:50.498 [Thread-1] INFO  c.b.config.BrowserStackConfig - INFO
15:15:50.507 [Thread-1] INFO  c.browserstack.BrowserStackJavaAgent - SDK run ended for id: a191a8d7-2cb6-4a20-9598-eb006b8e799d, testhub id: cp06xc9vltumrgfonagetfd7rnhok87cbyufhplb
15:15:50.507 [Thread-1] INFO  c.b.config.BrowserStackConfig - INFO
